order_item_id,date_id,product_sk,customer_sk,channel_sk,store_sk,quantity,unit_price,discount_amount,line_total
5000000687,20240101,2,733,1,,1,16500.0,1650.0,14850.0
5000001951,20240101,2,1414,1,,3,15000.0,4500.0,40500.0
5000002021,20240101,2,576,1,,3,15000.0,2250.0,42750.0
5000002022,20240101,1,576,1,,2,12000.0,1200.0,22800.0
5000004041,20240101,1,785,1,,1,12600.0,252.0,12348.0
5000004077,20240101,2,209,2,4.0,3,16500.0,990.0,48510.0
5000004404,20240101,1,1415,2,4.0,3,12000.0,1800.0,34200.0
5000004405,20240101,2,1415,2,4.0,1,15750.0,787.5,14962.5
5000007642,20240101,2,1042,2,2.0,1,15000.0,0.0,15000.0
5000007731,20240101,2,349,1,,1,15000.0,300.0,14700.0
5000008569,20240101,1,768,1,,2,10800.0,432.0,21168.0
5000008570,20240101,1,768,1,,2,12000.0,480.0,23520.0
5000009469,20240101,1,1074,1,,2,12600.0,504.0,24696.0
5000009656,20240101,1,487,1,,2,12000.0,0.0,24000.0
5000010081,20240101,2,691,1,,1,15750.0,315.0,15435.0
5000010082,20240101,1,691,1,,1,12000.0,600.0,11400.0
5000010083,20240101,1,691,1,,2,12000.0,480.0,23520.0
5000011104,20240101,2,498,2,4.0,2,15000.0,600.0,29400.0
5000011105,20240101,1,498,2,4.0,1,10800.0,1080.0,9720.0
5000011896,20240101,1,1386,1,,2,12000.0,2400.0,21600.0
5000013117,20240101,1,88,1,,3,12000.0,3600.0,32400.0
5000014662,20240101,2,1290,1,,2,15000.0,3000.0,27000.0
5000015219,20240101,2,1200,1,,1,15750.0,787.5,14962.5
5000003257,20240102,1,449,1,,2,12000.0,2400.0,21600.0
5000003258,20240102,1,449,1,,2,12000.0,1200.0,22800.0
5000003259,20240102,2,449,1,,3,15000.0,900.0,44100.0
5000004021,20240102,1,104,2,4.0,3,12000.0,3600.0,32400.0
5000004303,20240102,1,1204,1,,3,12000.0,0.0,36000.0
5000005106,20240102,2,1323,2,2.0,3,15000.0,4500.0,40500.0
5000005614,20240102,1,1311,1,,1,12600.0,0.0,12600.0
5000006877,20240102,2,594,1,,2,15000.0,1500.0,28500.0
5000006878,20240102,2,594,1,,2,15000.0,600.0,29400.0
5000007398,20240102,1,1335,1,,1,10800.0,0.0,10800.0
5000008121,20240102,1,1263,1,,1,10800.0,1080.0,9720.0
5000008358,20240102,1,1346,1,,2,12000.0,480.0,23520.0
5000009202,20240102,1,1101,1,,1,10800.0,540.0,10260.0
5000009306,20240102,2,1390,1,,2,15000.0,600.0,29400.0
5000010137,20240102,1,597,1,,1,13200.0,264.0,12936.0
5000010836,20240102,2,1149,1,,2,15000.0,600.0,29400.0
5000010837,20240102,2,1149,1,,2,13500.0,540.0,26460.0
5000011189,20240102,1,308,2,3.0,3,12000.0,0.0,36000.0
5000011374,20240102,2,1342,1,,2,15750.0,3150.0,28350.0
5000011558,20240102,2,574,1,,1,16500.0,1650.0,14850.0
5000011559,20240102,1,574,1,,3,12000.0,1800.0,34200.0
5000011560,20240102,1,574,1,,2,12000.0,1200.0,22800.0
5000011758,20240102,1,719,1,,1,12000.0,1200.0,10800.0
5000011915,20240102,1,886,1,,2,12600.0,1260.0,23940.0
5000012022,20240102,1,129,2,4.0,2,12000.0,1200.0,22800.0
5000012638,20240102,2,287,1,,2,13500.0,0.0,27000.0
5000012639,20240102,2,287,1,,3,13500.0,810.0,39690.0
5000012912,20240102,2,948,1,,1,15000.0,0.0,15000.0
5000012942,20240102,2,887,1,,2,16500.0,1650.0,31350.0
5000013253,20240102,1,1287,1,,2,10800.0,1080.0,20520.0
5000014592,20240102,1,361,1,,3,12000.0,3600.0,32400.0
5000014593,20240102,1,361,1,,2,12000.0,0.0,24000.0
5000014651,20240102,2,6,1,,3,15000.0,2250.0,42750.0
5000016107,20240102,1,607,2,1.0,2,13200.0,2640.0,23760.0
5000016108,20240102,1,607,2,1.0,2,12000.0,480.0,23520.0
5000000191,20240103,1,1240,1,,3,12000.0,1800.0,34200.0
5000001004,20240103,2,196,1,,2,15000.0,3000.0,27000.0
5000001755,20240103,1,1303,2,1.0,1,10800.0,540.0,10260.0
5000001756,20240103,2,1303,2,1.0,2,15000.0,1500.0,28500.0
5000001955,20240103,1,489,1,,3,12600.0,0.0,37800.0
5000004773,20240103,2,485,1,,3,15000.0,4500.0,40500.0
5000004787,20240103,1,304,2,3.0,2,12600.0,0.0,25200.0
5000004972,20240103,2,1210,1,,2,15000.0,0.0,30000.0
5000005255,20240103,1,868,2,1.0,2,12000.0,1200.0,22800.0
5000005404,20240103,2,1340,1,,3,15000.0,0.0,45000.0
5000008307,20240103,2,311,1,,2,16500.0,0.0,33000.0
5000009436,20240103,1,701,1,,3,13200.0,1980.0,37620.0
5000009437,20240103,1,701,1,,2,12000.0,1200.0,22800.0
5000009438,20240103,2,701,1,,2,13500.0,1350.0,25650.0
5000012926,20240103,1,54,1,,2,13200.0,0.0,26400.0
5000012927,20240103,1,54,1,,2,12600.0,504.0,24696.0
5000013079,20240103,2,757,1,,2,15000.0,1500.0,28500.0
5000013668,20240103,1,100,2,4.0,1,12000.0,0.0,12000.0
5000013841,20240103,2,75,2,3.0,3,15000.0,900.0,44100.0
5000013842,20240103,2,75,2,3.0,3,15000.0,0.0,45000.0
5000015211,20240103,2,1268,1,,3,13500.0,2025.0,38475.0
5000015212,20240103,1,1268,1,,2,10800.0,1080.0,20520.0
5000015293,20240103,2,874,1,,3,15000.0,4500.0,40500.0
5000015537,20240103,2,1016,1,,2,15750.0,0.0,31500.0
5000015709,20240103,2,437,1,,3,15000.0,0.0,45000.0
5000015710,20240103,1,437,1,,2,12000.0,480.0,23520.0
5000015711,20240103,2,437,1,,1,13500.0,1350.0,12150.0
5000015863,20240103,1,1323,1,,2,13200.0,0.0,26400.0
5000000585,20240104,1,592,1,,2,12000.0,1200.0,22800.0
5000001246,20240104,2,1471,2,2.0,3,13500.0,810.0,39690.0
5000001247,20240104,2,1471,2,2.0,1,15000.0,300.0,14700.0
5000001940,20240104,1,703,1,,1,12000.0,1200.0,10800.0
5000002779,20240104,2,631,1,,1,15000.0,750.0,14250.0
5000002780,20240104,1,631,1,,1,12000.0,600.0,11400.0
5000003977,20240104,1,487,1,,3,12000.0,1800.0,34200.0
5000005157,20240104,2,1246,2,3.0,2,15000.0,600.0,29400.0
5000005158,20240104,1,1246,2,3.0,1,12000.0,240.0,11760.0
5000005349,20240104,1,609,1,,1,12000.0,600.0,11400.0
5000006879,20240104,2,719,1,,2,16500.0,660.0,32340.0
5000008942,20240104,1,668,2,2.0,1,13200.0,1320.0,11880.0
5000009513,20240104,2,1468,2,2.0,3,15000.0,4500.0,40500.0
5000009514,20240104,2,1468,2,2.0,3,13500.0,4050.0,36450.0
5000009515,20240104,2,1468,2,2.0,1,15000.0,0.0,15000.0
5000014793,20240104,1,353,1,,2,12000.0,0.0,24000.0
5000014923,20240104,2,1268,2,2.0,1,15000.0,750.0,14250.0
5000015598,20240104,2,1478,2,2.0,3,15000.0,0.0,45000.0
5000015741,20240104,1,1129,2,3.0,1,13200.0,1320.0,11880.0
5000015865,20240104,2,124,1,,1,15000.0,1500.0,13500.0
5000016126,20240104,1,741,2,1.0,1,12600.0,0.0,12600.0
5000016127,20240104,1,741,2,1.0,2,12000.0,1200.0,22800.0
5000000946,20240105,1,1406,2,4.0,1,12000.0,0.0,12000.0
5000001358,20240105,2,645,1,,3,15000.0,900.0,44100.0
5000002331,20240105,1,545,2,4.0,3,12000.0,1800.0,34200.0
5000002332,20240105,2,545,2,4.0,2,15000.0,1500.0,28500.0
5000002925,20240105,1,37,1,,1,12000.0,0.0,12000.0
5000004676,20240105,1,117,2,1.0,1,10800.0,1080.0,9720.0
5000008578,20240105,2,575,1,,2,15000.0,0.0,30000.0
5000008687,20240105,1,61,2,1.0,3,12000.0,3600.0,32400.0
5000008796,20240105,1,778,2,1.0,3,12000.0,720.0,35280.0
5000009168,20240105,1,565,1,,3,12000.0,720.0,35280.0
5000009248,20240105,2,1060,2,2.0,3,15000.0,0.0,45000.0
5000012854,20240105,2,162,1,,3,15000.0,4500.0,40500.0
5000013218,20240105,2,644,2,2.0,2,15000.0,3000.0,27000.0
5000013219,20240105,2,644,2,2.0,2,15000.0,0.0,30000.0
5000013555,20240105,2,462,2,1.0,2,15000.0,0.0,30000.0
5000014415,20240105,1,174,1,,1,12000.0,600.0,11400.0
5000015416,20240105,1,1471,2,4.0,3,10800.0,0.0,32400.0
5000015417,20240105,1,1471,2,4.0,1,12600.0,630.0,11970.0
5000015418,20240105,2,1471,2,4.0,2,13500.0,2700.0,24300.0
5000015682,20240105,2,1234,1,,2,15000.0,1500.0,28500.0
5000015683,20240105,1,1234,1,,1,12600.0,1260.0,11340.0
5000015976,20240105,1,1091,1,,1,12000.0,240.0,11760.0
5000015977,20240105,1,1091,1,,1,12000.0,600.0,11400.0
5000000185,20240106,1,279,2,3.0,3,12000.0,720.0,35280.0
5000000186,20240106,2,279,2,3.0,2,15000.0,3000.0,27000.0
5000003821,20240106,1,637,2,4.0,3,12000.0,0.0,36000.0
5000004559,20240106,1,241,2,4.0,1,12000.0,1200.0,10800.0
5000004818,20240106,2,535,1,,1,15000.0,750.0,14250.0
5000006049,20240106,2,1363,1,,2,13500.0,0.0,27000.0
5000007212,20240106,2,27,2,4.0,2,13500.0,0.0,27000.0
5000007451,20240106,1,825,1,,1,12000.0,600.0,11400.0
5000007675,20240106,1,75,1,,1,12000.0,240.0,11760.0
5000007676,20240106,1,75,1,,2,12600.0,2520.0,22680.0
5000011554,20240106,1,1456,1,,3,12000.0,0.0,36000.0
5000011557,20240106,2,112,1,,3,15000.0,2250.0,42750.0
5000011699,20240106,1,1311,1,,2,12600.0,504.0,24696.0
5000011916,20240106,1,235,1,,1,12000.0,600.0,11400.0
5000012571,20240106,2,114,2,4.0,1,15750.0,315.0,15435.0
5000012800,20240106,1,752,1,,3,12000.0,1800.0,34200.0
5000014844,20240106,1,227,1,,3,12600.0,3780.0,34020.0
5000014845,20240106,1,227,1,,2,12000.0,1200.0,22800.0
5000000681,20240107,2,457,1,,3,16500.0,0.0,49500.0
5000001023,20240107,1,1043,1,,3,12000.0,3600.0,32400.0
5000002878,20240107,1,381,1,,1,12000.0,240.0,11760.0
5000004576,20240107,1,396,2,2.0,3,12000.0,1800.0,34200.0
5000004846,20240107,1,1277,2,1.0,2,12000.0,2400.0,21600.0
5000005020,20240107,1,387,1,,2,10800.0,1080.0,20520.0
5000005021,20240107,2,387,1,,1,13500.0,1350.0,12150.0
5000005618,20240107,2,1111,1,,2,15750.0,630.0,30870.0
5000007148,20240107,2,164,1,,3,16500.0,2475.0,47025.0
5000007425,20240107,1,1456,2,4.0,1,10800.0,216.0,10584.0
5000009477,20240107,1,346,2,2.0,1,10800.0,540.0,10260.0
5000009478,20240107,1,346,2,2.0,1,12000.0,240.0,11760.0
5000010489,20240107,1,817,2,3.0,2,12000.0,480.0,23520.0
5000010490,20240107,1,817,2,3.0,2,10800.0,432.0,21168.0
5000011551,20240107,1,1336,2,1.0,2,10800.0,432.0,21168.0
5000011552,20240107,1,1336,2,1.0,2,12000.0,1200.0,22800.0
5000011914,20240107,2,664,1,,1,15000.0,1500.0,13500.0
5000013376,20240107,1,1415,1,,3,12000.0,720.0,35280.0
5000013614,20240107,2,505,2,2.0,3,15750.0,0.0,47250.0
5000013615,20240107,1,505,2,2.0,3,12000.0,720.0,35280.0
5000016019,20240107,2,808,1,,2,16500.0,3300.0,29700.0
5000016020,20240107,2,808,1,,3,15000.0,2250.0,42750.0
5000000210,20240108,1,385,2,2.0,1,10800.0,1080.0,9720.0
5000000644,20240108,1,445,1,,1,12000.0,0.0,12000.0
5000000920,20240108,1,1158,2,2.0,2,12000.0,2400.0,21600.0
5000001891,20240108,2,890,2,4.0,3,15000.0,0.0,45000.0
5000002230,20240108,2,166,1,,1,13500.0,675.0,12825.0
5000002756,20240108,1,1261,2,3.0,3,12000.0,3600.0,32400.0
5000002757,20240108,2,1261,2,3.0,3,15000.0,900.0,44100.0
5000002822,20240108,2,373,1,,2,15000.0,3000.0,27000.0
5000003177,20240108,1,1216,1,,3,13200.0,0.0,39600.0
5000005649,20240108,1,677,1,,1,12000.0,240.0,11760.0
5000006214,20240108,1,1359,1,,3,13200.0,0.0,39600.0
5000007622,20240108,1,1038,1,,3,10800.0,0.0,32400.0
5000011593,20240108,2,584,2,1.0,1,13500.0,0.0,13500.0
5000012085,20240108,2,460,1,,2,15750.0,3150.0,28350.0
5000012456,20240108,1,1216,2,3.0,1,12000.0,0.0,12000.0
5000013722,20240108,1,417,1,,2,12000.0,480.0,23520.0
5000000969,20240109,1,1036,1,,3,12000.0,0.0,36000.0
5000001239,20240109,1,58,2,3.0,1,12000.0,1200.0,10800.0
5000001240,20240109,2,58,2,3.0,1,15750.0,315.0,15435.0
5000002047,20240109,1,739,2,3.0,2,12000.0,2400.0,21600.0
5000002186,20240109,1,741,1,,2,12000.0,2400.0,21600.0
5000002196,20240109,1,156,2,2.0,2,10800.0,0.0,21600.0
5000003183,20240109,1,536,1,,3,12000.0,3600.0,32400.0
5000003252,20240109,1,377,2,4.0,1,12000.0,600.0,11400.0
5000003253,20240109,2,377,2,4.0,3,15000.0,0.0,45000.0
5000003281,20240109,2,520,1,,3,13500.0,0.0,40500.0
5000003357,20240109,1,991,2,2.0,1,12000.0,240.0,11760.0
5000003358,20240109,1,991,2,2.0,1,12600.0,0.0,12600.0
5000003961,20240109,2,18,2,3.0,3,15000.0,0.0,45000.0
5000004413,20240109,2,1223,2,1.0,2,16500.0,660.0,32340.0
5000004414,20240109,2,1223,2,1.0,3,15000.0,2250.0,42750.0
5000004511,20240109,1,936,2,4.0,1,12000.0,600.0,11400.0
5000004512,20240109,1,936,2,4.0,2,12000.0,2400.0,21600.0
5000005752,20240109,1,1320,2,2.0,1,13200.0,1320.0,11880.0
5000006763,20240109,1,147,2,4.0,1,12000.0,240.0,11760.0
5000006860,20240109,1,247,2,4.0,3,12000.0,3600.0,32400.0
5000006905,20240109,1,1367,1,,3,12000.0,0.0,36000.0
5000009246,20240109,2,754,1,,2,15000.0,0.0,30000.0
5000009528,20240109,1,1204,1,,3,13200.0,1980.0,37620.0
5000009529,20240109,2,1204,1,,1,15000.0,750.0,14250.0
5000009903,20240109,1,1001,1,,3,12000.0,3600.0,32400.0
5000009904,20240109,2,1001,1,,2,15000.0,600.0,29400.0
5000009905,20240109,2,1001,1,,1,15000.0,0.0,15000.0
5000009950,20240109,2,1450,1,,1,15000.0,300.0,14700.0
5000009951,20240109,1,1450,1,,3,13200.0,0.0,39600.0
5000010710,20240109,1,556,1,,2,12000.0,1200.0,22800.0
5000010877,20240109,2,602,1,,2,13500.0,1350.0,25650.0
5000012042,20240109,1,331,2,3.0,3,12000.0,1800.0,34200.0
5000012607,20240109,2,1339,2,3.0,2,15000.0,3000.0,27000.0
5000012608,20240109,2,1339,2,3.0,3,13500.0,4050.0,36450.0
5000012761,20240109,2,351,2,4.0,2,15000.0,3000.0,27000.0
5000012762,20240109,1,351,2,4.0,2,12600.0,1260.0,23940.0
5000012763,20240109,1,351,2,4.0,2,12000.0,2400.0,21600.0
5000014427,20240109,2,354,2,2.0,3,15000.0,900.0,44100.0
5000014453,20240109,2,854,2,2.0,3,15000.0,4500.0,40500.0
5000014454,20240109,1,854,2,2.0,1,12000.0,1200.0,10800.0
5000015012,20240109,2,358,1,,3,16500.0,2475.0,47025.0
5000015866,20240109,1,918,1,,2,12000.0,1200.0,22800.0
5000001356,20240110,2,453,1,,2,13500.0,1350.0,25650.0
5000002421,20240110,1,852,2,3.0,2,12600.0,2520.0,22680.0
5000003506,20240110,2,52,1,,2,15750.0,0.0,31500.0
5000005253,20240110,1,1221,2,3.0,1,12000.0,1200.0,10800.0
5000005254,20240110,2,1221,2,3.0,3,13500.0,4050.0,36450.0
5000007660,20240110,1,1306,2,3.0,2,13200.0,528.0,25872.0
5000007661,20240110,2,1306,2,3.0,2,15750.0,3150.0,28350.0
5000007662,20240110,2,1306,2,3.0,1,15000.0,0.0,15000.0
5000007682,20240110,1,13,1,,3,12600.0,756.0,37044.0
5000009267,20240110,2,1495,1,,1,15750.0,787.5,14962.5
5000009268,20240110,1,1495,1,,1,10800.0,1080.0,9720.0
5000010161,20240110,2,758,2,4.0,3,15750.0,945.0,46305.0
5000011188,20240110,1,980,1,,2,12000.0,480.0,23520.0
5000012048,20240110,2,527,1,,1,15750.0,0.0,15750.0
5000012374,20240110,2,451,1,,2,15750.0,3150.0,28350.0
5000012375,20240110,2,451,1,,1,15000.0,750.0,14250.0
5000014016,20240110,1,565,2,2.0,3,12000.0,1800.0,34200.0
5000014017,20240110,1,565,2,2.0,3,13200.0,1980.0,37620.0
5000014274,20240110,1,1022,2,3.0,2,12600.0,2520.0,22680.0
5000014275,20240110,2,1022,2,3.0,2,15000.0,0.0,30000.0
5000014276,20240110,2,1022,2,3.0,2,13500.0,540.0,26460.0
5000015340,20240110,1,1192,1,,2,10800.0,0.0,21600.0
5000015341,20240110,1,1192,1,,2,12000.0,480.0,23520.0
5000015342,20240110,2,1192,1,,3,15000.0,0.0,45000.0
5000015908,20240110,1,1156,1,,2,10800.0,0.0,21600.0
5000001055,20240111,2,1247,2,3.0,2,15000.0,1500.0,28500.0
5000001056,20240111,1,1247,2,3.0,3,10800.0,648.0,31752.0
5000002706,20240111,1,560,1,,1,12600.0,0.0,12600.0
5000004840,20240111,1,117,1,,1,10800.0,216.0,10584.0
5000004841,20240111,1,117,1,,3,13200.0,1980.0,37620.0
5000005194,20240111,2,1433,2,2.0,3,15000.0,900.0,44100.0
5000005306,20240111,2,1120,2,4.0,2,15750.0,630.0,30870.0
5000005798,20240111,2,450,1,,1,15000.0,1500.0,13500.0
5000006388,20240111,1,427,2,1.0,2,12600.0,0.0,25200.0
5000006720,20240111,2,1424,1,,1,15000.0,300.0,14700.0
5000008306,20240111,1,987,2,1.0,3,10800.0,648.0,31752.0
5000009941,20240111,2,253,2,3.0,3,15000.0,4500.0,40500.0
5000012178,20240111,2,1366,2,4.0,3,15000.0,0.0,45000.0
5000012370,20240111,1,137,2,4.0,1,12000.0,1200.0,10800.0
5000012371,20240111,1,137,2,4.0,1,12000.0,0.0,12000.0
5000012410,20240111,1,835,1,,2,10800.0,0.0,21600.0
5000014569,20240111,1,584,1,,2,12000.0,2400.0,21600.0
5000014570,20240111,1,584,1,,1,10800.0,0.0,10800.0
5000014702,20240111,2,1409,2,2.0,1,13500.0,1350.0,12150.0
5000015644,20240111,2,366,2,3.0,3,15750.0,0.0,47250.0
5000015667,20240111,2,770,1,,3,15750.0,945.0,46305.0
5000000054,20240112,1,585,2,1.0,2,12000.0,2400.0,21600.0
5000000069,20240112,2,276,1,,2,16500.0,0.0,33000.0
5000000630,20240112,1,56,2,1.0,3,12000.0,1800.0,34200.0
5000001088,20240112,2,852,1,,1,13500.0,1350.0,12150.0
5000002184,20240112,1,746,1,,3,13200.0,1980.0,37620.0
5000003021,20240112,2,1379,1,,2,15000.0,3000.0,27000.0
5000005496,20240112,1,344,2,1.0,3,12000.0,1800.0,34200.0
5000006386,20240112,1,685,1,,1,12000.0,0.0,12000.0
5000011958,20240112,1,295,1,,1,12000.0,600.0,11400.0
5000011959,20240112,1,295,1,,3,12000.0,720.0,35280.0
5000012524,20240112,1,177,2,1.0,2,10800.0,2160.0,19440.0
5000012525,20240112,2,177,2,1.0,1,15750.0,787.5,14962.5
5000012526,20240112,1,177,2,1.0,1,13200.0,660.0,12540.0
5000013105,20240112,1,423,1,,1,12000.0,0.0,12000.0
5000013492,20240112,2,918,2,3.0,1,15000.0,1500.0,13500.0
5000014882,20240112,2,1486,1,,2,13500.0,2700.0,24300.0
5000015198,20240112,2,203,2,1.0,1,15000.0,1500.0,13500.0
5000000703,20240113,1,32,1,,2,12000.0,2400.0,21600.0
5000000759,20240113,1,1385,1,,3,12000.0,720.0,35280.0
5000001189,20240113,2,960,2,3.0,2,15000.0,0.0,30000.0
5000001190,20240113,2,960,2,3.0,2,15750.0,630.0,30870.0
5000001429,20240113,1,1015,1,,2,10800.0,1080.0,20520.0
5000001430,20240113,1,1015,1,,2,12000.0,2400.0,21600.0
5000002315,20240113,1,478,2,4.0,1,12000.0,240.0,11760.0
5000002384,20240113,2,274,2,2.0,1,15000.0,1500.0,13500.0
5000003562,20240113,1,1064,2,3.0,1,12000.0,1200.0,10800.0
5000004615,20240113,1,576,2,4.0,2,12000.0,480.0,23520.0
5000005299,20240113,1,76,1,,3,12000.0,3600.0,32400.0
5000006175,20240113,1,969,2,3.0,3,12000.0,1800.0,34200.0
5000006176,20240113,2,969,2,3.0,2,15000.0,3000.0,27000.0
5000009435,20240113,1,353,1,,3,12000.0,720.0,35280.0
5000010401,20240113,1,1416,2,2.0,2,13200.0,0.0,26400.0
5000010402,20240113,2,1416,2,2.0,3,15000.0,2250.0,42750.0
5000010403,20240113,2,1416,2,2.0,3,15000.0,900.0,44100.0
5000010419,20240113,2,580,1,,2,15000.0,0.0,30000.0
5000010420,20240113,2,580,1,,3,16500.0,0.0,49500.0
5000010510,20240113,2,508,1,,1,13500.0,270.0,13230.0
5000010522,20240113,1,1398,2,1.0,1,13200.0,660.0,12540.0
5000011192,20240113,2,45,1,,1,13500.0,1350.0,12150.0
5000011193,20240113,2,45,1,,2,15000.0,600.0,29400.0
5000011194,20240113,1,45,1,,1,12000.0,240.0,11760.0
5000012346,20240113,1,878,1,,3,12000.0,3600.0,32400.0
5000012443,20240113,1,1010,1,,3,12000.0,3600.0,32400.0
5000012444,20240113,1,1010,1,,1,13200.0,264.0,12936.0
5000012445,20240113,1,384,1,,3,12000.0,1800.0,34200.0
5000013814,20240113,1,1122,1,,1,10800.0,540.0,10260.0
5000014324,20240113,1,145,1,,2,12000.0,0.0,24000.0
5000015127,20240113,1,1309,2,4.0,1,12600.0,0.0,12600.0
5000015653,20240113,1,334,1,,1,12600.0,252.0,12348.0
5000016085,20240113,2,1465,2,1.0,1,15000.0,1500.0,13500.0
5000016086,20240113,1,1465,2,1.0,3,12000.0,1800.0,34200.0
5000000062,20240114,2,1005,2,3.0,1,15000.0,750.0,14250.0
5000000063,20240114,1,1005,2,3.0,1,10800.0,540.0,10260.0
5000002784,20240114,2,831,2,2.0,3,15000.0,900.0,44100.0
5000002959,20240114,1,167,1,,1,12000.0,600.0,11400.0
5000003656,20240114,1,846,2,2.0,3,12600.0,0.0,37800.0
5000003717,20240114,1,1184,2,1.0,1,13200.0,1320.0,11880.0
5000005455,20240114,2,51,1,,1,13500.0,0.0,13500.0
5000006654,20240114,1,130,1,,3,12600.0,756.0,37044.0
5000008240,20240114,2,713,1,,3,15000.0,2250.0,42750.0
5000008892,20240114,2,91,2,4.0,3,15000.0,2250.0,42750.0
5000008893,20240114,2,91,2,4.0,3,15000.0,4500.0,40500.0
5000008894,20240114,2,91,2,4.0,1,16500.0,1650.0,14850.0
5000009197,20240114,1,980,1,,1,10800.0,216.0,10584.0
5000009372,20240114,1,559,1,,2,12000.0,0.0,24000.0
5000010585,20240114,2,1279,2,4.0,2,15000.0,600.0,29400.0
5000011250,20240114,1,501,1,,2,12000.0,480.0,23520.0
5000013395,20240114,2,473,1,,1,15750.0,1575.0,14175.0
5000013504,20240114,2,1275,1,,1,16500.0,825.0,15675.0
5000000498,20240115,2,977,1,,2,15000.0,0.0,30000.0
5000001242,20240115,1,818,1,,3,12000.0,0.0,36000.0
5000002520,20240115,2,903,2,4.0,3,15000.0,2250.0,42750.0
5000003459,20240115,1,1239,1,,1,13200.0,0.0,13200.0
5000004599,20240115,2,434,2,2.0,2,15000.0,600.0,29400.0
5000004600,20240115,2,434,2,2.0,3,13500.0,4050.0,36450.0
5000004814,20240115,2,683,2,1.0,3,16500.0,2475.0,47025.0
5000005574,20240115,2,469,2,1.0,1,15000.0,750.0,14250.0
5000005591,20240115,1,1255,1,,1,12000.0,600.0,11400.0
5000006218,20240115,1,29,1,,2,13200.0,2640.0,23760.0
5000008094,20240115,2,125,1,,2,15750.0,630.0,30870.0
5000008095,20240115,1,125,1,,2,12000.0,2400.0,21600.0
5000008347,20240115,1,1084,1,,2,12000.0,480.0,23520.0
5000010934,20240115,1,853,2,4.0,3,13200.0,0.0,39600.0
5000011850,20240115,2,394,1,,1,13500.0,0.0,13500.0
5000012769,20240115,1,1496,2,2.0,1,12000.0,0.0,12000.0
5000012775,20240115,2,874,2,4.0,3,15750.0,0.0,47250.0
5000013324,20240115,2,1208,2,1.0,2,15000.0,1500.0,28500.0
5000013460,20240115,1,1173,1,,3,10800.0,648.0,31752.0
5000013708,20240115,2,814,2,4.0,3,16500.0,990.0,48510.0
5000013824,20240115,1,217,2,3.0,2,12000.0,480.0,23520.0
5000013825,20240115,1,217,2,3.0,2,13200.0,528.0,25872.0
5000002666,20240116,1,177,1,,1,12000.0,0.0,12000.0
5000003072,20240116,1,18,1,,1,12600.0,0.0,12600.0
5000003187,20240116,2,1405,2,1.0,3,15000.0,0.0,45000.0
5000003397,20240116,1,358,1,,3,13200.0,3960.0,35640.0
5000004522,20240116,1,1234,2,4.0,3,12000.0,1800.0,34200.0
5000005398,20240116,1,1327,1,,2,12000.0,480.0,23520.0
5000005399,20240116,1,1327,1,,1,12000.0,600.0,11400.0
5000005598,20240116,1,967,1,,2,12000.0,1200.0,22800.0
5000006617,20240116,1,724,2,2.0,2,12000.0,2400.0,21600.0
5000007733,20240116,2,381,1,,3,15000.0,0.0,45000.0
5000008432,20240116,1,63,2,4.0,1,13200.0,660.0,12540.0
5000008433,20240116,2,63,2,4.0,2,15000.0,1500.0,28500.0
5000008434,20240116,2,63,2,4.0,1,15000.0,1500.0,13500.0
5000010878,20240116,1,884,1,,2,12000.0,0.0,24000.0
5000010879,20240116,1,884,1,,2,10800.0,432.0,21168.0
5000011308,20240116,2,695,1,,1,15000.0,0.0,15000.0
5000011309,20240116,1,695,1,,3,12000.0,0.0,36000.0
5000011409,20240116,1,738,1,,3,12000.0,720.0,35280.0
5000011562,20240116,2,313,1,,2,15000.0,1500.0,28500.0
5000011853,20240116,2,1191,1,,3,15000.0,2250.0,42750.0
5000012068,20240116,2,524,2,4.0,2,13500.0,540.0,26460.0
5000012069,20240116,1,524,2,4.0,2,12000.0,480.0,23520.0
5000012888,20240116,1,548,2,2.0,3,12000.0,720.0,35280.0
5000012889,20240116,2,548,2,2.0,1,15750.0,0.0,15750.0
5000013926,20240116,1,897,1,,3,12000.0,720.0,35280.0
5000014189,20240116,2,855,2,4.0,2,15000.0,0.0,30000.0
5000014306,20240116,2,981,1,,1,15750.0,0.0,15750.0
5000014307,20240116,1,981,1,,3,10800.0,648.0,31752.0
5000015485,20240116,1,928,1,,2,10800.0,432.0,21168.0
5000015486,20240116,2,928,1,,1,15000.0,0.0,15000.0
5000015745,20240116,1,598,2,4.0,2,12000.0,480.0,23520.0
5000001795,20240117,2,692,1,,3,15750.0,0.0,47250.0
5000003004,20240117,1,272,1,,3,12000.0,720.0,35280.0
5000005996,20240117,2,751,1,,1,15000.0,0.0,15000.0
5000005997,20240117,1,751,1,,3,13200.0,0.0,39600.0
5000006140,20240117,2,539,1,,2,15750.0,3150.0,28350.0
5000006141,20240117,2,539,1,,1,15000.0,750.0,14250.0
5000007185,20240117,1,1220,2,3.0,3,13200.0,3960.0,35640.0
5000007363,20240117,2,1034,1,,3,16500.0,4950.0,44550.0
5000007753,20240117,2,1339,1,,2,15000.0,0.0,30000.0
5000007754,20240117,1,1339,1,,3,12000.0,3600.0,32400.0
5000008144,20240117,1,920,2,2.0,1,10800.0,1080.0,9720.0
5000008509,20240117,1,195,2,2.0,3,10800.0,0.0,32400.0
5000008510,20240117,2,195,2,2.0,2,15000.0,1500.0,28500.0
5000008598,20240117,2,851,2,4.0,3,15000.0,4500.0,40500.0
5000009353,20240117,2,1289,2,3.0,1,15750.0,0.0,15750.0
5000009402,20240117,2,843,2,3.0,1,16500.0,1650.0,14850.0
5000009403,20240117,2,843,2,3.0,2,13500.0,0.0,27000.0
5000009404,20240117,2,843,2,3.0,2,15000.0,3000.0,27000.0
5000009431,20240117,1,270,2,1.0,1,10800.0,216.0,10584.0
5000010665,20240117,2,486,1,,3,15000.0,900.0,44100.0
5000010839,20240117,2,1457,1,,2,15000.0,600.0,29400.0
5000011532,20240117,2,1062,2,4.0,2,15000.0,0.0,30000.0
5000012844,20240117,1,1173,1,,3,12000.0,720.0,35280.0
5000013326,20240117,2,75,2,4.0,1,15000.0,300.0,14700.0
5000014658,20240117,1,797,1,,3,12000.0,0.0,36000.0
5000015894,20240117,1,29,1,,2,13200.0,2640.0,23760.0
5000001529,20240118,1,598,2,4.0,1,12000.0,0.0,12000.0
5000001857,20240118,2,195,2,2.0,2,15000.0,1500.0,28500.0
5000002691,20240118,2,321,1,,3,16500.0,2475.0,47025.0
5000003058,20240118,1,1015,1,,2,12000.0,2400.0,21600.0
5000003059,20240118,2,1015,1,,1,15000.0,1500.0,13500.0
5000003458,20240118,2,938,1,,2,15000.0,0.0,30000.0
5000004169,20240118,2,353,2,1.0,3,15000.0,2250.0,42750.0
5000004170,20240118,1,353,2,1.0,2,13200.0,2640.0,23760.0
5000005155,20240118,1,735,1,,1,12600.0,0.0,12600.0
5000005156,20240118,1,735,1,,2,12000.0,2400.0,21600.0
5000005291,20240118,2,280,1,,3,13500.0,0.0,40500.0
5000006195,20240118,2,694,1,,2,13500.0,2700.0,24300.0
5000007574,20240118,1,456,1,,3,10800.0,648.0,31752.0
5000007882,20240118,2,1413,1,,1,15000.0,1500.0,13500.0
5000007890,20240118,2,1363,1,,1,16500.0,825.0,15675.0
5000007988,20240118,1,882,2,4.0,2,10800.0,1080.0,20520.0
5000008187,20240118,1,1426,1,,3,12000.0,720.0,35280.0
5000009186,20240118,2,312,1,,1,13500.0,270.0,13230.0
5000009187,20240118,1,312,1,,2,10800.0,432.0,21168.0
5000009620,20240118,1,1180,2,2.0,1,10800.0,216.0,10584.0
5000009621,20240118,2,1180,2,2.0,1,15750.0,1575.0,14175.0
5000009622,20240118,1,1180,2,2.0,2,10800.0,432.0,21168.0
5000010481,20240118,2,822,1,,2,15000.0,0.0,30000.0
5000010482,20240118,2,822,1,,1,15000.0,0.0,15000.0
5000010765,20240118,1,1242,1,,1,12000.0,600.0,11400.0
5000010766,20240118,1,1242,1,,2,12000.0,480.0,23520.0
5000011947,20240118,1,538,2,1.0,3,13200.0,1980.0,37620.0
5000015970,20240118,1,383,1,,1,12600.0,630.0,11970.0
5000015971,20240118,1,383,1,,3,12000.0,720.0,35280.0
5000001512,20240119,1,493,1,,2,12000.0,2400.0,21600.0
5000002436,20240119,2,1115,2,1.0,2,15000.0,0.0,30000.0
5000002894,20240119,1,1113,2,3.0,2,12600.0,2520.0,22680.0
5000003286,20240119,1,382,2,3.0,1,10800.0,1080.0,9720.0
5000003287,20240119,1,382,2,3.0,2,12000.0,2400.0,21600.0
5000004921,20240119,2,125,1,,1,15000.0,300.0,14700.0
5000005046,20240119,2,820,1,,1,15000.0,750.0,14250.0
5000008923,20240119,1,1144,1,,1,12600.0,1260.0,11340.0
5000010115,20240119,2,1432,1,,1,15000.0,750.0,14250.0
5000010116,20240119,1,1432,1,,2,12000.0,2400.0,21600.0
5000010662,20240119,2,827,2,1.0,1,15000.0,300.0,14700.0
5000010663,20240119,2,827,2,1.0,2,15000.0,1500.0,28500.0
5000010892,20240119,1,533,1,,3,12600.0,0.0,37800.0
5000010893,20240119,1,533,1,,3,12000.0,0.0,36000.0
5000010894,20240119,2,533,1,,3,15750.0,2362.5,44887.5
5000012656,20240119,1,330,1,,1,12000.0,0.0,12000.0
5000012657,20240119,2,330,1,,1,15000.0,300.0,14700.0
5000013309,20240119,2,622,2,4.0,3,15000.0,4500.0,40500.0
5000014161,20240119,1,1044,1,,1,12600.0,252.0,12348.0
5000014162,20240119,1,1044,1,,1,12000.0,600.0,11400.0
5000014847,20240119,1,112,1,,1,12600.0,252.0,12348.0
5000014848,20240119,1,112,1,,1,12000.0,240.0,11760.0
5000000577,20240120,1,678,1,,3,13200.0,1980.0,37620.0
5000001917,20240120,1,458,2,4.0,3,12000.0,3600.0,32400.0
5000001918,20240120,1,458,2,4.0,2,10800.0,432.0,21168.0
5000002528,20240120,1,737,1,,1,12000.0,1200.0,10800.0
5000003190,20240120,1,1200,2,4.0,3,12000.0,3600.0,32400.0
5000006485,20240120,2,922,1,,2,15000.0,3000.0,27000.0
5000006486,20240120,2,922,1,,1,16500.0,330.0,16170.0
5000006539,20240120,2,1500,2,4.0,1,15750.0,0.0,15750.0
5000007169,20240120,1,1475,1,,3,12000.0,0.0,36000.0
5000007170,20240120,2,1475,1,,1,13500.0,0.0,13500.0
5000008794,20240120,1,942,2,4.0,3,12600.0,756.0,37044.0
5000009084,20240120,1,412,1,,3,12000.0,0.0,36000.0
5000010542,20240120,2,151,2,4.0,2,15000.0,600.0,29400.0
5000011210,20240120,1,971,1,,3,12000.0,0.0,36000.0
5000011211,20240120,1,971,1,,3,12000.0,720.0,35280.0
5000012293,20240120,2,1041,2,2.0,1,15000.0,1500.0,13500.0
5000012294,20240120,1,1041,2,2.0,1,13200.0,0.0,13200.0
5000013039,20240120,2,409,2,4.0,3,13500.0,4050.0,36450.0
5000013104,20240120,2,1419,1,,3,15000.0,0.0,45000.0
5000014777,20240120,1,99,2,3.0,1,12000.0,240.0,11760.0
5000015427,20240120,2,800,2,2.0,2,15000.0,1500.0,28500.0
5000015428,20240120,1,800,2,2.0,2,12000.0,0.0,24000.0
5000000158,20240121,1,1222,2,1.0,1,13200.0,264.0,12936.0
5000003536,20240121,1,1414,1,,1,12000.0,0.0,12000.0
5000003908,20240121,2,596,2,4.0,2,13500.0,2700.0,24300.0
5000004336,20240121,1,918,2,3.0,3,13200.0,1980.0,37620.0
5000005252,20240121,1,803,1,,2,10800.0,0.0,21600.0
5000006575,20240121,1,497,1,,2,13200.0,0.0,26400.0
5000007076,20240121,1,703,2,1.0,1,13200.0,0.0,13200.0
5000012052,20240121,1,1273,1,,1,13200.0,0.0,13200.0
5000012053,20240121,2,1273,1,,1,15000.0,750.0,14250.0
5000012054,20240121,1,1273,1,,3,13200.0,0.0,39600.0
5000012508,20240121,2,204,2,4.0,1,15750.0,1575.0,14175.0
5000012845,20240121,1,299,1,,2,10800.0,2160.0,19440.0
5000013166,20240121,2,215,1,,2,13500.0,2700.0,24300.0
5000013167,20240121,2,215,1,,2,15000.0,3000.0,27000.0
5000001283,20240122,1,727,2,3.0,3,12000.0,0.0,36000.0
5000002498,20240122,1,1114,1,,1,12000.0,1200.0,10800.0
5000002499,20240122,2,1114,1,,1,15000.0,1500.0,13500.0
5000004658,20240122,1,343,1,,3,10800.0,0.0,32400.0
5000008394,20240122,1,928,1,,2,12000.0,2400.0,21600.0
5000008395,20240122,2,928,1,,1,13500.0,1350.0,12150.0
5000008555,20240122,2,1323,2,3.0,2,15000.0,1500.0,28500.0
5000010241,20240122,1,1188,2,1.0,3,12600.0,1890.0,35910.0
5000010242,20240122,1,1188,2,1.0,2,13200.0,2640.0,23760.0
5000010554,20240122,2,1454,1,,2,15000.0,0.0,30000.0
5000011268,20240122,2,877,1,,1,13500.0,0.0,13500.0
5000011295,20240122,1,1268,1,,3,12000.0,3600.0,32400.0
5000011705,20240122,1,1350,1,,2,10800.0,2160.0,19440.0
5000011900,20240122,2,950,1,,3,16500.0,990.0,48510.0
5000012094,20240122,2,1250,1,,3,13500.0,0.0,40500.0
5000013815,20240122,1,94,2,3.0,1,12000.0,600.0,11400.0
5000013816,20240122,2,94,2,3.0,3,15000.0,900.0,44100.0
5000014101,20240122,2,32,2,4.0,3,16500.0,2475.0,47025.0
5000014102,20240122,1,32,2,4.0,2,12600.0,504.0,24696.0
5000014103,20240122,1,32,2,4.0,2,12600.0,1260.0,23940.0
5000014218,20240122,2,1012,2,3.0,2,15750.0,0.0,31500.0
5000014219,20240122,1,1012,2,3.0,3,12600.0,0.0,37800.0
5000015639,20240122,1,1184,1,,3,12600.0,3780.0,34020.0
5000015768,20240122,1,1001,1,,1,12000.0,240.0,11760.0
5000015769,20240122,2,1001,1,,2,15000.0,600.0,29400.0
5000001176,20240123,1,307,1,,2,12000.0,0.0,24000.0
5000001177,20240123,2,307,1,,3,15000.0,4500.0,40500.0
5000002705,20240123,2,304,1,,2,16500.0,660.0,32340.0
5000004619,20240123,1,590,1,,3,12000.0,0.0,36000.0
5000004620,20240123,2,590,1,,1,13500.0,270.0,13230.0
5000007062,20240123,1,456,2,3.0,1,12000.0,1200.0,10800.0
5000011884,20240123,2,1037,1,,1,15000.0,300.0,14700.0
5000012017,20240123,1,7,1,,1,10800.0,540.0,10260.0
5000012032,20240123,1,271,1,,3,12000.0,1800.0,34200.0
5000012033,20240123,2,271,1,,1,15000.0,300.0,14700.0
5000014461,20240123,1,268,1,,2,12600.0,504.0,24696.0
5000014462,20240123,2,268,1,,3,15750.0,4725.0,42525.0
5000014596,20240123,1,298,1,,3,13200.0,3960.0,35640.0
5000014863,20240123,2,47,2,1.0,3,15000.0,4500.0,40500.0
5000015723,20240123,2,7,1,,2,15750.0,1575.0,29925.0
5000001669,20240124,2,1438,1,,1,15000.0,0.0,15000.0
5000001759,20240124,1,942,1,,1,12000.0,1200.0,10800.0
5000001760,20240124,1,942,1,,2,12000.0,2400.0,21600.0
5000001830,20240124,1,1158,2,3.0,3,12000.0,720.0,35280.0
5000004100,20240124,2,447,1,,2,15000.0,1500.0,28500.0
5000009158,20240124,2,773,2,1.0,3,13500.0,810.0,39690.0
5000009159,20240124,1,773,2,1.0,2,10800.0,2160.0,19440.0
5000009780,20240124,1,915,1,,2,12600.0,504.0,24696.0
5000010096,20240124,2,1008,1,,3,15000.0,4500.0,40500.0
5000010145,20240124,1,951,2,3.0,1,13200.0,264.0,12936.0
5000012709,20240124,2,562,1,,1,15000.0,0.0,15000.0
5000012710,20240124,2,562,1,,2,15000.0,600.0,29400.0
5000012771,20240124,1,300,2,2.0,2,12000.0,1200.0,22800.0
5000015850,20240124,2,522,2,1.0,2,13500.0,0.0,27000.0
5000016014,20240124,2,820,1,,2,16500.0,0.0,33000.0
5000000182,20240125,1,902,2,4.0,3,13200.0,0.0,39600.0
5000001373,20240125,2,370,1,,2,15000.0,600.0,29400.0
5000001374,20240125,1,370,1,,1,12000.0,240.0,11760.0
5000002113,20240125,1,775,2,3.0,1,12000.0,1200.0,10800.0
5000002366,20240125,2,992,2,4.0,2,15000.0,3000.0,27000.0
5000002775,20240125,2,1359,1,,2,15000.0,1500.0,28500.0
5000002776,20240125,1,1359,1,,2,12000.0,480.0,23520.0
5000002777,20240125,1,1359,1,,3,12600.0,1890.0,35910.0
5000004344,20240125,1,388,2,1.0,2,12000.0,1200.0,22800.0
5000004935,20240125,2,71,1,,1,16500.0,825.0,15675.0
5000006085,20240125,1,154,1,,3,12000.0,3600.0,32400.0
5000006566,20240125,2,1136,1,,1,15000.0,750.0,14250.0
5000006834,20240125,2,882,2,3.0,3,15000.0,900.0,44100.0
5000006835,20240125,1,882,2,3.0,1,12600.0,1260.0,11340.0
5000006836,20240125,1,882,2,3.0,2,12000.0,1200.0,22800.0
5000007763,20240125,1,332,1,,2,12600.0,504.0,24696.0
5000007764,20240125,1,332,1,,1,12000.0,600.0,11400.0
5000007975,20240125,1,189,1,,1,10800.0,216.0,10584.0
5000009093,20240125,1,1405,1,,1,12000.0,1200.0,10800.0
5000009278,20240125,1,489,1,,3,12000.0,0.0,36000.0
5000009788,20240125,2,433,1,,2,13500.0,1350.0,25650.0
5000011339,20240125,1,1392,1,,1,10800.0,1080.0,9720.0
5000011917,20240125,2,322,1,,1,16500.0,1650.0,14850.0
5000012241,20240125,1,1374,1,,2,12000.0,480.0,23520.0
5000012288,20240125,2,838,1,,3,13500.0,2025.0,38475.0
5000013314,20240125,1,895,1,,1,12000.0,1200.0,10800.0
5000013947,20240125,2,126,1,,2,15750.0,0.0,31500.0
5000014178,20240125,1,731,1,,3,12000.0,0.0,36000.0
5000014179,20240125,2,731,1,,1,15750.0,315.0,15435.0
5000014180,20240125,1,731,1,,2,12000.0,2400.0,21600.0
5000015008,20240125,1,280,2,3.0,3,12600.0,3780.0,34020.0
5000015476,20240125,1,425,2,1.0,2,13200.0,528.0,25872.0
5000015477,20240125,2,425,2,1.0,2,15000.0,1500.0,28500.0
5000015478,20240125,2,425,2,1.0,3,15000.0,4500.0,40500.0
5000015887,20240125,1,666,2,1.0,3,13200.0,792.0,38808.0
5000015914,20240125,1,945,2,2.0,1,13200.0,0.0,13200.0
5000015915,20240125,1,945,2,2.0,1,12000.0,240.0,11760.0
5000000057,20240126,1,482,1,,2,12600.0,504.0,24696.0
5000000094,20240126,1,988,1,,3,12000.0,720.0,35280.0
5000001090,20240126,1,112,1,,1,12000.0,240.0,11760.0
5000001091,20240126,2,112,1,,3,15750.0,945.0,46305.0
5000001447,20240126,1,175,1,,3,12000.0,1800.0,34200.0
5000001448,20240126,2,175,1,,1,13500.0,0.0,13500.0
5000002200,20240126,1,860,1,,2,12000.0,2400.0,21600.0
5000003524,20240126,2,585,1,,3,15000.0,4500.0,40500.0
5000003525,20240126,1,585,1,,2,13200.0,0.0,26400.0
5000005705,20240126,1,869,1,,1,12000.0,240.0,11760.0
5000006606,20240126,2,548,1,,1,13500.0,1350.0,12150.0
5000008034,20240126,2,1318,2,3.0,1,15000.0,300.0,14700.0
5000008035,20240126,2,1318,2,3.0,3,16500.0,990.0,48510.0
5000008036,20240126,1,1318,2,3.0,2,12000.0,480.0,23520.0
5000008152,20240126,2,979,2,4.0,3,16500.0,990.0,48510.0
5000008562,20240126,2,220,2,2.0,2,13500.0,1350.0,25650.0
5000009083,20240126,2,254,2,1.0,3,15000.0,900.0,44100.0
5000009470,20240126,1,1259,1,,1,12000.0,240.0,11760.0
5000009471,20240126,1,1259,1,,1,12000.0,0.0,12000.0
5000012001,20240126,2,1279,1,,1,15000.0,750.0,14250.0
5000013826,20240126,1,479,2,3.0,2,12000.0,480.0,23520.0
5000014343,20240126,1,932,1,,3,13200.0,3960.0,35640.0
5000014538,20240126,1,927,1,,3,12000.0,720.0,35280.0
5000015081,20240126,1,236,2,2.0,1,12000.0,0.0,12000.0
5000015114,20240126,2,879,1,,2,15750.0,630.0,30870.0
5000000126,20240127,1,624,1,,2,12000.0,0.0,24000.0
5000000127,20240127,2,624,1,,1,13500.0,675.0,12825.0
5000000851,20240127,2,24,2,3.0,2,15750.0,3150.0,28350.0
5000001642,20240127,2,184,1,,1,15000.0,300.0,14700.0
5000001984,20240127,1,559,2,2.0,1,12600.0,630.0,11970.0
5000003229,20240127,2,191,2,3.0,1,15000.0,1500.0,13500.0
5000003492,20240127,2,618,1,,2,16500.0,1650.0,31350.0
5000004001,20240127,2,924,2,3.0,1,15750.0,315.0,15435.0
5000004002,20240127,1,924,2,3.0,2,12000.0,2400.0,21600.0
5000005891,20240127,1,96,1,,3,12000.0,3600.0,32400.0
5000005892,20240127,2,96,1,,2,15000.0,600.0,29400.0
5000005893,20240127,1,96,1,,1,12600.0,0.0,12600.0
5000006203,20240127,2,1110,2,3.0,1,15000.0,0.0,15000.0
5000006302,20240127,1,299,1,,2,12000.0,480.0,23520.0
5000007259,20240127,1,1158,1,,3,10800.0,0.0,32400.0
5000007286,20240127,1,317,1,,2,12000.0,1200.0,22800.0
5000007400,20240127,1,325,1,,1,12600.0,630.0,11970.0
5000008088,20240127,1,1276,1,,2,10800.0,0.0,21600.0
5000008536,20240127,1,1027,2,1.0,3,12000.0,3600.0,32400.0
5000008537,20240127,2,1027,2,1.0,3,15000.0,4500.0,40500.0
5000008763,20240127,2,847,1,,3,15000.0,0.0,45000.0
5000008773,20240127,2,853,2,2.0,2,15750.0,1575.0,29925.0
5000008774,20240127,2,853,2,2.0,1,15750.0,315.0,15435.0
5000008999,20240127,2,238,2,3.0,1,15000.0,750.0,14250.0
5000009213,20240127,1,1384,1,,2,12000.0,2400.0,21600.0
5000009710,20240127,1,281,1,,3,12000.0,3600.0,32400.0
5000010890,20240127,1,3,1,,1,10800.0,540.0,10260.0
5000010965,20240127,1,541,1,,3,12000.0,720.0,35280.0
5000010966,20240127,2,541,1,,3,15000.0,4500.0,40500.0
5000012387,20240127,1,416,1,,2,10800.0,2160.0,19440.0
5000013341,20240127,1,368,2,1.0,2,12000.0,480.0,23520.0
5000013831,20240127,1,324,1,,2,10800.0,1080.0,20520.0
5000014367,20240127,1,1170,2,4.0,2,10800.0,1080.0,20520.0
5000014682,20240127,1,689,1,,1,12000.0,1200.0,10800.0
5000015052,20240127,2,1043,1,,1,15000.0,1500.0,13500.0
5000015702,20240127,1,237,1,,2,10800.0,2160.0,19440.0
5000015703,20240127,1,237,1,,2,12000.0,1200.0,22800.0
5000001587,20240128,1,187,1,,3,12000.0,720.0,35280.0
5000001665,20240128,1,748,1,,1,10800.0,216.0,10584.0
5000003827,20240128,2,1296,1,,2,13500.0,540.0,26460.0
5000003933,20240128,2,1271,2,4.0,1,15000.0,1500.0,13500.0
5000005578,20240128,1,1318,1,,3,12000.0,720.0,35280.0
5000005899,20240128,1,298,1,,1,13200.0,660.0,12540.0
5000005900,20240128,1,298,1,,1,12600.0,630.0,11970.0
5000007554,20240128,1,701,2,3.0,1,10800.0,540.0,10260.0
5000007555,20240128,2,701,2,3.0,1,15000.0,750.0,14250.0
5000007556,20240128,2,701,2,3.0,3,15000.0,0.0,45000.0
5000008739,20240128,1,919,1,,2,13200.0,2640.0,23760.0
5000008804,20240128,2,1392,1,,2,15000.0,3000.0,27000.0
5000008911,20240128,1,970,1,,2,10800.0,2160.0,19440.0
5000008912,20240128,1,970,1,,2,12000.0,480.0,23520.0
5000010874,20240128,2,174,2,2.0,1,15000.0,1500.0,13500.0
5000011056,20240128,2,896,2,4.0,2,15000.0,1500.0,28500.0
5000011641,20240128,1,587,1,,3,12000.0,720.0,35280.0
5000011734,20240128,1,1464,1,,3,13200.0,0.0,39600.0
5000012518,20240128,1,356,2,1.0,2,12000.0,480.0,23520.0
5000013162,20240128,1,205,1,,2,12000.0,1200.0,22800.0
5000013349,20240128,2,540,1,,2,15000.0,1500.0,28500.0
5000013350,20240128,2,540,1,,3,15750.0,0.0,47250.0
5000014530,20240128,2,908,1,,2,15000.0,1500.0,28500.0
5000014531,20240128,2,908,1,,2,15750.0,0.0,31500.0
5000015686,20240128,1,993,2,4.0,2,12000.0,480.0,23520.0
5000000289,20240129,2,1330,1,,3,13500.0,2025.0,38475.0
5000000290,20240129,1,1330,1,,1,13200.0,660.0,12540.0
5000000641,20240129,1,956,2,2.0,1,12000.0,0.0,12000.0
5000000642,20240129,2,956,2,2.0,1,13500.0,1350.0,12150.0
5000000695,20240129,1,566,1,,3,10800.0,1620.0,30780.0
5000000696,20240129,2,566,1,,3,16500.0,0.0,49500.0
5000002245,20240129,2,379,2,4.0,2,15750.0,3150.0,28350.0
5000002926,20240129,2,1116,2,4.0,1,15000.0,0.0,15000.0
5000003898,20240129,1,399,2,3.0,2,12000.0,0.0,24000.0
5000005544,20240129,1,461,1,,2,12000.0,1200.0,22800.0
5000006536,20240129,1,1398,2,4.0,1,12600.0,1260.0,11340.0
5000007404,20240129,1,29,2,4.0,3,12600.0,0.0,37800.0
5000007984,20240129,1,913,2,1.0,3,12600.0,1890.0,35910.0
5000007985,20240129,2,913,2,1.0,2,15750.0,0.0,31500.0
5000010150,20240129,1,243,2,1.0,3,12000.0,0.0,36000.0
5000010151,20240129,2,243,2,1.0,3,15000.0,4500.0,40500.0
5000012713,20240129,2,1082,2,4.0,1,16500.0,825.0,15675.0
5000013415,20240129,2,1136,2,1.0,2,15000.0,0.0,30000.0
5000001395,20240130,2,1412,1,,2,15750.0,1575.0,29925.0
5000001579,20240130,1,353,1,,2,12000.0,1200.0,22800.0
5000002587,20240130,2,1394,1,,2,16500.0,1650.0,31350.0
5000003909,20240130,1,832,1,,3,12000.0,3600.0,32400.0
5000004774,20240130,2,583,2,4.0,2,15000.0,600.0,29400.0
5000004775,20240130,1,583,2,4.0,2,12600.0,504.0,24696.0
5000005903,20240130,2,331,1,,3,15750.0,2362.5,44887.5
5000005904,20240130,1,331,1,,1,12000.0,240.0,11760.0
5000006249,20240130,1,781,1,,1,12600.0,1260.0,11340.0
5000006250,20240130,1,781,1,,2,12600.0,504.0,24696.0
5000006479,20240130,1,453,2,3.0,3,10800.0,1620.0,30780.0
5000007239,20240130,2,505,2,2.0,3,15000.0,2250.0,42750.0
5000007240,20240130,1,505,2,2.0,3,12000.0,3600.0,32400.0
5000007591,20240130,1,43,1,,1,12000.0,240.0,11760.0
5000007592,20240130,1,43,1,,2,12000.0,1200.0,22800.0
5000008435,20240130,1,74,1,,2,12000.0,2400.0,21600.0
5000009541,20240130,1,1187,2,4.0,1,12000.0,600.0,11400.0
5000009994,20240130,1,328,1,,2,12000.0,2400.0,21600.0
5000012209,20240130,1,1300,2,1.0,3,12000.0,3600.0,32400.0
5000013340,20240130,2,1395,1,,2,15000.0,0.0,30000.0
5000013416,20240130,2,665,2,1.0,2,15000.0,0.0,30000.0
5000014982,20240130,2,1187,1,,3,15000.0,4500.0,40500.0
5000015550,20240130,1,854,2,4.0,3,12000.0,720.0,35280.0
5000015551,20240130,1,854,2,4.0,3,12000.0,1800.0,34200.0
5000015552,20240130,1,854,2,4.0,1,12000.0,0.0,12000.0
5000015649,20240130,1,1276,1,,1,13200.0,1320.0,11880.0
5000015650,20240130,1,1276,1,,1,12000.0,240.0,11760.0
5000000002,20240131,1,601,1,,1,12000.0,240.0,11760.0
5000000003,20240131,2,601,1,,2,15000.0,600.0,29400.0
5000000004,20240131,1,601,1,,2,12600.0,2520.0,22680.0
5000000817,20240131,2,681,2,2.0,2,15000.0,0.0,30000.0
5000001250,20240131,2,142,2,4.0,3,15000.0,4500.0,40500.0
5000003309,20240131,1,1228,1,,1,10800.0,540.0,10260.0
5000004274,20240131,1,926,1,,2,12000.0,2400.0,21600.0
5000004564,20240131,1,884,1,,3,10800.0,1620.0,30780.0
5000004995,20240131,2,256,2,2.0,3,15000.0,2250.0,42750.0
5000005792,20240131,2,37,1,,1,15000.0,0.0,15000.0
5000008122,20240131,1,1483,1,,2,10800.0,2160.0,19440.0
5000008123,20240131,1,1483,1,,2,12000.0,1200.0,22800.0
5000008458,20240131,2,1340,1,,3,15000.0,2250.0,42750.0
5000008492,20240131,2,142,1,,3,15000.0,4500.0,40500.0
5000011173,20240131,1,1480,2,4.0,3,12000.0,0.0,36000.0
5000012283,20240131,2,1298,2,4.0,3,13500.0,0.0,40500.0
5000012799,20240131,1,478,1,,2,12000.0,2400.0,21600.0
5000013222,20240131,1,415,2,3.0,2,12000.0,1200.0,22800.0
5000013223,20240131,2,415,2,3.0,3,16500.0,4950.0,44550.0
5000013224,20240131,1,415,2,3.0,2,10800.0,2160.0,19440.0
5000014065,20240131,1,1234,1,,3,12000.0,0.0,36000.0
5000014931,20240131,2,1011,1,,2,15000.0,3000.0,27000.0
5000015197,20240131,1,715,2,3.0,2,12000.0,480.0,23520.0
5000000068,20240201,1,998,1,,3,12000.0,0.0,36000.0
5000001226,20240201,1,1287,1,,2,12000.0,2400.0,21600.0
5000001398,20240201,2,1215,2,1.0,3,15000.0,2250.0,42750.0
5000001399,20240201,2,1215,2,1.0,3,15750.0,945.0,46305.0
5000001432,20240201,1,23,1,,2,13200.0,2640.0,23760.0
5000003962,20240201,2,615,2,1.0,1,15000.0,750.0,14250.0
5000004350,20240201,1,653,2,3.0,2,12000.0,2400.0,21600.0
5000004459,20240201,2,769,2,1.0,3,15000.0,900.0,44100.0
5000006225,20240201,2,397,2,3.0,3,13500.0,2025.0,38475.0
5000006745,20240201,2,712,1,,1,16500.0,330.0,16170.0
5000006746,20240201,1,712,1,,1,12600.0,630.0,11970.0
5000007276,20240201,1,569,1,,1,12600.0,1260.0,11340.0
5000007277,20240201,2,569,1,,1,15000.0,300.0,14700.0
5000007767,20240201,1,254,1,,3,12600.0,756.0,37044.0
5000008978,20240201,2,736,2,3.0,3,15000.0,900.0,44100.0
5000008979,20240201,1,736,2,3.0,3,12000.0,1800.0,34200.0
5000009461,20240201,2,919,1,,3,15000.0,0.0,45000.0
5000010169,20240201,2,47,1,,3,15000.0,900.0,44100.0
5000010170,20240201,2,47,1,,2,15000.0,1500.0,28500.0
5000010586,20240201,2,559,1,,1,15750.0,315.0,15435.0
5000010587,20240201,1,559,1,,2,10800.0,2160.0,19440.0
5000010648,20240201,1,1438,2,2.0,1,13200.0,660.0,12540.0
5000010649,20240201,1,1438,2,2.0,3,12000.0,720.0,35280.0
5000010785,20240201,1,664,1,,3,12000.0,3600.0,32400.0
5000011594,20240201,2,392,1,,1,15000.0,300.0,14700.0
5000013933,20240201,2,922,2,3.0,3,15750.0,945.0,46305.0
5000000058,20240202,1,620,2,1.0,1,12000.0,240.0,11760.0
5000000102,20240202,2,1129,1,,1,13500.0,675.0,12825.0
5000001559,20240202,1,1408,2,2.0,3,12000.0,1800.0,34200.0
5000001560,20240202,1,1408,2,2.0,2,12000.0,1200.0,22800.0
5000002869,20240202,2,1012,2,4.0,1,15000.0,750.0,14250.0
5000003540,20240202,2,767,2,2.0,1,13500.0,270.0,13230.0
5000004188,20240202,2,994,2,3.0,1,15750.0,0.0,15750.0
5000005326,20240202,2,606,1,,2,15000.0,600.0,29400.0
5000005977,20240202,1,1464,2,4.0,3,13200.0,792.0,38808.0
5000005978,20240202,1,1464,2,4.0,3,13200.0,1980.0,37620.0
5000005979,20240202,1,1464,2,4.0,3,12600.0,1890.0,35910.0
5000007246,20240202,1,1218,2,4.0,1,12000.0,0.0,12000.0
5000007963,20240202,2,1377,1,,2,15000.0,3000.0,27000.0
5000007964,20240202,2,1377,1,,2,15750.0,3150.0,28350.0
5000008298,20240202,1,659,2,1.0,1,12600.0,630.0,11970.0
5000008299,20240202,2,659,2,1.0,3,15000.0,900.0,44100.0
5000009048,20240202,1,45,1,,1,10800.0,1080.0,9720.0
5000012394,20240202,2,138,1,,2,13500.0,1350.0,25650.0
5000013662,20240202,1,248,1,,1,12000.0,1200.0,10800.0
5000014431,20240202,1,963,1,,2,12600.0,1260.0,23940.0
5000014490,20240202,2,422,2,2.0,3,13500.0,2025.0,38475.0
5000015238,20240202,2,184,1,,2,15000.0,0.0,30000.0
5000015252,20240202,2,890,2,3.0,2,15000.0,3000.0,27000.0
5000000123,20240203,2,360,1,,2,15000.0,600.0,29400.0
5000000124,20240203,2,360,1,,2,15000.0,3000.0,27000.0
5000000267,20240203,1,1159,1,,3,10800.0,3240.0,29160.0
5000001935,20240203,2,708,1,,1,16500.0,825.0,15675.0
5000001936,20240203,2,708,1,,1,15000.0,300.0,14700.0
5000002438,20240203,1,789,1,,2,12000.0,0.0,24000.0
5000002439,20240203,1,789,1,,2,12000.0,0.0,24000.0
5000005264,20240203,1,949,2,2.0,2,12000.0,2400.0,21600.0
5000005265,20240203,1,949,2,2.0,2,12000.0,480.0,23520.0
5000005316,20240203,2,649,2,4.0,2,15000.0,0.0,30000.0
5000005317,20240203,2,649,2,4.0,3,15000.0,2250.0,42750.0
5000005318,20240203,1,649,2,4.0,2,12000.0,2400.0,21600.0
5000005928,20240203,1,1058,2,2.0,2,10800.0,1080.0,20520.0
5000005929,20240203,1,1058,2,2.0,3,12600.0,1890.0,35910.0
5000006381,20240203,1,119,1,,1,12000.0,0.0,12000.0
5000006697,20240203,2,460,1,,3,15750.0,0.0,47250.0
5000006698,20240203,2,460,1,,2,16500.0,0.0,33000.0
5000008511,20240203,2,649,2,1.0,1,15000.0,300.0,14700.0
5000009664,20240203,1,1149,1,,1,10800.0,216.0,10584.0
5000011714,20240203,2,365,1,,2,15750.0,3150.0,28350.0
5000011715,20240203,1,365,1,,1,12000.0,240.0,11760.0
5000012219,20240203,1,573,1,,3,12000.0,3600.0,32400.0
5000013268,20240203,2,1214,1,,1,15000.0,1500.0,13500.0
5000013269,20240203,2,1214,1,,1,15000.0,300.0,14700.0
5000014873,20240203,2,468,1,,2,15000.0,3000.0,27000.0
5000014874,20240203,2,468,1,,2,15750.0,3150.0,28350.0
5000014875,20240203,2,468,1,,2,13500.0,540.0,26460.0
5000014894,20240203,1,393,2,4.0,2,10800.0,1080.0,20520.0
5000015624,20240203,1,483,1,,2,12000.0,1200.0,22800.0
5000001692,20240204,1,285,1,,1,13200.0,0.0,13200.0
5000002387,20240204,2,713,1,,2,16500.0,660.0,32340.0
5000002881,20240204,1,834,2,1.0,2,12000.0,0.0,24000.0
5000002882,20240204,2,834,2,1.0,3,15000.0,0.0,45000.0
5000003955,20240204,2,179,1,,2,15000.0,600.0,29400.0
5000004196,20240204,1,950,2,2.0,1,12000.0,240.0,11760.0
5000004197,20240204,2,950,2,2.0,2,13500.0,1350.0,25650.0
5000004198,20240204,2,950,2,2.0,1,15000.0,1500.0,13500.0
5000004301,20240204,2,1116,1,,3,15000.0,4500.0,40500.0
5000004567,20240204,2,249,1,,1,15000.0,300.0,14700.0
5000004843,20240204,2,694,2,3.0,3,15000.0,900.0,44100.0
5000006004,20240204,1,464,2,2.0,2,12600.0,0.0,25200.0
5000006005,20240204,2,464,2,2.0,1,15000.0,0.0,15000.0
5000008041,20240204,1,327,1,,2,12000.0,480.0,23520.0
5000008764,20240204,2,622,1,,2,15000.0,0.0,30000.0
5000008977,20240204,2,743,1,,1,15000.0,750.0,14250.0
5000009552,20240204,1,230,2,4.0,1,13200.0,0.0,13200.0
5000009553,20240204,2,230,2,4.0,3,16500.0,990.0,48510.0
5000011072,20240204,1,1309,1,,2,12000.0,1200.0,22800.0
5000011365,20240204,1,59,2,3.0,2,12000.0,0.0,24000.0
5000011366,20240204,2,59,2,3.0,1,13500.0,270.0,13230.0
5000011706,20240204,1,182,1,,1,12000.0,0.0,12000.0
5000011707,20240204,2,182,1,,2,15000.0,3000.0,27000.0
5000012291,20240204,2,1318,1,,1,15000.0,1500.0,13500.0
5000012292,20240204,1,1318,1,,3,12000.0,720.0,35280.0
5000013869,20240204,1,695,2,1.0,1,12000.0,1200.0,10800.0
5000014412,20240204,1,1132,1,,3,12000.0,0.0,36000.0
5000014413,20240204,2,1132,1,,1,15000.0,1500.0,13500.0
5000015790,20240204,2,842,2,2.0,1,15000.0,0.0,15000.0
5000001058,20240205,1,718,1,,2,12000.0,0.0,24000.0
5000005645,20240205,1,747,1,,1,10800.0,216.0,10584.0
5000006778,20240205,2,79,2,3.0,2,15000.0,1500.0,28500.0
5000006779,20240205,1,79,2,3.0,2,12000.0,480.0,23520.0
5000007226,20240205,2,719,1,,1,15000.0,300.0,14700.0
5000007265,20240205,2,594,1,,3,15000.0,0.0,45000.0
5000008439,20240205,2,403,1,,1,15000.0,300.0,14700.0
5000008993,20240205,2,340,1,,1,15000.0,750.0,14250.0
5000010675,20240205,2,77,2,3.0,3,13500.0,0.0,40500.0
5000011090,20240205,1,411,1,,1,12000.0,1200.0,10800.0
5000011091,20240205,1,411,1,,3,12000.0,3600.0,32400.0
5000011520,20240205,1,671,2,4.0,1,10800.0,0.0,10800.0
5000012720,20240205,1,1344,1,,1,12000.0,600.0,11400.0
5000013215,20240205,1,1409,1,,2,12600.0,504.0,24696.0
5000013531,20240205,1,1291,1,,2,10800.0,432.0,21168.0
5000014078,20240205,1,602,2,4.0,1,10800.0,0.0,10800.0
5000015018,20240205,1,222,1,,1,12000.0,240.0,11760.0
5000015019,20240205,1,222,1,,3,12000.0,1800.0,34200.0
5000015180,20240205,1,1131,1,,1,12600.0,0.0,12600.0
5000015181,20240205,2,1131,1,,3,13500.0,4050.0,36450.0
5000015278,20240205,2,412,1,,2,16500.0,0.0,33000.0
5000015733,20240205,1,1124,1,,3,12000.0,720.0,35280.0
5000015789,20240205,1,1122,1,,2,10800.0,1080.0,20520.0
5000000169,20240206,1,1420,1,,1,10800.0,216.0,10584.0
5000000170,20240206,2,1420,1,,3,15000.0,900.0,44100.0
5000001166,20240206,1,380,1,,2,12000.0,2400.0,21600.0
5000001384,20240206,2,138,1,,2,16500.0,3300.0,29700.0
5000001385,20240206,1,138,1,,2,12000.0,1200.0,22800.0
5000001458,20240206,1,298,1,,1,13200.0,264.0,12936.0
5000002759,20240206,2,342,1,,2,15000.0,1500.0,28500.0
5000005226,20240206,2,724,1,,3,15000.0,0.0,45000.0
5000005377,20240206,2,1491,1,,1,15750.0,787.5,14962.5
5000005684,20240206,2,711,1,,2,15000.0,3000.0,27000.0
5000005685,20240206,2,711,1,,1,15750.0,315.0,15435.0
5000006832,20240206,1,446,2,2.0,2,12000.0,480.0,23520.0
5000006952,20240206,2,682,2,3.0,3,13500.0,810.0,39690.0
5000007257,20240206,2,260,2,4.0,3,15000.0,900.0,44100.0
5000007258,20240206,1,260,2,4.0,2,12000.0,480.0,23520.0
5000008009,20240206,2,1304,2,1.0,1,15000.0,300.0,14700.0
5000010505,20240206,1,1171,1,,3,10800.0,0.0,32400.0
5000010650,20240206,1,1029,2,1.0,1,12000.0,600.0,11400.0
5000010651,20240206,2,1029,2,1.0,3,15000.0,900.0,44100.0
5000011647,20240206,1,483,1,,1,12000.0,240.0,11760.0
5000013712,20240206,2,682,2,1.0,2,15000.0,1500.0,28500.0
5000015089,20240206,1,790,1,,2,12000.0,0.0,24000.0
5000000524,20240207,2,1426,1,,1,15000.0,1500.0,13500.0
5000002154,20240207,1,379,1,,2,12000.0,1200.0,22800.0
5000002451,20240207,1,797,1,,2,12000.0,0.0,24000.0
5000003363,20240207,1,177,2,2.0,2,12600.0,1260.0,23940.0
5000004514,20240207,2,1177,2,2.0,2,13500.0,540.0,26460.0
5000004515,20240207,1,1177,2,2.0,1,12600.0,630.0,11970.0
5000005294,20240207,2,1245,1,,1,15000.0,0.0,15000.0
5000006846,20240207,1,219,2,2.0,1,12000.0,0.0,12000.0
5000007097,20240207,1,284,2,2.0,3,10800.0,0.0,32400.0
5000007098,20240207,2,284,2,2.0,2,15000.0,600.0,29400.0
5000010267,20240207,1,720,1,,2,12000.0,480.0,23520.0
5000010456,20240207,2,115,1,,1,15000.0,0.0,15000.0
5000010457,20240207,2,115,1,,1,15000.0,300.0,14700.0
5000010633,20240207,1,891,2,1.0,1,12000.0,600.0,11400.0
5000010882,20240207,1,871,2,3.0,2,12000.0,480.0,23520.0
5000011004,20240207,1,520,2,4.0,3,12000.0,720.0,35280.0
5000012245,20240207,1,533,2,3.0,1,13200.0,0.0,13200.0
5000014815,20240207,2,1169,2,2.0,3,15000.0,0.0,45000.0
5000000629,20240208,2,316,2,2.0,1,15000.0,300.0,14700.0
5000000638,20240208,1,642,2,3.0,1,12000.0,1200.0,10800.0
5000001318,20240208,1,990,1,,1,12000.0,600.0,11400.0
5000001682,20240208,1,892,1,,3,10800.0,648.0,31752.0
5000001683,20240208,1,892,1,,3,10800.0,1620.0,30780.0
5000001876,20240208,1,104,1,,1,12000.0,240.0,11760.0
5000002865,20240208,2,1075,2,1.0,2,16500.0,0.0,33000.0
5000003444,20240208,2,1210,1,,2,15000.0,3000.0,27000.0
5000003956,20240208,1,944,1,,1,12000.0,240.0,11760.0
5000003957,20240208,1,944,1,,2,12600.0,0.0,25200.0
5000004885,20240208,1,556,2,4.0,3,12000.0,1800.0,34200.0
5000006125,20240208,1,67,2,2.0,3,10800.0,3240.0,29160.0
5000006126,20240208,1,67,2,2.0,1,12000.0,240.0,11760.0
5000006975,20240208,1,877,2,2.0,2,12000.0,0.0,24000.0
5000008260,20240208,1,1039,1,,2,12000.0,1200.0,22800.0
5000008855,20240208,2,666,2,2.0,1,13500.0,675.0,12825.0
5000009017,20240208,1,162,2,1.0,3,12000.0,720.0,35280.0
5000009508,20240208,1,529,2,2.0,3,12000.0,0.0,36000.0
5000010131,20240208,1,857,2,1.0,1,10800.0,0.0,10800.0
5000010283,20240208,1,1066,1,,2,12000.0,2400.0,21600.0
5000010602,20240208,1,1158,1,,3,10800.0,3240.0,29160.0
5000010673,20240208,2,1056,1,,3,15000.0,4500.0,40500.0
5000010674,20240208,2,1056,1,,3,15000.0,2250.0,42750.0
5000013507,20240208,1,1,1,,2,12000.0,0.0,24000.0
5000013755,20240208,1,1245,1,,3,12000.0,720.0,35280.0
5000013949,20240208,1,185,2,3.0,1,12600.0,1260.0,11340.0
5000015133,20240208,1,478,1,,2,12000.0,0.0,24000.0
5000015134,20240208,2,478,1,,3,15750.0,0.0,47250.0
5000015324,20240208,1,224,2,1.0,2,12000.0,480.0,23520.0
5000015325,20240208,1,224,2,1.0,3,12000.0,1800.0,34200.0
5000015448,20240208,1,1276,1,,2,12000.0,0.0,24000.0
5000015449,20240208,2,1276,1,,2,15000.0,600.0,29400.0
5000015956,20240208,2,949,1,,3,15000.0,2250.0,42750.0
5000000200,20240209,2,569,2,1.0,2,16500.0,3300.0,29700.0
5000001340,20240209,2,1306,2,2.0,2,15000.0,0.0,30000.0
5000002182,20240209,1,930,1,,1,12000.0,600.0,11400.0
5000003098,20240209,2,162,2,2.0,2,15000.0,600.0,29400.0
5000003373,20240209,1,788,2,2.0,1,12000.0,600.0,11400.0
5000003374,20240209,2,788,2,2.0,1,13500.0,1350.0,12150.0
5000003975,20240209,1,1068,1,,3,10800.0,3240.0,29160.0
5000005745,20240209,1,636,2,4.0,3,12600.0,0.0,37800.0
5000006444,20240209,1,17,1,,2,12000.0,1200.0,22800.0
5000006918,20240209,1,385,2,1.0,2,13200.0,1320.0,25080.0
5000012714,20240209,2,1475,1,,2,16500.0,0.0,33000.0
5000012715,20240209,1,1475,1,,2,12000.0,480.0,23520.0
5000013509,20240209,2,1306,2,3.0,2,13500.0,540.0,26460.0
5000013510,20240209,1,1306,2,3.0,1,12600.0,1260.0,11340.0
5000013978,20240209,2,147,2,2.0,3,15000.0,0.0,45000.0
5000014008,20240209,1,1145,1,,3,12000.0,720.0,35280.0
5000014837,20240209,2,644,1,,3,15000.0,0.0,45000.0
5000014838,20240209,2,644,1,,1,15000.0,300.0,14700.0
5000014839,20240209,1,644,1,,1,10800.0,0.0,10800.0
5000015743,20240209,1,1400,1,,1,12000.0,0.0,12000.0
5000000117,20240210,2,464,1,,1,16500.0,0.0,16500.0
5000000118,20240210,1,464,1,,2,12000.0,2400.0,21600.0
5000000455,20240210,2,170,1,,3,16500.0,990.0,48510.0
5000000456,20240210,1,170,1,,1,12000.0,600.0,11400.0
5000000859,20240210,1,1147,1,,2,10800.0,2160.0,19440.0
5000001420,20240210,2,447,2,3.0,3,16500.0,0.0,49500.0
5000003130,20240210,2,314,1,,1,13500.0,0.0,13500.0
5000005051,20240210,1,1167,1,,2,13200.0,528.0,25872.0
5000006894,20240210,2,605,1,,2,15750.0,3150.0,28350.0
5000010432,20240210,1,1021,2,2.0,2,10800.0,2160.0,19440.0
5000011980,20240210,1,937,1,,2,12000.0,480.0,23520.0
5000013234,20240210,2,1427,2,4.0,1,16500.0,330.0,16170.0
5000014155,20240210,2,906,2,3.0,1,15000.0,0.0,15000.0
5000014156,20240210,2,906,2,3.0,2,16500.0,0.0,33000.0
5000014192,20240210,1,119,1,,2,12000.0,1200.0,22800.0
5000015322,20240210,1,247,1,,2,12000.0,480.0,23520.0
5000015788,20240210,2,607,1,,3,15000.0,0.0,45000.0
5000000904,20240211,1,579,2,3.0,1,12600.0,630.0,11970.0
5000000905,20240211,2,579,2,3.0,3,16500.0,2475.0,47025.0
5000001222,20240211,1,592,1,,3,12000.0,720.0,35280.0
5000001223,20240211,2,592,1,,2,15750.0,0.0,31500.0
5000001316,20240211,1,505,2,3.0,2,13200.0,2640.0,23760.0
5000001920,20240211,2,1169,1,,3,15000.0,0.0,45000.0
5000002546,20240211,2,1300,1,,1,15000.0,750.0,14250.0
5000004031,20240211,1,860,1,,3,12600.0,1890.0,35910.0
5000005381,20240211,2,214,1,,3,13500.0,2025.0,38475.0
5000005739,20240211,2,1430,2,4.0,3,15750.0,945.0,46305.0
5000007292,20240211,1,1191,2,3.0,2,10800.0,432.0,21168.0
5000007469,20240211,1,993,1,,3,12600.0,3780.0,34020.0
5000007470,20240211,2,993,1,,1,15000.0,1500.0,13500.0
5000008815,20240211,1,65,1,,1,12000.0,600.0,11400.0
5000008816,20240211,2,65,1,,3,15000.0,0.0,45000.0
5000009011,20240211,2,184,2,2.0,2,13500.0,0.0,27000.0
5000009012,20240211,2,184,2,2.0,2,15000.0,0.0,30000.0
5000009286,20240211,1,1309,1,,1,10800.0,540.0,10260.0
5000009287,20240211,1,1309,1,,1,12000.0,0.0,12000.0
5000009741,20240211,1,933,1,,1,12000.0,0.0,12000.0
5000009742,20240211,1,933,1,,3,10800.0,0.0,32400.0
5000011601,20240211,1,926,1,,1,12000.0,0.0,12000.0
5000011804,20240211,2,174,2,1.0,1,15000.0,300.0,14700.0
5000011805,20240211,2,174,2,1.0,1,16500.0,1650.0,14850.0
5000012078,20240211,2,78,1,,2,15000.0,3000.0,27000.0
5000012659,20240211,2,325,2,4.0,3,15000.0,4500.0,40500.0
5000013198,20240211,1,184,2,4.0,3,12000.0,0.0,36000.0
5000013199,20240211,1,184,2,4.0,3,12000.0,1800.0,34200.0
5000013878,20240211,1,87,1,,3,10800.0,648.0,31752.0
5000013879,20240211,1,87,1,,2,12600.0,504.0,24696.0
5000014223,20240211,2,1104,1,,3,15000.0,0.0,45000.0
5000014224,20240211,1,213,2,4.0,1,12000.0,1200.0,10800.0
5000014659,20240211,1,645,2,3.0,3,12600.0,0.0,37800.0
5000014660,20240211,1,645,2,3.0,1,10800.0,216.0,10584.0
5000000213,20240212,1,1197,1,,1,12000.0,0.0,12000.0
5000000362,20240212,1,833,1,,3,12000.0,720.0,35280.0
5000000363,20240212,1,833,1,,3,12000.0,0.0,36000.0
5000000971,20240212,2,915,1,,2,15750.0,0.0,31500.0
5000002085,20240212,1,1341,1,,2,12000.0,0.0,24000.0
5000004096,20240212,2,586,2,3.0,2,15000.0,0.0,30000.0
5000004097,20240212,1,586,2,3.0,1,12000.0,600.0,11400.0
5000004112,20240212,1,1312,2,3.0,2,12600.0,504.0,24696.0
5000004172,20240212,1,1192,1,,2,12000.0,2400.0,21600.0
5000005659,20240212,2,988,1,,1,15000.0,300.0,14700.0
5000006947,20240212,1,890,1,,2,12000.0,480.0,23520.0
5000008027,20240212,2,444,2,3.0,2,15000.0,0.0,30000.0
5000008028,20240212,2,444,2,3.0,3,15000.0,4500.0,40500.0
5000008682,20240212,1,1094,1,,2,12000.0,480.0,23520.0
5000008880,20240212,1,528,2,1.0,1,12000.0,240.0,11760.0
5000008881,20240212,1,528,2,1.0,3,12000.0,3600.0,32400.0
5000011358,20240212,2,401,1,,3,13500.0,0.0,40500.0
5000011681,20240212,2,618,1,,3,16500.0,990.0,48510.0
5000011925,20240212,1,720,2,3.0,2,12000.0,0.0,24000.0
5000011926,20240212,1,720,2,3.0,2,12000.0,480.0,23520.0
5000012419,20240212,2,668,1,,1,15750.0,787.5,14962.5
5000013171,20240212,2,1124,1,,2,15750.0,1575.0,29925.0
5000013172,20240212,2,1124,1,,2,15000.0,0.0,30000.0
5000014525,20240212,2,650,2,4.0,2,15000.0,3000.0,27000.0
5000000921,20240213,1,293,1,,2,12000.0,0.0,24000.0
5000002214,20240213,2,1248,1,,3,15000.0,4500.0,40500.0
5000002771,20240213,2,1111,1,,3,13500.0,810.0,39690.0
5000003868,20240213,1,46,2,2.0,3,12600.0,0.0,37800.0
5000003869,20240213,2,46,2,2.0,1,15750.0,315.0,15435.0
5000004093,20240213,1,55,1,,1,12000.0,0.0,12000.0
5000004209,20240213,2,469,1,,1,13500.0,1350.0,12150.0
5000004210,20240213,2,469,1,,2,15750.0,3150.0,28350.0
5000005765,20240213,1,1247,1,,3,12600.0,756.0,37044.0
5000005766,20240213,1,1247,1,,1,12000.0,0.0,12000.0
5000006602,20240213,2,994,1,,2,15750.0,0.0,31500.0
5000006603,20240213,1,994,1,,2,12000.0,0.0,24000.0
5000006837,20240213,2,1477,1,,2,15000.0,0.0,30000.0
5000008213,20240213,2,71,1,,2,13500.0,1350.0,25650.0
5000008324,20240213,2,1139,2,4.0,2,15750.0,630.0,30870.0
5000009140,20240213,1,193,2,1.0,1,13200.0,1320.0,11880.0
5000009400,20240213,1,885,1,,2,13200.0,0.0,26400.0
5000009401,20240213,1,885,1,,2,12000.0,0.0,24000.0
5000011618,20240213,1,839,1,,2,12000.0,2400.0,21600.0
5000013428,20240213,2,233,1,,3,15000.0,4500.0,40500.0
5000013429,20240213,2,233,1,,3,15750.0,0.0,47250.0
5000013458,20240213,2,514,1,,3,15000.0,2250.0,42750.0
5000014959,20240213,1,405,1,,1,12000.0,240.0,11760.0
5000003986,20240214,2,639,1,,2,15000.0,3000.0,27000.0
5000004032,20240214,2,267,1,,2,15750.0,3150.0,28350.0
5000004033,20240214,2,267,1,,2,16500.0,660.0,32340.0
5000004036,20240214,2,103,1,,1,15000.0,1500.0,13500.0
5000004037,20240214,1,103,1,,2,10800.0,432.0,21168.0
5000004038,20240214,1,103,1,,3,12000.0,1800.0,34200.0
5000004102,20240214,2,26,2,2.0,3,15000.0,900.0,44100.0
5000004472,20240214,1,668,1,,1,12000.0,240.0,11760.0
5000005581,20240214,1,480,2,4.0,2,10800.0,0.0,21600.0
5000005582,20240214,1,480,2,4.0,3,12600.0,1890.0,35910.0
5000006681,20240214,2,928,1,,2,15000.0,0.0,30000.0
5000006694,20240214,2,142,1,,2,13500.0,540.0,26460.0
5000011479,20240214,2,1369,1,,1,13500.0,675.0,12825.0
5000012207,20240214,1,1440,1,,1,10800.0,216.0,10584.0
5000012626,20240214,1,652,1,,3,12000.0,3600.0,32400.0
5000012725,20240214,2,1200,1,,3,15000.0,0.0,45000.0
5000014756,20240214,2,285,2,2.0,3,15000.0,0.0,45000.0
5000000260,20240215,1,427,1,,3,12000.0,3600.0,32400.0
5000000943,20240215,2,937,1,,3,15750.0,2362.5,44887.5
5000002709,20240215,1,1484,2,4.0,2,12000.0,2400.0,21600.0
5000002725,20240215,2,927,2,4.0,1,13500.0,0.0,13500.0
5000003899,20240215,2,884,2,2.0,1,15000.0,750.0,14250.0
5000004832,20240215,2,105,2,1.0,1,15000.0,750.0,14250.0
5000004833,20240215,2,105,2,1.0,2,15000.0,3000.0,27000.0
5000005108,20240215,1,306,1,,3,13200.0,1980.0,37620.0
5000005809,20240215,2,168,1,,1,15000.0,1500.0,13500.0
5000006684,20240215,2,687,2,1.0,2,15000.0,1500.0,28500.0
5000006685,20240215,1,687,2,1.0,3,12000.0,1800.0,34200.0
5000006686,20240215,1,687,2,1.0,3,12000.0,720.0,35280.0
5000008431,20240215,2,839,1,,1,15000.0,1500.0,13500.0
5000009195,20240215,2,39,2,4.0,3,15000.0,4500.0,40500.0
5000010570,20240215,1,547,1,,3,12600.0,1890.0,35910.0
5000010571,20240215,1,547,1,,2,10800.0,1080.0,20520.0
5000010610,20240215,2,981,2,4.0,2,15000.0,0.0,30000.0
5000010611,20240215,2,981,2,4.0,3,15000.0,0.0,45000.0
5000011368,20240215,1,1252,1,,1,12600.0,630.0,11970.0
5000011369,20240215,1,1252,1,,3,12000.0,0.0,36000.0
5000014094,20240215,1,928,2,1.0,1,13200.0,660.0,12540.0
5000014493,20240215,2,573,1,,1,16500.0,0.0,16500.0
5000014580,20240215,2,1096,1,,2,15000.0,600.0,29400.0
5000015267,20240215,2,211,1,,3,15000.0,4500.0,40500.0
5000015695,20240215,1,1002,1,,1,12600.0,252.0,12348.0
5000015696,20240215,1,1002,1,,1,12600.0,252.0,12348.0
5000015704,20240215,1,744,2,4.0,3,12000.0,3600.0,32400.0
5000000361,20240216,1,663,2,1.0,1,12000.0,240.0,11760.0
5000001476,20240216,2,974,2,2.0,2,15000.0,600.0,29400.0
5000001937,20240216,2,841,2,1.0,2,13500.0,1350.0,25650.0
5000002206,20240216,1,1343,2,4.0,1,13200.0,0.0,13200.0
5000002207,20240216,1,1343,2,4.0,3,10800.0,1620.0,30780.0
5000002432,20240216,1,1307,2,1.0,2,12000.0,0.0,24000.0
5000002433,20240216,1,1307,2,1.0,1,12600.0,1260.0,11340.0
5000002888,20240216,1,209,2,4.0,2,12000.0,1200.0,22800.0
5000003219,20240216,2,779,1,,3,15000.0,900.0,44100.0
5000003220,20240216,1,779,1,,1,12000.0,240.0,11760.0
5000003350,20240216,1,812,2,1.0,2,10800.0,0.0,21600.0
5000003351,20240216,2,812,2,1.0,1,15000.0,0.0,15000.0
5000003352,20240216,1,812,2,1.0,3,10800.0,1620.0,30780.0
5000003608,20240216,1,572,2,1.0,2,12000.0,2400.0,21600.0
5000003609,20240216,2,572,2,1.0,1,15750.0,1575.0,14175.0
5000004004,20240216,1,1281,2,3.0,1,12000.0,1200.0,10800.0
5000004005,20240216,2,1281,2,3.0,3,15000.0,0.0,45000.0
5000004473,20240216,2,117,2,3.0,3,15000.0,2250.0,42750.0
5000004474,20240216,2,117,2,3.0,3,15000.0,4500.0,40500.0
5000004479,20240216,1,1029,1,,1,12000.0,0.0,12000.0
5000004749,20240216,1,640,1,,3,10800.0,1620.0,30780.0
5000004815,20240216,2,1360,2,4.0,2,16500.0,1650.0,31350.0
5000004924,20240216,1,231,2,1.0,3,12600.0,1890.0,35910.0
5000005556,20240216,2,855,1,,2,13500.0,540.0,26460.0
5000005557,20240216,2,855,1,,3,15000.0,0.0,45000.0
5000006197,20240216,2,244,2,1.0,2,15000.0,0.0,30000.0
5000006198,20240216,1,244,2,1.0,3,12000.0,0.0,36000.0
5000006390,20240216,2,74,2,1.0,3,15000.0,900.0,44100.0
5000006449,20240216,2,1127,1,,3,15000.0,2250.0,42750.0
5000006648,20240216,2,147,1,,2,15000.0,1500.0,28500.0
5000006960,20240216,1,493,1,,1,10800.0,1080.0,9720.0
5000010438,20240216,1,507,1,,2,12000.0,2400.0,21600.0
5000011995,20240216,1,482,2,1.0,2,12000.0,0.0,24000.0
5000012511,20240216,1,913,1,,1,12000.0,1200.0,10800.0
5000014138,20240216,1,107,1,,2,12000.0,480.0,23520.0
5000014139,20240216,1,107,1,,3,12000.0,0.0,36000.0
5000014497,20240216,2,663,1,,3,15000.0,900.0,44100.0
5000000128,20240217,2,228,1,,3,15750.0,2362.5,44887.5
5000000129,20240217,2,228,1,,3,15750.0,945.0,46305.0
5000000948,20240217,1,1415,1,,1,12000.0,240.0,11760.0
5000000949,20240217,2,1415,1,,2,15750.0,3150.0,28350.0
5000001926,20240217,1,941,2,1.0,2,12600.0,504.0,24696.0
5000004698,20240217,2,1028,2,3.0,2,13500.0,540.0,26460.0
5000005085,20240217,2,23,2,1.0,1,15000.0,750.0,14250.0
5000005906,20240217,2,638,1,,2,15750.0,630.0,30870.0
5000005907,20240217,1,638,1,,1,12000.0,240.0,11760.0
5000007023,20240217,1,275,1,,1,12600.0,630.0,11970.0
5000007472,20240217,1,1451,1,,1,12000.0,240.0,11760.0
5000007473,20240217,1,1451,1,,1,12000.0,600.0,11400.0
5000008346,20240217,1,679,1,,3,12000.0,3600.0,32400.0
5000009730,20240217,1,968,2,1.0,3,10800.0,0.0,32400.0
5000009731,20240217,1,968,2,1.0,1,12600.0,252.0,12348.0
5000011098,20240217,1,547,1,,1,12000.0,0.0,12000.0
5000011099,20240217,1,547,1,,3,13200.0,1980.0,37620.0
5000011199,20240217,2,1375,1,,1,16500.0,330.0,16170.0
5000012492,20240217,2,740,1,,3,15000.0,900.0,44100.0
5000013682,20240217,1,1175,1,,1,13200.0,1320.0,11880.0
5000014007,20240217,1,234,1,,1,12000.0,600.0,11400.0
5000014733,20240217,2,732,2,1.0,1,15000.0,1500.0,13500.0
5000014734,20240217,1,732,2,1.0,1,12000.0,600.0,11400.0
5000015264,20240217,1,1460,1,,1,12000.0,240.0,11760.0
5000015332,20240217,1,1459,1,,1,12600.0,252.0,12348.0
5000000500,20240218,1,1179,1,,1,12600.0,0.0,12600.0
5000001064,20240218,1,175,1,,1,12000.0,240.0,11760.0
5000001657,20240218,1,1111,2,1.0,3,12000.0,3600.0,32400.0
5000001658,20240218,1,1111,2,1.0,2,12000.0,0.0,24000.0
5000003193,20240218,1,1465,2,4.0,3,13200.0,3960.0,35640.0
5000004718,20240218,1,421,2,1.0,3,10800.0,1620.0,30780.0
5000004737,20240218,2,791,1,,3,15000.0,2250.0,42750.0
5000004738,20240218,2,791,1,,1,15750.0,787.5,14962.5
5000005785,20240218,2,542,1,,2,16500.0,1650.0,31350.0
5000005878,20240218,2,253,2,1.0,2,15750.0,0.0,31500.0
5000006799,20240218,1,649,2,2.0,1,12000.0,240.0,11760.0
5000006839,20240218,2,144,2,1.0,2,15000.0,1500.0,28500.0
5000007446,20240218,1,882,2,2.0,2,12000.0,2400.0,21600.0
5000007965,20240218,2,1475,1,,2,13500.0,1350.0,25650.0
5000008013,20240218,1,986,1,,3,12000.0,720.0,35280.0
5000008014,20240218,2,986,1,,1,15000.0,750.0,14250.0
5000008104,20240218,1,1318,1,,2,13200.0,2640.0,23760.0
5000008105,20240218,2,1318,1,,2,15000.0,600.0,29400.0
5000008421,20240218,1,226,1,,1,12000.0,600.0,11400.0
5000010209,20240218,1,134,1,,1,13200.0,0.0,13200.0
5000010434,20240218,1,272,1,,2,13200.0,0.0,26400.0
5000011252,20240218,1,189,2,3.0,1,12000.0,1200.0,10800.0
5000011253,20240218,2,189,2,3.0,3,15000.0,2250.0,42750.0
5000011334,20240218,2,739,2,1.0,2,15750.0,3150.0,28350.0
5000012150,20240218,2,336,2,4.0,2,16500.0,3300.0,29700.0
5000012151,20240218,1,336,2,4.0,1,12000.0,1200.0,10800.0
5000015372,20240218,1,652,2,4.0,1,12600.0,630.0,11970.0
5000000160,20240219,1,1078,1,,2,12000.0,2400.0,21600.0
5000000572,20240219,2,262,1,,2,15000.0,600.0,29400.0
5000000704,20240219,2,434,1,,3,15000.0,900.0,44100.0
5000000803,20240219,2,79,2,3.0,1,13500.0,1350.0,12150.0
5000000933,20240219,1,601,1,,3,12000.0,720.0,35280.0
5000001812,20240219,2,1250,2,2.0,3,15000.0,4500.0,40500.0
5000002715,20240219,1,1499,1,,2,12600.0,504.0,24696.0
5000007318,20240219,2,104,1,,1,15000.0,0.0,15000.0
5000007438,20240219,1,1481,1,,1,10800.0,1080.0,9720.0
5000007633,20240219,1,729,2,4.0,1,12000.0,1200.0,10800.0
5000007781,20240219,2,1136,1,,3,16500.0,4950.0,44550.0
5000008714,20240219,1,1061,1,,3,12000.0,1800.0,34200.0
5000009303,20240219,2,954,2,4.0,3,15000.0,0.0,45000.0
5000009304,20240219,1,954,2,4.0,3,12000.0,0.0,36000.0
5000009988,20240219,2,515,1,,2,15000.0,600.0,29400.0
5000010196,20240219,1,1431,1,,1,12600.0,252.0,12348.0
5000012304,20240219,1,436,2,4.0,2,13200.0,2640.0,23760.0
5000012480,20240219,2,746,1,,3,15000.0,2250.0,42750.0
5000013067,20240219,2,945,1,,1,13500.0,0.0,13500.0
5000013448,20240219,1,595,1,,1,12000.0,240.0,11760.0
5000013449,20240219,2,595,1,,2,15750.0,3150.0,28350.0
5000013478,20240219,2,286,2,4.0,3,13500.0,0.0,40500.0
5000013556,20240219,1,1240,1,,2,12000.0,0.0,24000.0
5000015301,20240219,1,475,2,2.0,2,12000.0,480.0,23520.0
5000015351,20240219,2,982,1,,2,15000.0,1500.0,28500.0
5000015993,20240219,2,1490,1,,2,15000.0,600.0,29400.0
5000016131,20240219,2,760,1,,1,15000.0,750.0,14250.0
5000016132,20240219,2,760,1,,2,15000.0,600.0,29400.0
5000000319,20240220,1,487,1,,1,12600.0,630.0,11970.0
5000000320,20240220,2,487,1,,3,13500.0,810.0,39690.0
5000000823,20240220,1,698,1,,3,12000.0,720.0,35280.0
5000000852,20240220,2,548,2,3.0,3,15000.0,900.0,44100.0
5000001434,20240220,1,819,1,,3,13200.0,0.0,39600.0
5000002297,20240220,2,40,1,,1,15000.0,1500.0,13500.0
5000002298,20240220,1,40,1,,3,13200.0,792.0,38808.0
5000002299,20240220,2,40,1,,2,15000.0,1500.0,28500.0
5000002580,20240220,2,9,1,,2,15000.0,600.0,29400.0
5000002960,20240220,1,623,1,,2,13200.0,2640.0,23760.0
5000002961,20240220,1,623,1,,3,12000.0,1800.0,34200.0
5000002962,20240220,2,623,1,,3,15000.0,4500.0,40500.0
5000005519,20240220,2,1470,2,2.0,2,15000.0,600.0,29400.0
5000008703,20240220,2,1402,2,3.0,1,16500.0,330.0,16170.0
5000008704,20240220,2,1402,2,3.0,1,16500.0,330.0,16170.0
5000009445,20240220,1,1066,1,,1,10800.0,1080.0,9720.0
5000009833,20240220,1,548,1,,2,12000.0,2400.0,21600.0
5000010500,20240220,1,866,2,4.0,2,12000.0,2400.0,21600.0
5000010501,20240220,2,866,2,4.0,3,16500.0,990.0,48510.0
5000010694,20240220,2,612,2,1.0,2,15000.0,600.0,29400.0
5000013536,20240220,1,537,2,2.0,1,12000.0,600.0,11400.0
5000013768,20240220,1,1117,2,3.0,3,12000.0,3600.0,32400.0
5000013769,20240220,1,1117,2,3.0,2,12600.0,2520.0,22680.0
5000014813,20240220,1,1054,1,,3,12000.0,720.0,35280.0
5000015153,20240220,1,605,1,,3,12000.0,720.0,35280.0
5000015321,20240220,1,796,2,3.0,3,12000.0,3600.0,32400.0
5000016054,20240220,1,13,2,1.0,2,12000.0,480.0,23520.0
5000016055,20240220,1,13,2,1.0,1,12000.0,1200.0,10800.0
5000001405,20240221,1,1245,2,1.0,1,12000.0,1200.0,10800.0
5000001710,20240221,1,1406,2,3.0,2,12000.0,2400.0,21600.0
5000001711,20240221,2,1406,2,3.0,2,15000.0,1500.0,28500.0
5000001712,20240221,1,1406,2,3.0,1,13200.0,264.0,12936.0
5000005856,20240221,1,55,1,,3,12000.0,0.0,36000.0
5000005965,20240221,2,1033,1,,2,13500.0,540.0,26460.0
5000007198,20240221,2,382,1,,3,15000.0,0.0,45000.0
5000008583,20240221,2,465,2,2.0,3,16500.0,2475.0,47025.0
5000008786,20240221,2,835,1,,1,15750.0,0.0,15750.0
5000008846,20240221,2,555,2,1.0,1,15750.0,0.0,15750.0
5000010549,20240221,1,1074,2,1.0,1,12000.0,0.0,12000.0
5000011191,20240221,1,1050,2,4.0,1,12600.0,630.0,11970.0
5000012476,20240221,2,562,1,,1,15000.0,0.0,15000.0
5000012540,20240221,1,951,1,,2,12000.0,1200.0,22800.0
5000013430,20240221,1,1104,1,,3,10800.0,1620.0,30780.0
5000015555,20240221,2,719,1,,3,15000.0,4500.0,40500.0
5000000706,20240222,2,226,2,3.0,1,15000.0,0.0,15000.0
5000000926,20240222,2,954,1,,1,15000.0,1500.0,13500.0
5000001068,20240222,2,290,2,1.0,1,15000.0,1500.0,13500.0
5000001701,20240222,1,1155,1,,3,12000.0,720.0,35280.0
5000001981,20240222,2,1116,2,3.0,2,16500.0,0.0,33000.0
5000003496,20240222,1,1007,2,2.0,2,13200.0,2640.0,23760.0
5000003497,20240222,2,1007,2,2.0,2,15000.0,1500.0,28500.0
5000003831,20240222,2,618,2,4.0,2,15750.0,0.0,31500.0
5000004227,20240222,1,592,1,,3,12000.0,720.0,35280.0
5000005731,20240222,2,1129,1,,3,16500.0,4950.0,44550.0
5000006073,20240222,2,961,1,,2,16500.0,660.0,32340.0
5000007843,20240222,2,911,1,,2,13500.0,2700.0,24300.0
5000009272,20240222,2,391,1,,3,15000.0,2250.0,42750.0
5000009308,20240222,2,255,1,,2,15000.0,1500.0,28500.0
5000009651,20240222,1,1083,2,3.0,1,12000.0,1200.0,10800.0
5000009928,20240222,1,1436,2,4.0,2,12000.0,1200.0,22800.0
5000009929,20240222,1,1436,2,4.0,3,12600.0,0.0,37800.0
5000010251,20240222,1,662,2,2.0,3,13200.0,3960.0,35640.0
5000010252,20240222,1,662,2,2.0,3,12000.0,0.0,36000.0
5000010712,20240222,1,752,1,,1,13200.0,0.0,13200.0
5000013151,20240222,2,727,1,,3,16500.0,990.0,48510.0
5000013152,20240222,2,727,1,,3,15000.0,0.0,45000.0
5000013153,20240222,1,727,1,,2,10800.0,1080.0,20520.0
5000013551,20240222,1,1016,1,,1,12000.0,600.0,11400.0
5000014526,20240222,1,1067,1,,2,12600.0,2520.0,22680.0
5000000786,20240223,1,223,2,2.0,2,12000.0,2400.0,21600.0
5000001112,20240223,2,1224,1,,2,15750.0,1575.0,29925.0
5000003423,20240223,2,1359,1,,2,13500.0,540.0,26460.0
5000003424,20240223,1,1359,1,,2,12000.0,0.0,24000.0
5000003760,20240223,1,1110,1,,2,13200.0,2640.0,23760.0
5000004535,20240223,1,84,1,,2,12600.0,1260.0,23940.0
5000004621,20240223,2,1498,1,,2,15000.0,0.0,30000.0
5000007582,20240223,1,1135,1,,2,12000.0,2400.0,21600.0
5000007583,20240223,2,1135,1,,3,15000.0,2250.0,42750.0
5000007685,20240223,1,974,2,3.0,3,12000.0,3600.0,32400.0
5000007927,20240223,2,1149,2,4.0,3,15000.0,900.0,44100.0
5000008549,20240223,1,212,1,,2,12000.0,1200.0,22800.0
5000009447,20240223,2,198,1,,2,15000.0,0.0,30000.0
5000009493,20240223,2,583,1,,2,15000.0,600.0,29400.0
5000009494,20240223,1,583,1,,3,12000.0,1800.0,34200.0
5000009861,20240223,1,275,1,,2,12000.0,2400.0,21600.0
5000009862,20240223,1,275,1,,2,10800.0,0.0,21600.0
5000010679,20240223,1,310,1,,3,12600.0,0.0,37800.0
5000011107,20240223,1,1380,1,,2,10800.0,2160.0,19440.0
5000012965,20240223,2,1146,1,,3,15750.0,2362.5,44887.5
5000013115,20240223,2,1348,2,3.0,3,15750.0,0.0,47250.0
5000013791,20240223,2,69,1,,1,16500.0,0.0,16500.0
5000014807,20240223,2,1264,1,,3,13500.0,2025.0,38475.0
5000015257,20240223,2,90,2,1.0,3,15750.0,945.0,46305.0
5000015258,20240223,1,90,2,1.0,2,12000.0,0.0,24000.0
5000000222,20240224,1,584,1,,2,10800.0,0.0,21600.0
5000001593,20240224,2,184,1,,1,15000.0,300.0,14700.0
5000001594,20240224,1,184,1,,1,12000.0,0.0,12000.0
5000003800,20240224,2,1003,1,,3,15000.0,900.0,44100.0
5000003930,20240224,1,892,1,,2,12600.0,504.0,24696.0
5000004721,20240224,2,1399,2,1.0,1,15000.0,0.0,15000.0
5000005555,20240224,1,361,1,,3,12600.0,756.0,37044.0
5000005690,20240224,1,850,1,,1,12000.0,1200.0,10800.0
5000005697,20240224,1,1018,1,,2,10800.0,2160.0,19440.0
5000006205,20240224,1,827,1,,1,12000.0,240.0,11760.0
5000006436,20240224,2,1461,1,,2,15000.0,3000.0,27000.0
5000006437,20240224,1,1461,1,,1,10800.0,0.0,10800.0
5000007720,20240224,1,1119,2,1.0,1,12000.0,240.0,11760.0
5000007962,20240224,1,928,1,,2,12600.0,0.0,25200.0
5000009086,20240224,1,335,2,2.0,1,10800.0,540.0,10260.0
5000010010,20240224,2,1259,1,,2,15750.0,0.0,31500.0
5000011225,20240224,1,807,2,3.0,3,12600.0,3780.0,34020.0
5000015636,20240224,1,1422,1,,2,10800.0,432.0,21168.0
5000015637,20240224,1,1422,1,,2,12000.0,480.0,23520.0
5000000088,20240225,1,428,2,4.0,3,10800.0,3240.0,29160.0
5000000792,20240225,2,188,1,,3,15000.0,900.0,44100.0
5000000793,20240225,1,188,1,,2,12000.0,480.0,23520.0
5000001530,20240225,2,477,2,3.0,1,15000.0,300.0,14700.0
5000004329,20240225,1,738,1,,2,12600.0,2520.0,22680.0
5000005314,20240225,2,210,1,,1,13500.0,1350.0,12150.0
5000005315,20240225,2,210,1,,3,15000.0,2250.0,42750.0
5000005802,20240225,2,1307,1,,2,15750.0,630.0,30870.0
5000005803,20240225,1,1307,1,,1,12600.0,630.0,11970.0
5000006268,20240225,1,1169,1,,1,12000.0,600.0,11400.0
5000008247,20240225,1,461,1,,1,12000.0,0.0,12000.0
5000008600,20240225,1,1318,2,2.0,2,12000.0,2400.0,21600.0
5000008601,20240225,1,1318,2,2.0,2,12000.0,1200.0,22800.0
5000011620,20240225,1,621,2,4.0,1,12000.0,0.0,12000.0
5000011708,20240225,1,520,2,4.0,2,12000.0,2400.0,21600.0
5000012475,20240225,2,781,2,4.0,1,15750.0,0.0,15750.0
5000014971,20240225,2,486,2,2.0,3,15000.0,900.0,44100.0
5000015544,20240225,1,311,2,3.0,3,12000.0,1800.0,34200.0
5000000231,20240226,2,400,1,,3,13500.0,0.0,40500.0
5000001367,20240226,1,134,1,,2,12000.0,1200.0,22800.0
5000002346,20240226,2,920,2,3.0,3,13500.0,0.0,40500.0
5000002874,20240226,2,394,1,,1,15750.0,787.5,14962.5
5000002875,20240226,1,394,1,,2,12000.0,2400.0,21600.0
5000003154,20240226,1,1389,1,,3,12000.0,3600.0,32400.0
5000004483,20240226,2,1271,2,2.0,2,15000.0,600.0,29400.0
5000004484,20240226,1,1271,2,2.0,1,12000.0,600.0,11400.0
5000004579,20240226,2,551,2,4.0,1,13500.0,270.0,13230.0
5000004580,20240226,1,551,2,4.0,3,12000.0,720.0,35280.0
5000004581,20240226,2,551,2,4.0,1,15000.0,750.0,14250.0
5000008316,20240226,1,849,2,1.0,3,12000.0,1800.0,34200.0
5000008658,20240226,1,860,2,4.0,1,13200.0,0.0,13200.0
5000010159,20240226,2,1071,1,,1,16500.0,330.0,16170.0
5000010160,20240226,2,1071,1,,3,15000.0,4500.0,40500.0
5000010593,20240226,1,1324,1,,3,12000.0,720.0,35280.0
5000010922,20240226,1,436,1,,1,12600.0,1260.0,11340.0
5000012633,20240226,2,1435,1,,2,15750.0,3150.0,28350.0
5000012634,20240226,1,1435,1,,3,10800.0,0.0,32400.0
5000012635,20240226,2,1435,1,,2,15000.0,0.0,30000.0
5000013092,20240226,1,165,2,1.0,1,10800.0,540.0,10260.0
5000014587,20240226,2,420,1,,3,15000.0,900.0,44100.0
5000014710,20240226,1,428,1,,3,12000.0,1800.0,34200.0
5000014711,20240226,1,428,1,,2,13200.0,0.0,26400.0
5000014712,20240226,2,428,1,,3,15750.0,2362.5,44887.5
5000014925,20240226,2,915,1,,1,15000.0,1500.0,13500.0
5000015596,20240226,1,806,1,,2,12000.0,0.0,24000.0
5000015597,20240226,1,806,1,,1,12600.0,252.0,12348.0
5000000140,20240227,1,258,1,,1,12000.0,0.0,12000.0
5000001514,20240227,1,1278,1,,3,10800.0,648.0,31752.0
5000001609,20240227,1,470,2,2.0,3,12000.0,720.0,35280.0
5000001610,20240227,2,470,2,2.0,2,15750.0,0.0,31500.0
5000004069,20240227,1,1085,2,4.0,3,12000.0,1800.0,34200.0
5000004352,20240227,2,439,2,4.0,2,13500.0,540.0,26460.0
5000004353,20240227,2,439,2,4.0,1,13500.0,0.0,13500.0
5000004734,20240227,1,243,2,1.0,2,10800.0,0.0,21600.0
5000004735,20240227,1,243,2,1.0,1,10800.0,540.0,10260.0
5000004799,20240227,2,1367,1,,3,15000.0,0.0,45000.0
5000005847,20240227,1,36,1,,2,12600.0,504.0,24696.0
5000006347,20240227,1,1336,2,2.0,3,12000.0,720.0,35280.0
5000006605,20240227,2,329,2,4.0,1,15000.0,750.0,14250.0
5000008661,20240227,1,199,2,4.0,2,12000.0,2400.0,21600.0
5000009030,20240227,2,1199,1,,2,15000.0,0.0,30000.0
5000010412,20240227,1,664,2,1.0,2,12000.0,2400.0,21600.0
5000010413,20240227,2,664,2,1.0,1,16500.0,1650.0,14850.0
5000010414,20240227,2,27,1,,3,15000.0,4500.0,40500.0
5000010415,20240227,2,27,1,,3,15000.0,2250.0,42750.0
5000010538,20240227,1,600,1,,1,12000.0,600.0,11400.0
5000011453,20240227,1,952,1,,2,10800.0,0.0,21600.0
5000011718,20240227,1,135,1,,1,12600.0,252.0,12348.0
5000012906,20240227,2,1270,1,,1,13500.0,1350.0,12150.0
5000012907,20240227,1,1270,1,,2,12000.0,2400.0,21600.0
5000013788,20240227,2,671,1,,1,15000.0,0.0,15000.0
5000014133,20240227,1,194,2,4.0,3,12000.0,1800.0,34200.0
5000014134,20240227,2,194,2,4.0,3,13500.0,2025.0,38475.0
5000014135,20240227,2,194,2,4.0,1,16500.0,0.0,16500.0
5000015939,20240227,2,113,1,,2,15000.0,3000.0,27000.0
5000000174,20240228,2,1383,1,,2,15000.0,1500.0,28500.0
5000000175,20240228,2,1383,1,,2,15750.0,3150.0,28350.0
5000000836,20240228,2,984,2,2.0,3,15750.0,4725.0,42525.0
5000001887,20240228,2,922,2,3.0,3,15750.0,945.0,46305.0
5000001888,20240228,1,922,2,3.0,3,13200.0,1980.0,37620.0
5000002593,20240228,1,650,2,4.0,1,12000.0,1200.0,10800.0
5000002594,20240228,2,650,2,4.0,2,13500.0,0.0,27000.0
5000003333,20240228,1,765,1,,2,12000.0,2400.0,21600.0
5000004835,20240228,1,1236,1,,2,12000.0,480.0,23520.0
5000005435,20240228,2,94,1,,2,15000.0,0.0,30000.0
5000005957,20240228,2,736,2,4.0,3,15750.0,0.0,47250.0
5000005958,20240228,2,736,2,4.0,3,15000.0,4500.0,40500.0
5000006901,20240228,2,676,1,,2,15000.0,1500.0,28500.0
5000006993,20240228,2,1127,1,,3,15000.0,4500.0,40500.0
5000006994,20240228,1,1127,1,,1,13200.0,1320.0,11880.0
5000008374,20240228,1,685,1,,2,10800.0,1080.0,20520.0
5000008896,20240228,2,279,1,,2,13500.0,540.0,26460.0
5000008950,20240228,1,1222,2,3.0,1,12000.0,0.0,12000.0
5000010032,20240228,2,796,2,3.0,2,13500.0,2700.0,24300.0
5000011222,20240228,1,426,1,,1,12000.0,600.0,11400.0
5000011223,20240228,1,426,1,,1,12600.0,630.0,11970.0
5000011224,20240228,2,426,1,,1,15000.0,750.0,14250.0
5000014327,20240228,2,594,1,,3,15000.0,2250.0,42750.0
5000014328,20240228,1,594,1,,2,10800.0,1080.0,20520.0
5000014561,20240228,2,844,2,3.0,3,15750.0,4725.0,42525.0
5000014562,20240228,1,844,2,3.0,1,10800.0,1080.0,9720.0
5000014563,20240228,1,844,2,3.0,2,12000.0,480.0,23520.0
5000014566,20240228,2,129,1,,1,15750.0,787.5,14962.5
5000014567,20240228,2,129,1,,3,15000.0,900.0,44100.0
5000015097,20240228,2,1243,1,,3,15000.0,2250.0,42750.0
5000000357,20240229,2,553,1,,2,15000.0,3000.0,27000.0
5000000481,20240229,1,305,1,,1,12000.0,240.0,11760.0
5000000795,20240229,2,1119,1,,3,15000.0,0.0,45000.0
5000001021,20240229,1,110,2,3.0,1,12000.0,1200.0,10800.0
5000001022,20240229,1,110,2,3.0,3,12000.0,3600.0,32400.0
5000001667,20240229,2,151,2,4.0,1,15000.0,1500.0,13500.0
5000001690,20240229,1,925,2,1.0,3,12000.0,0.0,36000.0
5000002394,20240229,2,1146,1,,2,16500.0,660.0,32340.0
5000002395,20240229,1,1146,1,,2,12000.0,2400.0,21600.0
5000002396,20240229,1,1146,1,,1,12000.0,0.0,12000.0
5000003341,20240229,2,678,1,,1,15000.0,750.0,14250.0
5000003342,20240229,2,678,1,,3,15750.0,2362.5,44887.5
5000003343,20240229,1,678,1,,1,12000.0,600.0,11400.0
5000004810,20240229,1,949,2,2.0,2,12000.0,480.0,23520.0
5000004811,20240229,2,949,2,2.0,2,13500.0,540.0,26460.0
5000006062,20240229,1,217,2,2.0,2,12000.0,0.0,24000.0
5000006499,20240229,2,206,2,2.0,1,15000.0,1500.0,13500.0
5000008770,20240229,2,733,2,4.0,2,15000.0,1500.0,28500.0
5000009646,20240229,1,1177,1,,2,12000.0,1200.0,22800.0
5000009647,20240229,1,1177,1,,2,12600.0,1260.0,23940.0
5000009934,20240229,2,351,2,1.0,1,16500.0,0.0,16500.0
5000009935,20240229,1,351,2,1.0,1,12000.0,0.0,12000.0
5000010550,20240229,1,877,1,,3,12000.0,720.0,35280.0
5000011155,20240229,2,722,1,,1,15000.0,1500.0,13500.0
5000011156,20240229,1,722,1,,2,12000.0,2400.0,21600.0
5000011657,20240229,2,1419,1,,1,15000.0,750.0,14250.0
5000011889,20240229,1,975,2,2.0,2,12000.0,2400.0,21600.0
5000014642,20240229,2,1211,1,,2,15000.0,600.0,29400.0
5000014643,20240229,1,1211,1,,2,12000.0,1200.0,22800.0
5000015058,20240229,2,29,1,,3,16500.0,4950.0,44550.0
5000015135,20240229,1,10,1,,3,10800.0,3240.0,29160.0
5000015136,20240229,1,10,1,,3,13200.0,3960.0,35640.0
5000000107,20240301,1,127,1,,2,12000.0,480.0,23520.0
5000000365,20240301,1,720,1,,3,12000.0,720.0,35280.0
5000001338,20240301,1,1368,2,1.0,2,12000.0,1200.0,22800.0
5000001339,20240301,2,1368,2,1.0,2,15000.0,3000.0,27000.0
5000002929,20240301,1,1188,1,,1,12000.0,1200.0,10800.0
5000004708,20240301,2,1002,2,3.0,3,15750.0,2362.5,44887.5
5000004709,20240301,1,1002,2,3.0,3,12000.0,0.0,36000.0
5000004793,20240301,1,1074,2,4.0,2,12000.0,1200.0,22800.0
5000004794,20240301,1,1074,2,4.0,2,13200.0,0.0,26400.0
5000006171,20240301,2,635,1,,3,13500.0,810.0,39690.0
5000006897,20240301,2,59,1,,1,15000.0,0.0,15000.0
5000007652,20240301,1,297,1,,2,10800.0,432.0,21168.0
5000008692,20240301,2,169,1,,3,16500.0,4950.0,44550.0
5000008693,20240301,2,169,1,,3,13500.0,0.0,40500.0
5000008694,20240301,2,169,1,,2,15000.0,0.0,30000.0
5000011411,20240301,1,10,2,2.0,3,12000.0,1800.0,34200.0
5000011412,20240301,1,10,2,2.0,1,12000.0,1200.0,10800.0
5000011595,20240301,2,295,1,,3,13500.0,4050.0,36450.0
5000011712,20240301,2,780,1,,3,15000.0,4500.0,40500.0
5000011713,20240301,2,780,1,,2,15000.0,3000.0,27000.0
5000013068,20240301,2,1347,2,2.0,1,13500.0,270.0,13230.0
5000014437,20240301,1,1158,2,2.0,2,12000.0,1200.0,22800.0
5000014438,20240301,2,1158,2,2.0,1,15000.0,0.0,15000.0
5000015883,20240301,2,67,2,4.0,3,15000.0,900.0,44100.0
5000000337,20240302,2,1356,2,1.0,3,15000.0,900.0,44100.0
5000001549,20240302,2,336,1,,3,13500.0,0.0,40500.0
5000001550,20240302,1,336,1,,3,10800.0,0.0,32400.0
5000002144,20240302,2,676,2,2.0,3,13500.0,0.0,40500.0
5000002696,20240302,2,1235,1,,1,15750.0,0.0,15750.0
5000002719,20240302,1,1364,1,,3,12000.0,720.0,35280.0
5000003020,20240302,1,161,2,3.0,3,13200.0,1980.0,37620.0
5000005126,20240302,1,884,1,,3,12000.0,1800.0,34200.0
5000005244,20240302,2,115,2,1.0,3,15000.0,0.0,45000.0
5000007033,20240302,2,1382,1,,3,16500.0,4950.0,44550.0
5000007034,20240302,2,1382,1,,3,15750.0,2362.5,44887.5
5000008042,20240302,2,1131,1,,2,15000.0,600.0,29400.0
5000008043,20240302,1,1131,1,,3,12600.0,3780.0,34020.0
5000008273,20240302,2,1392,1,,2,16500.0,3300.0,29700.0
5000009989,20240302,1,1333,2,4.0,1,10800.0,216.0,10584.0
5000010048,20240302,1,777,2,1.0,1,12000.0,1200.0,10800.0
5000010612,20240302,1,1353,1,,1,12000.0,600.0,11400.0
5000011818,20240302,2,1057,2,2.0,3,15000.0,2250.0,42750.0
5000011865,20240302,1,533,1,,2,12000.0,480.0,23520.0
5000013698,20240302,1,994,1,,2,10800.0,0.0,21600.0
5000013756,20240302,2,1446,1,,3,15000.0,2250.0,42750.0
5000013757,20240302,1,1446,1,,2,12000.0,1200.0,22800.0
5000014356,20240302,1,1474,2,4.0,1,12000.0,600.0,11400.0
5000015960,20240302,1,352,2,1.0,3,10800.0,3240.0,29160.0
5000002229,20240303,2,612,1,,3,15750.0,945.0,46305.0
5000002316,20240303,1,1049,1,,2,12000.0,0.0,24000.0
5000002317,20240303,1,1049,1,,3,12000.0,0.0,36000.0
5000002968,20240303,2,502,2,2.0,1,15000.0,300.0,14700.0
5000003421,20240303,1,323,2,3.0,2,12600.0,2520.0,22680.0
5000003422,20240303,2,323,2,3.0,1,15000.0,300.0,14700.0
5000003572,20240303,2,415,1,,1,15000.0,750.0,14250.0
5000004465,20240303,1,37,1,,3,13200.0,1980.0,37620.0
5000005457,20240303,1,653,2,1.0,2,12000.0,0.0,24000.0
5000005458,20240303,1,653,2,1.0,1,10800.0,1080.0,9720.0
5000005459,20240303,2,653,2,1.0,1,15000.0,750.0,14250.0
5000007188,20240303,1,774,1,,2,10800.0,2160.0,19440.0
5000007252,20240303,2,43,1,,2,16500.0,3300.0,29700.0
5000007430,20240303,2,1147,1,,3,15000.0,0.0,45000.0
5000008283,20240303,2,185,1,,1,15000.0,750.0,14250.0
5000008284,20240303,1,185,1,,3,10800.0,0.0,32400.0
5000008637,20240303,2,1278,1,,1,15000.0,750.0,14250.0
5000008705,20240303,2,1032,1,,2,15000.0,1500.0,28500.0
5000009274,20240303,1,184,1,,2,12000.0,480.0,23520.0
5000009275,20240303,1,184,1,,3,12000.0,1800.0,34200.0
5000009570,20240303,2,1125,2,3.0,3,15000.0,0.0,45000.0
5000009993,20240303,2,513,2,2.0,3,15000.0,900.0,44100.0
5000010059,20240303,1,989,1,,2,13200.0,2640.0,23760.0
5000012806,20240303,1,643,1,,1,12600.0,252.0,12348.0
5000012807,20240303,2,643,1,,1,16500.0,0.0,16500.0
5000013472,20240303,2,1364,1,,3,15750.0,2362.5,44887.5
5000013971,20240303,2,809,1,,1,15750.0,315.0,15435.0
5000013972,20240303,2,809,1,,3,15000.0,900.0,44100.0
5000014906,20240303,2,31,1,,2,15000.0,600.0,29400.0
5000015673,20240303,1,356,1,,3,12000.0,3600.0,32400.0
5000015793,20240303,1,208,1,,3,12000.0,3600.0,32400.0
5000016095,20240303,1,848,1,,3,10800.0,1620.0,30780.0
5000000061,20240304,1,1028,1,,1,12000.0,600.0,11400.0
5000001083,20240304,2,907,2,2.0,3,15000.0,900.0,44100.0
5000001084,20240304,1,907,2,2.0,1,12600.0,252.0,12348.0
5000002100,20240304,1,1203,2,3.0,3,12000.0,720.0,35280.0
5000003046,20240304,1,1009,1,,3,10800.0,3240.0,29160.0
5000004672,20240304,1,167,1,,1,12600.0,252.0,12348.0
5000005701,20240304,2,594,2,3.0,3,13500.0,4050.0,36450.0
5000006291,20240304,1,238,1,,2,13200.0,1320.0,25080.0
5000006714,20240304,1,1104,1,,3,12000.0,720.0,35280.0
5000006715,20240304,1,1104,1,,3,10800.0,3240.0,29160.0
5000007497,20240304,1,1331,1,,1,12600.0,1260.0,11340.0
5000007498,20240304,2,1331,1,,2,15750.0,0.0,31500.0
5000010832,20240304,1,68,2,2.0,3,12000.0,1800.0,34200.0
5000012660,20240304,1,751,2,1.0,3,10800.0,648.0,31752.0
5000012661,20240304,1,751,2,1.0,1,12000.0,1200.0,10800.0
5000013944,20240304,1,745,2,4.0,3,12000.0,0.0,36000.0
5000015116,20240304,2,191,1,,2,16500.0,3300.0,29700.0
5000002274,20240305,2,1468,1,,3,15000.0,4500.0,40500.0
5000002275,20240305,2,1468,1,,2,16500.0,3300.0,29700.0
5000002500,20240305,1,952,2,2.0,2,13200.0,1320.0,25080.0
5000003365,20240305,2,665,1,,2,15000.0,1500.0,28500.0
5000003366,20240305,1,665,1,,1,10800.0,216.0,10584.0
5000003555,20240305,1,995,1,,3,12000.0,720.0,35280.0
5000003556,20240305,1,995,1,,3,10800.0,1620.0,30780.0
5000003573,20240305,2,292,2,3.0,1,15000.0,750.0,14250.0
5000004923,20240305,1,592,2,2.0,1,13200.0,660.0,12540.0
5000006771,20240305,1,273,1,,3,12000.0,3600.0,32400.0
5000006772,20240305,2,273,1,,1,13500.0,675.0,12825.0
5000006791,20240305,2,803,1,,1,15000.0,1500.0,13500.0
5000006792,20240305,2,803,1,,3,15000.0,4500.0,40500.0
5000006793,20240305,2,803,1,,1,15000.0,1500.0,13500.0
5000008154,20240305,1,743,1,,2,12000.0,1200.0,22800.0
5000008224,20240305,1,1385,1,,3,12000.0,1800.0,34200.0
5000008225,20240305,1,1385,1,,1,13200.0,0.0,13200.0
5000008468,20240305,2,1271,1,,1,15000.0,750.0,14250.0
5000010079,20240305,2,899,1,,3,13500.0,810.0,39690.0
5000011139,20240305,2,857,1,,2,15000.0,600.0,29400.0
5000012491,20240305,2,882,1,,3,16500.0,990.0,48510.0
5000013043,20240305,1,1104,1,,1,12600.0,1260.0,11340.0
5000013128,20240305,1,658,1,,2,12600.0,0.0,25200.0
5000014895,20240305,2,1129,1,,1,15000.0,750.0,14250.0
5000015260,20240305,1,866,1,,1,13200.0,0.0,13200.0
5000015954,20240305,2,303,1,,3,15000.0,2250.0,42750.0
5000016050,20240305,1,333,1,,3,12000.0,3600.0,32400.0
5000003121,20240306,1,58,1,,2,12000.0,0.0,24000.0
5000003307,20240306,2,826,2,1.0,2,16500.0,0.0,33000.0
5000003308,20240306,1,826,2,1.0,2,12000.0,2400.0,21600.0
5000003999,20240306,2,335,1,,2,15750.0,0.0,31500.0
5000004000,20240306,1,335,1,,3,12000.0,0.0,36000.0
5000004727,20240306,2,1187,2,4.0,1,16500.0,330.0,16170.0
5000006968,20240306,2,382,2,2.0,3,15000.0,0.0,45000.0
5000008064,20240306,1,459,2,3.0,2,10800.0,432.0,21168.0
5000014482,20240306,2,981,2,3.0,1,13500.0,1350.0,12150.0
5000015248,20240306,2,1351,2,1.0,1,15000.0,0.0,15000.0
5000016021,20240306,2,779,1,,1,15000.0,750.0,14250.0
5000003215,20240307,1,1376,1,,1,12000.0,1200.0,10800.0
5000003216,20240307,1,1376,1,,1,12000.0,600.0,11400.0
5000003949,20240307,2,253,1,,1,15000.0,0.0,15000.0
5000004813,20240307,2,932,2,1.0,2,15000.0,0.0,30000.0
5000008941,20240307,2,1159,1,,1,15750.0,0.0,15750.0
5000011477,20240307,1,828,1,,2,12000.0,1200.0,22800.0
5000011478,20240307,2,828,1,,1,15000.0,750.0,14250.0
5000013796,20240307,2,1309,1,,3,15000.0,900.0,44100.0
5000014626,20240307,1,109,1,,2,10800.0,0.0,21600.0
5000014979,20240307,2,1346,1,,3,13500.0,0.0,40500.0
5000015820,20240307,2,1352,1,,1,15000.0,750.0,14250.0
5000000070,20240308,1,1469,2,2.0,1,12000.0,1200.0,10800.0
5000000259,20240308,1,456,2,2.0,1,12000.0,0.0,12000.0
5000001628,20240308,2,299,1,,2,15000.0,600.0,29400.0
5000001629,20240308,1,299,1,,1,12600.0,1260.0,11340.0
5000002572,20240308,1,278,2,1.0,3,12000.0,1800.0,34200.0
5000004534,20240308,2,1500,1,,1,15000.0,1500.0,13500.0
5000004659,20240308,2,1044,1,,1,13500.0,1350.0,12150.0
5000005518,20240308,1,1190,1,,1,12000.0,600.0,11400.0
5000006050,20240308,1,690,2,2.0,3,10800.0,1620.0,30780.0
5000007803,20240308,1,661,2,3.0,1,10800.0,540.0,10260.0
5000008288,20240308,1,1168,2,4.0,2,12000.0,2400.0,21600.0
5000008289,20240308,2,1168,2,4.0,3,15000.0,2250.0,42750.0
5000008290,20240308,2,1168,2,4.0,1,15000.0,300.0,14700.0
5000008465,20240308,2,748,2,3.0,3,15000.0,4500.0,40500.0
5000008466,20240308,1,748,2,3.0,3,13200.0,792.0,38808.0
5000008994,20240308,2,243,1,,1,15000.0,750.0,14250.0
5000011493,20240308,1,1399,1,,1,12000.0,1200.0,10800.0
5000011494,20240308,1,1399,1,,2,12600.0,504.0,24696.0
5000012146,20240308,2,212,2,4.0,3,16500.0,4950.0,44550.0
5000012251,20240308,1,1221,2,4.0,2,12600.0,2520.0,22680.0
5000012333,20240308,2,408,2,3.0,2,15750.0,630.0,30870.0
5000012334,20240308,1,408,2,3.0,1,12600.0,252.0,12348.0
5000013390,20240308,1,401,1,,1,12000.0,240.0,11760.0
5000013701,20240308,2,835,2,2.0,2,13500.0,2700.0,24300.0
5000014775,20240308,1,1132,1,,2,13200.0,1320.0,25080.0
5000014776,20240308,2,1132,1,,2,13500.0,540.0,26460.0
5000015425,20240308,2,843,1,,2,15750.0,3150.0,28350.0
5000000381,20240309,2,426,2,2.0,2,15000.0,0.0,30000.0
5000000382,20240309,2,426,2,2.0,2,15000.0,1500.0,28500.0
5000000930,20240309,1,1425,2,3.0,1,12000.0,600.0,11400.0
5000001902,20240309,1,1246,2,3.0,2,12000.0,0.0,24000.0
5000001903,20240309,1,1246,2,3.0,1,12600.0,0.0,12600.0
5000003865,20240309,2,175,1,,3,15750.0,0.0,47250.0
5000006307,20240309,1,899,2,4.0,2,10800.0,432.0,21168.0
5000006308,20240309,1,899,2,4.0,3,13200.0,0.0,39600.0
5000006611,20240309,1,1132,1,,3,12000.0,0.0,36000.0
5000007339,20240309,1,376,2,1.0,2,13200.0,528.0,25872.0
5000007522,20240309,2,121,1,,2,15000.0,1500.0,28500.0
5000007523,20240309,1,121,1,,1,13200.0,660.0,12540.0
5000010979,20240309,1,1184,1,,3,13200.0,792.0,38808.0
5000012949,20240309,1,327,1,,2,12000.0,0.0,24000.0
5000013190,20240309,1,348,1,,3,10800.0,1620.0,30780.0
5000013289,20240309,1,1288,2,4.0,2,10800.0,1080.0,20520.0
5000013290,20240309,1,1288,2,4.0,3,12000.0,3600.0,32400.0
5000013407,20240309,2,651,1,,2,15000.0,3000.0,27000.0
5000013823,20240309,1,41,1,,2,12000.0,0.0,24000.0
5000014198,20240309,2,301,2,4.0,3,15000.0,4500.0,40500.0
5000014354,20240309,2,1057,1,,2,15000.0,1500.0,28500.0
5000014355,20240309,1,1057,1,,2,12000.0,1200.0,22800.0
5000000977,20240310,2,879,2,4.0,1,13500.0,675.0,12825.0
5000002879,20240310,2,1108,2,3.0,1,13500.0,675.0,12825.0
5000003364,20240310,2,706,1,,1,16500.0,1650.0,14850.0
5000003688,20240310,1,291,2,1.0,2,12000.0,2400.0,21600.0
5000004948,20240310,2,414,2,2.0,2,13500.0,0.0,27000.0
5000004949,20240310,2,414,2,2.0,1,15000.0,300.0,14700.0
5000005407,20240310,1,1163,2,2.0,3,12000.0,1800.0,34200.0
5000006629,20240310,2,812,2,3.0,1,16500.0,330.0,16170.0
5000006630,20240310,1,812,2,3.0,2,10800.0,0.0,21600.0
5000006631,20240310,2,812,2,3.0,2,13500.0,1350.0,25650.0
5000007063,20240310,2,675,1,,2,15000.0,0.0,30000.0
5000007560,20240310,2,1443,1,,2,16500.0,1650.0,31350.0
5000007677,20240310,2,576,1,,3,15000.0,4500.0,40500.0
5000008666,20240310,2,604,1,,3,13500.0,0.0,40500.0
5000008667,20240310,2,604,1,,3,15000.0,0.0,45000.0
5000009178,20240310,2,1198,2,1.0,1,15000.0,0.0,15000.0
5000009265,20240310,1,746,1,,2,12000.0,2400.0,21600.0
5000010140,20240310,1,304,1,,2,10800.0,0.0,21600.0
5000011044,20240310,2,1316,1,,1,15000.0,0.0,15000.0
5000011866,20240310,2,715,1,,2,13500.0,1350.0,25650.0
5000012513,20240310,1,778,2,1.0,2,12000.0,2400.0,21600.0
5000012548,20240310,1,298,1,,1,12000.0,240.0,11760.0
5000013927,20240310,1,1098,1,,3,10800.0,0.0,32400.0
5000015184,20240310,2,338,2,1.0,2,15750.0,630.0,30870.0
5000015926,20240310,1,666,1,,2,10800.0,0.0,21600.0
5000015927,20240310,2,666,1,,3,13500.0,2025.0,38475.0
5000015928,20240310,1,666,1,,2,10800.0,432.0,21168.0
5000002996,20240311,2,696,1,,3,15750.0,0.0,47250.0
5000004896,20240311,2,833,1,,3,15000.0,0.0,45000.0
5000004897,20240311,2,833,1,,1,16500.0,0.0,16500.0
5000006579,20240311,1,548,2,1.0,3,12000.0,1800.0,34200.0
5000007027,20240311,2,808,1,,1,15000.0,300.0,14700.0
5000007028,20240311,2,808,1,,1,15000.0,1500.0,13500.0
5000009573,20240311,1,1130,1,,3,12000.0,1800.0,34200.0
5000009576,20240311,1,1233,2,2.0,2,10800.0,2160.0,19440.0
5000011097,20240311,2,566,1,,3,13500.0,810.0,39690.0
5000000011,20240312,1,614,2,2.0,2,12000.0,0.0,24000.0
5000000947,20240312,1,586,1,,2,12600.0,0.0,25200.0
5000001720,20240312,1,918,1,,2,12000.0,2400.0,21600.0
5000001721,20240312,1,918,1,,3,12600.0,756.0,37044.0
5000002397,20240312,1,1482,1,,1,12600.0,0.0,12600.0
5000003915,20240312,2,760,2,1.0,3,15000.0,4500.0,40500.0
5000004688,20240312,2,396,1,,3,15000.0,2250.0,42750.0
5000006259,20240312,2,244,2,4.0,1,15000.0,0.0,15000.0
5000006948,20240312,1,303,2,4.0,1,12000.0,0.0,12000.0
5000007459,20240312,1,1326,2,3.0,2,12000.0,480.0,23520.0
5000007807,20240312,1,1257,1,,3,10800.0,648.0,31752.0
5000007808,20240312,1,1257,1,,1,10800.0,0.0,10800.0
5000008445,20240312,2,1069,1,,2,15750.0,1575.0,29925.0
5000008447,20240312,1,376,1,,3,12600.0,3780.0,34020.0
5000008611,20240312,1,114,1,,3,10800.0,3240.0,29160.0
5000008612,20240312,2,114,1,,2,13500.0,2700.0,24300.0
5000009056,20240312,2,158,1,,3,15000.0,0.0,45000.0
5000009281,20240312,1,481,1,,2,12600.0,504.0,24696.0
5000009511,20240312,1,1377,2,1.0,1,13200.0,0.0,13200.0
5000010547,20240312,2,704,1,,2,15000.0,0.0,30000.0
5000010548,20240312,1,704,1,,2,12000.0,2400.0,21600.0
5000012004,20240312,2,1302,1,,1,15750.0,315.0,15435.0
5000012329,20240312,1,323,2,2.0,3,12000.0,0.0,36000.0
5000012330,20240312,1,323,2,2.0,2,10800.0,1080.0,20520.0
5000015296,20240312,2,922,2,4.0,1,15750.0,1575.0,14175.0
5000015666,20240312,1,536,1,,3,12000.0,0.0,36000.0
5000000018,20240313,2,1336,2,1.0,1,15000.0,300.0,14700.0
5000001114,20240313,1,1411,1,,3,13200.0,3960.0,35640.0
5000001478,20240313,1,447,2,4.0,2,13200.0,0.0,26400.0
5000001685,20240313,2,252,1,,1,15000.0,0.0,15000.0
5000001807,20240313,1,1456,1,,3,12000.0,720.0,35280.0
5000002087,20240313,1,715,2,2.0,2,12000.0,1200.0,22800.0
5000004019,20240313,2,1270,1,,1,15750.0,315.0,15435.0
5000004291,20240313,2,494,1,,3,15000.0,2250.0,42750.0
5000004292,20240313,1,494,1,,3,12000.0,0.0,36000.0
5000004573,20240313,1,323,1,,1,12000.0,1200.0,10800.0
5000005134,20240313,1,462,2,2.0,3,12000.0,720.0,35280.0
5000005135,20240313,1,462,2,2.0,2,12000.0,2400.0,21600.0
5000005203,20240313,1,731,2,1.0,1,10800.0,1080.0,9720.0
5000006292,20240313,1,536,1,,3,12000.0,1800.0,34200.0
5000006721,20240313,1,519,1,,1,12600.0,0.0,12600.0
5000006722,20240313,1,519,1,,1,12000.0,1200.0,10800.0
5000008199,20240313,2,447,1,,3,15750.0,0.0,47250.0
5000008585,20240313,1,602,1,,3,12000.0,0.0,36000.0
5000008674,20240313,1,1448,1,,2,12000.0,2400.0,21600.0
5000008675,20240313,1,1448,1,,2,12000.0,0.0,24000.0
5000008898,20240313,1,1359,1,,2,12600.0,1260.0,23940.0
5000010070,20240313,2,1220,1,,3,15000.0,900.0,44100.0
5000010071,20240313,1,1220,1,,2,12600.0,2520.0,22680.0
5000010880,20240313,2,129,2,2.0,2,15000.0,0.0,30000.0
5000010881,20240313,2,129,2,2.0,2,15000.0,600.0,29400.0
5000011377,20240313,2,286,2,4.0,1,13500.0,270.0,13230.0
5000011378,20240313,2,286,2,4.0,1,15000.0,300.0,14700.0
5000012399,20240313,1,88,1,,1,12000.0,0.0,12000.0
5000013061,20240313,2,444,1,,1,15000.0,300.0,14700.0
5000014694,20240313,2,541,2,3.0,2,15000.0,3000.0,27000.0
5000016146,20240313,1,1270,1,,3,10800.0,3240.0,29160.0
5000002629,20240314,2,282,2,2.0,2,15000.0,1500.0,28500.0
5000003037,20240314,1,718,2,4.0,2,10800.0,2160.0,19440.0
5000003038,20240314,1,718,2,4.0,3,12000.0,0.0,36000.0
5000003892,20240314,1,129,2,4.0,1,10800.0,0.0,10800.0
5000005529,20240314,2,691,1,,2,15000.0,600.0,29400.0
5000006981,20240314,1,1071,2,2.0,2,12600.0,0.0,25200.0
5000007263,20240314,2,1094,2,1.0,2,15000.0,3000.0,27000.0
5000007264,20240314,1,1094,2,1.0,1,12000.0,1200.0,10800.0
5000007437,20240314,1,833,2,1.0,2,12000.0,480.0,23520.0
5000007915,20240314,1,969,2,4.0,2,12600.0,0.0,25200.0
5000009126,20240314,1,1477,2,2.0,2,10800.0,1080.0,20520.0
5000009211,20240314,2,1216,2,4.0,2,16500.0,660.0,32340.0
5000009212,20240314,2,1216,2,4.0,2,15000.0,600.0,29400.0
5000009484,20240314,2,12,2,1.0,2,15750.0,3150.0,28350.0
5000009897,20240314,2,1450,1,,2,15000.0,0.0,30000.0
5000010321,20240314,1,1238,1,,2,13200.0,2640.0,23760.0
5000010322,20240314,1,1238,1,,1,12000.0,0.0,12000.0
5000011087,20240314,1,921,2,4.0,2,12000.0,0.0,24000.0
5000011120,20240314,2,377,1,,1,15000.0,1500.0,13500.0
5000011121,20240314,2,377,1,,2,15000.0,0.0,30000.0
5000011122,20240314,1,377,1,,1,12000.0,240.0,11760.0
5000011770,20240314,2,1148,1,,3,13500.0,2025.0,38475.0
5000013364,20240314,1,1287,1,,3,12000.0,0.0,36000.0
5000013365,20240314,1,1287,1,,1,12000.0,1200.0,10800.0
5000014220,20240314,2,620,1,,1,15000.0,750.0,14250.0
5000015687,20240314,2,1470,2,4.0,1,15000.0,1500.0,13500.0
5000015834,20240314,1,302,1,,2,12000.0,2400.0,21600.0
5000015909,20240314,1,708,2,4.0,2,10800.0,0.0,21600.0
5000000336,20240315,1,1316,2,3.0,3,12000.0,1800.0,34200.0
5000000408,20240315,2,1416,1,,1,15000.0,1500.0,13500.0
5000000409,20240315,2,1416,1,,3,15750.0,2362.5,44887.5
5000000410,20240315,2,1416,1,,3,13500.0,810.0,39690.0
5000000446,20240315,1,169,1,,3,13200.0,3960.0,35640.0
5000001160,20240315,1,1445,2,3.0,2,12000.0,480.0,23520.0
5000001161,20240315,1,1445,2,3.0,2,10800.0,1080.0,20520.0
5000002102,20240315,1,566,2,1.0,3,13200.0,3960.0,35640.0
5000002103,20240315,2,566,2,1.0,1,13500.0,0.0,13500.0
5000002441,20240315,2,93,2,1.0,3,15000.0,0.0,45000.0
5000002442,20240315,2,93,2,1.0,2,15000.0,3000.0,27000.0
5000002443,20240315,1,93,2,1.0,2,12000.0,0.0,24000.0
5000003481,20240315,2,782,2,2.0,3,13500.0,2025.0,38475.0
5000004136,20240315,2,1139,1,,1,15000.0,300.0,14700.0
5000004139,20240315,1,98,1,,3,12000.0,720.0,35280.0
5000004283,20240315,2,1452,2,1.0,2,15000.0,600.0,29400.0
5000005902,20240315,2,689,2,2.0,3,15750.0,945.0,46305.0
5000008340,20240315,1,1441,1,,2,12000.0,0.0,24000.0
5000008341,20240315,1,1441,1,,3,12000.0,720.0,35280.0
5000008342,20240315,2,1441,1,,3,15750.0,0.0,47250.0
5000009877,20240315,1,1387,1,,1,12000.0,600.0,11400.0
5000010645,20240315,2,205,1,,1,15000.0,300.0,14700.0
5000011081,20240315,1,1031,2,3.0,3,10800.0,3240.0,29160.0
5000011200,20240315,1,534,1,,2,13200.0,528.0,25872.0
5000011846,20240315,1,397,1,,2,12000.0,1200.0,22800.0
5000011847,20240315,1,397,1,,2,12000.0,0.0,24000.0
5000011848,20240315,2,397,1,,1,13500.0,1350.0,12150.0
5000013296,20240315,2,1047,2,4.0,3,15000.0,900.0,44100.0
5000014540,20240315,1,288,1,,2,12000.0,480.0,23520.0
5000014541,20240315,1,288,1,,1,12000.0,240.0,11760.0
5000014738,20240315,1,438,2,4.0,2,12000.0,1200.0,22800.0
5000000078,20240316,1,251,2,4.0,1,12600.0,252.0,12348.0
5000000407,20240316,1,1286,2,3.0,3,12000.0,3600.0,32400.0
5000000523,20240316,2,88,1,,1,15750.0,0.0,15750.0
5000003164,20240316,1,1342,1,,3,12000.0,3600.0,32400.0
5000003165,20240316,1,1342,1,,3,10800.0,648.0,31752.0
5000005209,20240316,1,1481,2,3.0,2,12000.0,2400.0,21600.0
5000008960,20240316,1,881,2,1.0,3,10800.0,1620.0,30780.0
5000008961,20240316,1,881,2,1.0,1,12000.0,240.0,11760.0
5000009375,20240316,2,666,2,1.0,3,15000.0,4500.0,40500.0
5000009440,20240316,2,1377,1,,3,13500.0,4050.0,36450.0
5000009441,20240316,2,1377,1,,2,13500.0,2700.0,24300.0
5000010258,20240316,1,354,2,3.0,1,12000.0,240.0,11760.0
5000010795,20240316,2,401,2,1.0,1,16500.0,330.0,16170.0
5000014459,20240316,2,869,2,4.0,1,13500.0,270.0,13230.0
5000014832,20240316,2,798,2,3.0,2,15000.0,3000.0,27000.0
5000015483,20240316,1,230,1,,1,12600.0,0.0,12600.0
5000015484,20240316,1,230,1,,2,10800.0,2160.0,19440.0
5000015810,20240316,1,775,1,,1,12600.0,1260.0,11340.0
5000001591,20240317,2,193,2,4.0,1,15000.0,1500.0,13500.0
5000001592,20240317,2,193,2,4.0,3,13500.0,810.0,39690.0
5000001730,20240317,1,998,1,,2,12000.0,0.0,24000.0
5000001731,20240317,1,998,1,,3,12600.0,3780.0,34020.0
5000002179,20240317,2,931,2,1.0,2,15000.0,0.0,30000.0
5000003600,20240317,1,272,1,,3,12000.0,0.0,36000.0
5000004496,20240317,2,717,1,,1,15000.0,750.0,14250.0
5000004497,20240317,1,717,1,,1,12000.0,240.0,11760.0
5000004783,20240317,2,705,1,,1,15750.0,315.0,15435.0
5000005164,20240317,2,962,2,1.0,3,13500.0,810.0,39690.0
5000006819,20240317,2,1008,1,,1,15000.0,1500.0,13500.0
5000006820,20240317,2,1008,1,,1,15000.0,1500.0,13500.0
5000006821,20240317,1,1008,1,,1,13200.0,660.0,12540.0
5000006919,20240317,2,126,1,,1,13500.0,0.0,13500.0
5000007869,20240317,2,858,1,,2,15000.0,3000.0,27000.0
5000007896,20240317,1,1319,1,,2,12000.0,2400.0,21600.0
5000008269,20240317,1,492,1,,3,13200.0,0.0,39600.0
5000010053,20240317,2,1043,2,1.0,2,16500.0,1650.0,31350.0
5000010054,20240317,1,1043,2,1.0,3,12000.0,3600.0,32400.0
5000010055,20240317,1,1043,2,1.0,2,10800.0,0.0,21600.0
5000011416,20240317,2,900,2,1.0,1,15000.0,0.0,15000.0
5000012786,20240317,1,705,1,,1,12600.0,252.0,12348.0
5000013781,20240317,1,1182,2,3.0,2,12000.0,480.0,23520.0
5000013859,20240317,2,1463,1,,2,15750.0,3150.0,28350.0
5000013860,20240317,2,1463,1,,2,13500.0,0.0,27000.0
5000015020,20240317,2,1366,1,,2,13500.0,2700.0,24300.0
5000015206,20240317,1,45,1,,1,12000.0,1200.0,10800.0
5000000474,20240318,1,1073,2,3.0,3,12000.0,720.0,35280.0
5000000588,20240318,1,274,1,,3,12600.0,756.0,37044.0
5000001100,20240318,1,1336,2,2.0,2,12000.0,0.0,24000.0
5000001626,20240318,2,658,1,,2,15000.0,0.0,30000.0
5000002800,20240318,2,795,1,,1,13500.0,675.0,12825.0
5000004397,20240318,1,1370,1,,1,12000.0,1200.0,10800.0
5000004411,20240318,1,907,1,,1,12000.0,1200.0,10800.0
5000004501,20240318,1,957,1,,2,12000.0,1200.0,22800.0
5000005475,20240318,1,1278,1,,1,12000.0,1200.0,10800.0
5000005806,20240318,2,1321,2,4.0,1,16500.0,330.0,16170.0
5000005936,20240318,1,896,1,,1,12600.0,252.0,12348.0
5000005937,20240318,2,896,1,,2,15000.0,0.0,30000.0
5000006469,20240318,1,1205,1,,3,12000.0,3600.0,32400.0
5000006470,20240318,1,1205,1,,3,12000.0,0.0,36000.0
5000006471,20240318,1,1205,1,,2,12000.0,480.0,23520.0
5000006921,20240318,2,709,1,,3,13500.0,0.0,40500.0
5000008118,20240318,1,459,2,4.0,3,13200.0,1980.0,37620.0
5000008119,20240318,2,459,2,4.0,2,15000.0,3000.0,27000.0
5000008120,20240318,2,459,2,4.0,2,15000.0,600.0,29400.0
5000008726,20240318,2,373,1,,2,13500.0,0.0,27000.0
5000010098,20240318,2,1154,1,,3,15000.0,4500.0,40500.0
5000010380,20240318,2,1318,2,2.0,3,16500.0,2475.0,47025.0
5000010898,20240318,1,401,2,1.0,1,12000.0,240.0,11760.0
5000014584,20240318,2,341,1,,1,15000.0,300.0,14700.0
5000001699,20240319,1,999,1,,1,10800.0,216.0,10584.0
5000003069,20240319,2,350,1,,1,15000.0,300.0,14700.0
5000003328,20240319,1,1284,2,1.0,1,12000.0,240.0,11760.0
5000004848,20240319,2,1300,1,,2,15750.0,1575.0,29925.0
5000004908,20240319,1,377,2,1.0,1,12000.0,600.0,11400.0
5000004909,20240319,2,377,2,1.0,2,15000.0,0.0,30000.0
5000005327,20240319,1,756,2,1.0,2,12000.0,0.0,24000.0
5000005328,20240319,1,756,2,1.0,1,10800.0,1080.0,9720.0
5000005720,20240319,2,227,1,,2,15000.0,1500.0,28500.0
5000006098,20240319,2,1311,1,,3,16500.0,0.0,49500.0
5000006099,20240319,2,1311,1,,2,15000.0,3000.0,27000.0
5000006217,20240319,1,12,1,,2,12000.0,2400.0,21600.0
5000006441,20240319,1,1261,1,,3,10800.0,0.0,32400.0
5000007073,20240319,2,1400,1,,2,13500.0,1350.0,25650.0
5000007101,20240319,1,511,1,,2,10800.0,2160.0,19440.0
5000009031,20240319,1,1433,1,,3,12000.0,3600.0,32400.0
5000011598,20240319,1,681,1,,1,10800.0,216.0,10584.0
5000013554,20240319,1,794,1,,1,12000.0,240.0,11760.0
5000014026,20240319,2,972,2,1.0,1,13500.0,270.0,13230.0
5000014250,20240319,2,924,1,,3,15750.0,945.0,46305.0
5000014251,20240319,1,924,1,,1,10800.0,216.0,10584.0
5000000526,20240320,1,803,2,3.0,1,12000.0,240.0,11760.0
5000000746,20240320,2,1480,2,2.0,1,13500.0,1350.0,12150.0
5000003703,20240320,1,1101,2,2.0,2,12000.0,2400.0,21600.0
5000004612,20240320,2,1421,1,,3,15000.0,900.0,44100.0
5000004613,20240320,2,1421,1,,1,15000.0,0.0,15000.0
5000006888,20240320,2,1035,2,2.0,3,15000.0,900.0,44100.0
5000007253,20240320,2,962,2,4.0,1,16500.0,330.0,16170.0
5000009249,20240320,1,1063,2,2.0,2,12000.0,480.0,23520.0
5000010063,20240320,1,1489,1,,2,12000.0,480.0,23520.0
5000010390,20240320,1,47,2,4.0,3,12600.0,756.0,37044.0
5000010391,20240320,2,47,2,4.0,2,15000.0,1500.0,28500.0
5000011163,20240320,2,88,2,2.0,2,15750.0,1575.0,29925.0
5000011305,20240320,1,260,2,1.0,2,12000.0,0.0,24000.0
5000012910,20240320,2,437,2,1.0,3,13500.0,810.0,39690.0
5000013452,20240320,2,760,2,2.0,1,15000.0,0.0,15000.0
5000013912,20240320,1,517,1,,2,12000.0,1200.0,22800.0
5000013913,20240320,2,517,1,,2,13500.0,540.0,26460.0
5000014252,20240320,1,583,2,1.0,2,12000.0,480.0,23520.0
5000015526,20240320,2,10,1,,3,15000.0,0.0,45000.0
5000015556,20240320,1,651,2,4.0,1,12000.0,1200.0,10800.0
5000015557,20240320,1,651,2,4.0,1,12000.0,240.0,11760.0
5000003478,20240321,2,77,1,,2,16500.0,3300.0,29700.0
5000004527,20240321,2,784,1,,1,15000.0,300.0,14700.0
5000006999,20240321,2,349,1,,2,16500.0,3300.0,29700.0
5000007293,20240321,2,522,2,2.0,1,15750.0,787.5,14962.5
5000007294,20240321,2,522,2,2.0,2,15000.0,0.0,30000.0
5000007794,20240321,1,467,1,,2,12000.0,0.0,24000.0
5000009344,20240321,2,712,1,,3,16500.0,990.0,48510.0
5000009778,20240321,2,390,1,,2,16500.0,1650.0,31350.0
5000010328,20240321,1,825,1,,1,12000.0,600.0,11400.0
5000010915,20240321,1,16,1,,3,12000.0,0.0,36000.0
5000010916,20240321,2,16,1,,3,15000.0,2250.0,42750.0
5000012372,20240321,2,1109,1,,1,15000.0,1500.0,13500.0
5000012373,20240321,1,1109,1,,1,12000.0,240.0,11760.0
5000012758,20240321,2,1224,1,,3,15000.0,900.0,44100.0
5000013371,20240321,1,1457,2,2.0,2,13200.0,528.0,25872.0
5000014341,20240321,1,1233,2,3.0,3,12000.0,0.0,36000.0
5000015090,20240321,2,661,2,2.0,1,16500.0,1650.0,14850.0
5000015344,20240321,2,87,1,,2,15000.0,3000.0,27000.0
5000000460,20240322,2,1400,1,,2,13500.0,540.0,26460.0
5000000461,20240322,1,1400,1,,1,12000.0,240.0,11760.0
5000000560,20240322,2,283,1,,2,15000.0,1500.0,28500.0
5000000561,20240322,1,283,1,,3,12600.0,1890.0,35910.0
5000001919,20240322,1,711,1,,1,12000.0,1200.0,10800.0
5000001952,20240322,1,963,1,,2,12000.0,480.0,23520.0
5000002051,20240322,2,504,2,3.0,1,15000.0,750.0,14250.0
5000002577,20240322,1,1309,1,,1,13200.0,660.0,12540.0
5000002617,20240322,2,554,2,2.0,2,15000.0,600.0,29400.0
5000002618,20240322,2,554,2,2.0,1,13500.0,1350.0,12150.0
5000003240,20240322,1,1405,1,,3,12600.0,756.0,37044.0
5000005800,20240322,1,155,1,,3,12000.0,1800.0,34200.0
5000005801,20240322,2,155,1,,1,15000.0,750.0,14250.0
5000005858,20240322,1,449,1,,3,10800.0,0.0,32400.0
5000006239,20240322,2,1402,1,,1,15750.0,787.5,14962.5
5000006240,20240322,2,1402,1,,3,15000.0,4500.0,40500.0
5000006517,20240322,1,249,2,3.0,2,13200.0,0.0,26400.0
5000006920,20240322,2,635,1,,2,15000.0,0.0,30000.0
5000007605,20240322,1,1248,2,3.0,2,12000.0,480.0,23520.0
5000007706,20240322,2,210,1,,2,13500.0,540.0,26460.0
5000009732,20240322,2,410,1,,1,15000.0,1500.0,13500.0
5000009733,20240322,1,410,1,,1,12600.0,1260.0,11340.0
5000010112,20240322,2,988,1,,3,15000.0,4500.0,40500.0
5000010113,20240322,2,988,1,,3,15000.0,900.0,44100.0
5000011270,20240322,1,113,2,1.0,2,10800.0,1080.0,20520.0
5000011785,20240322,2,159,1,,3,15000.0,900.0,44100.0
5000011786,20240322,1,159,1,,3,10800.0,3240.0,29160.0
5000011787,20240322,1,159,1,,2,12000.0,2400.0,21600.0
5000012583,20240322,1,956,2,4.0,1,12000.0,240.0,11760.0
5000012590,20240322,2,770,1,,2,15000.0,0.0,30000.0
5000012591,20240322,2,770,1,,1,15000.0,300.0,14700.0
5000012592,20240322,1,770,1,,1,13200.0,660.0,12540.0
5000012956,20240322,2,1168,2,1.0,3,15750.0,945.0,46305.0
5000013426,20240322,1,613,2,1.0,1,12600.0,630.0,11970.0
5000013772,20240322,2,942,1,,1,15750.0,0.0,15750.0
5000013773,20240322,2,942,1,,1,15750.0,315.0,15435.0
5000013830,20240322,2,1193,2,4.0,1,16500.0,330.0,16170.0
5000016052,20240322,1,298,1,,3,12000.0,720.0,35280.0
5000016053,20240322,1,298,1,,1,12000.0,240.0,11760.0
5000000146,20240323,2,999,1,,2,15000.0,0.0,30000.0
5000000725,20240323,2,461,2,3.0,1,16500.0,1650.0,14850.0
5000001709,20240323,2,208,1,,3,15000.0,900.0,44100.0
5000001943,20240323,2,1358,2,1.0,1,13500.0,675.0,12825.0
5000001944,20240323,1,1358,2,1.0,3,12000.0,3600.0,32400.0
5000001978,20240323,2,488,2,3.0,3,15750.0,945.0,46305.0
5000003617,20240323,1,1137,1,,2,12600.0,2520.0,22680.0
5000003893,20240323,2,952,2,4.0,1,15000.0,300.0,14700.0
5000005011,20240323,2,855,1,,3,15750.0,4725.0,42525.0
5000005137,20240323,1,509,2,2.0,3,12000.0,0.0,36000.0
5000005138,20240323,1,509,2,2.0,1,12000.0,600.0,11400.0
5000006289,20240323,1,1385,2,3.0,1,12000.0,1200.0,10800.0
5000007137,20240323,1,614,2,3.0,3,10800.0,648.0,31752.0
5000008294,20240323,2,1200,1,,2,15750.0,3150.0,28350.0
5000008295,20240323,1,1200,1,,3,12000.0,0.0,36000.0
5000009097,20240323,1,228,2,2.0,2,10800.0,432.0,21168.0
5000010126,20240323,2,483,2,1.0,1,15000.0,300.0,14700.0
5000010218,20240323,2,1117,2,1.0,3,13500.0,2025.0,38475.0
5000011801,20240323,2,289,2,3.0,2,15000.0,3000.0,27000.0
5000011802,20240323,2,289,2,3.0,3,15750.0,945.0,46305.0
5000011803,20240323,1,289,2,3.0,1,12000.0,240.0,11760.0
5000012960,20240323,1,999,1,,1,12000.0,0.0,12000.0
5000013194,20240323,2,232,2,4.0,1,16500.0,0.0,16500.0
5000013873,20240323,2,472,1,,2,15000.0,1500.0,28500.0
5000014936,20240323,1,589,2,3.0,2,12000.0,480.0,23520.0
5000014937,20240323,1,589,2,3.0,3,12000.0,1800.0,34200.0
5000015060,20240323,1,82,1,,1,12000.0,600.0,11400.0
5000016060,20240323,2,442,2,4.0,1,15750.0,787.5,14962.5
5000000616,20240324,1,1462,1,,1,12000.0,1200.0,10800.0
5000000617,20240324,1,1462,1,,1,12600.0,1260.0,11340.0
5000002063,20240324,1,520,2,1.0,3,12000.0,1800.0,34200.0
5000002064,20240324,1,520,2,1.0,3,12000.0,3600.0,32400.0
5000003765,20240324,1,1090,1,,3,10800.0,0.0,32400.0
5000003766,20240324,2,1090,1,,2,15000.0,3000.0,27000.0
5000005191,20240324,2,1072,2,1.0,3,15000.0,0.0,45000.0
5000005451,20240324,1,758,1,,3,12000.0,1800.0,34200.0
5000007797,20240324,1,502,1,,2,12000.0,0.0,24000.0
5000008632,20240324,2,24,2,4.0,3,15000.0,0.0,45000.0
5000009355,20240324,1,739,1,,2,12000.0,2400.0,21600.0
5000009413,20240324,2,663,1,,1,15000.0,0.0,15000.0
5000010023,20240324,2,584,2,3.0,1,15000.0,1500.0,13500.0
5000011352,20240324,2,1082,1,,3,15000.0,0.0,45000.0
5000011353,20240324,2,1082,1,,2,15750.0,0.0,31500.0
5000011367,20240324,2,1013,1,,1,13500.0,675.0,12825.0
5000011811,20240324,1,1090,1,,3,12000.0,720.0,35280.0
5000012457,20240324,2,912,1,,1,15000.0,300.0,14700.0
5000012458,20240324,2,912,1,,1,16500.0,1650.0,14850.0
5000012683,20240324,1,143,1,,3,12600.0,1890.0,35910.0
5000000145,20240325,1,802,2,3.0,3,10800.0,1620.0,30780.0
5000001612,20240325,2,449,1,,1,15000.0,750.0,14250.0
5000002768,20240325,2,397,1,,2,16500.0,3300.0,29700.0
5000002769,20240325,1,397,1,,1,12000.0,0.0,12000.0
5000002770,20240325,1,397,1,,3,12000.0,1800.0,34200.0
5000003750,20240325,1,373,2,3.0,2,12000.0,1200.0,22800.0
5000003751,20240325,2,373,2,3.0,1,15000.0,0.0,15000.0
5000004440,20240325,1,942,2,2.0,2,12000.0,0.0,24000.0
5000004554,20240325,1,1397,1,,3,10800.0,3240.0,29160.0
5000004555,20240325,2,1397,1,,2,15750.0,1575.0,29925.0
5000004913,20240325,1,46,2,3.0,3,12600.0,756.0,37044.0
5000005634,20240325,2,906,1,,2,15000.0,1500.0,28500.0
5000005635,20240325,1,906,1,,3,12000.0,0.0,36000.0
5000006384,20240325,1,148,2,3.0,3,12600.0,0.0,37800.0
5000007121,20240325,2,1322,1,,1,15000.0,300.0,14700.0
5000007563,20240325,2,669,1,,1,15750.0,0.0,15750.0
5000007564,20240325,1,669,1,,1,12000.0,240.0,11760.0
5000007681,20240325,2,1112,1,,1,15000.0,750.0,14250.0
5000007811,20240325,1,249,1,,1,12000.0,0.0,12000.0
5000007812,20240325,2,249,1,,2,15750.0,1575.0,29925.0
5000008958,20240325,1,301,2,2.0,3,12000.0,720.0,35280.0
5000009762,20240325,2,81,2,1.0,1,15750.0,315.0,15435.0
5000009763,20240325,1,81,2,1.0,1,12600.0,0.0,12600.0
5000009959,20240325,2,10,2,3.0,2,16500.0,660.0,32340.0
5000009960,20240325,2,10,2,3.0,2,15000.0,3000.0,27000.0
5000010316,20240325,1,1466,1,,1,12000.0,600.0,11400.0
5000011939,20240325,1,1251,1,,2,12000.0,1200.0,22800.0
5000011940,20240325,2,1251,1,,1,15000.0,300.0,14700.0
5000012828,20240325,2,314,1,,2,15000.0,3000.0,27000.0
5000012891,20240325,1,1322,1,,3,12600.0,756.0,37044.0
5000012958,20240325,1,277,1,,2,12000.0,0.0,24000.0
5000013713,20240325,2,294,1,,1,13500.0,0.0,13500.0
5000013714,20240325,2,294,1,,2,15750.0,1575.0,29925.0
5000013715,20240325,2,294,1,,2,15000.0,0.0,30000.0
5000014000,20240325,2,1139,2,4.0,1,15000.0,750.0,14250.0
5000014001,20240325,1,1139,2,4.0,1,12000.0,600.0,11400.0
5000014046,20240325,1,1194,2,2.0,2,12000.0,2400.0,21600.0
5000014047,20240325,1,1194,2,2.0,1,12600.0,1260.0,11340.0
5000014713,20240325,1,445,1,,1,12000.0,240.0,11760.0
5000001302,20240326,1,293,1,,2,10800.0,0.0,21600.0
5000001303,20240326,1,293,1,,2,10800.0,432.0,21168.0
5000001304,20240326,1,293,1,,3,12000.0,720.0,35280.0
5000001696,20240326,2,818,2,2.0,2,15000.0,3000.0,27000.0
5000002216,20240326,2,1148,1,,3,15000.0,0.0,45000.0
5000002729,20240326,1,1138,1,,2,12000.0,480.0,23520.0
5000003040,20240326,2,1390,1,,2,15000.0,600.0,29400.0
5000006114,20240326,1,608,1,,3,12000.0,3600.0,32400.0
5000007307,20240326,2,591,1,,3,15000.0,4500.0,40500.0
5000007308,20240326,1,591,1,,1,12000.0,0.0,12000.0
5000009130,20240326,2,1076,1,,3,15000.0,4500.0,40500.0
5000009131,20240326,2,1076,1,,3,15000.0,4500.0,40500.0
5000009521,20240326,1,1226,1,,3,10800.0,0.0,32400.0
5000011635,20240326,2,427,1,,1,15750.0,787.5,14962.5
5000011636,20240326,1,427,1,,1,12000.0,240.0,11760.0
5000012686,20240326,1,183,1,,1,13200.0,264.0,12936.0
5000013069,20240326,1,744,1,,3,12000.0,3600.0,32400.0
5000013921,20240326,1,1453,1,,3,12000.0,0.0,36000.0
5000013922,20240326,2,1453,1,,1,15000.0,300.0,14700.0
5000015472,20240326,2,947,1,,2,16500.0,660.0,32340.0
5000015766,20240326,2,369,2,3.0,1,15000.0,750.0,14250.0
5000015948,20240326,2,994,1,,1,15750.0,0.0,15750.0
5000015949,20240326,1,994,1,,1,12000.0,600.0,11400.0
5000015964,20240326,2,848,1,,2,13500.0,1350.0,25650.0
5000000415,20240327,2,757,1,,1,15000.0,1500.0,13500.0
5000001124,20240327,2,539,2,2.0,1,16500.0,0.0,16500.0
5000001613,20240327,1,814,1,,3,12600.0,1890.0,35910.0
5000002000,20240327,1,875,1,,3,12000.0,0.0,36000.0
5000002637,20240327,1,280,1,,1,10800.0,540.0,10260.0
5000002682,20240327,2,1281,1,,3,15000.0,0.0,45000.0
5000004857,20240327,1,637,1,,3,12000.0,3600.0,32400.0
5000005232,20240327,1,1194,1,,3,12000.0,720.0,35280.0
5000006417,20240327,1,1075,2,4.0,2,12600.0,1260.0,23940.0
5000006418,20240327,1,1075,2,4.0,1,12000.0,0.0,12000.0
5000006490,20240327,2,983,2,3.0,1,15000.0,1500.0,13500.0
5000006491,20240327,2,983,2,3.0,2,15000.0,600.0,29400.0
5000010493,20240327,1,803,1,,3,10800.0,648.0,31752.0
5000013639,20240327,2,715,1,,2,15750.0,1575.0,29925.0
5000013640,20240327,2,715,1,,2,15000.0,0.0,30000.0
5000013641,20240327,1,715,1,,3,12600.0,1890.0,35910.0
5000014329,20240327,1,1420,1,,2,12600.0,2520.0,22680.0
5000014330,20240327,1,1420,1,,1,13200.0,1320.0,11880.0
5000000760,20240328,1,433,1,,3,12000.0,3600.0,32400.0
5000001131,20240328,1,371,1,,1,12000.0,1200.0,10800.0
5000001615,20240328,1,747,1,,3,12600.0,3780.0,34020.0
5000002027,20240328,2,22,2,3.0,2,15750.0,1575.0,29925.0
5000002919,20240328,2,172,2,1.0,2,15750.0,1575.0,29925.0
5000005064,20240328,1,66,2,2.0,3,12000.0,720.0,35280.0
5000005551,20240328,1,348,1,,3,13200.0,792.0,38808.0
5000005994,20240328,1,29,2,4.0,3,10800.0,3240.0,29160.0
5000006389,20240328,2,996,1,,3,15000.0,2250.0,42750.0
5000006922,20240328,1,1469,2,4.0,2,12000.0,1200.0,22800.0
5000007779,20240328,1,685,1,,2,10800.0,1080.0,20520.0
5000007780,20240328,1,685,1,,1,12000.0,600.0,11400.0
5000008379,20240328,1,1489,2,1.0,2,12600.0,2520.0,22680.0
5000008461,20240328,2,1021,2,1.0,3,16500.0,4950.0,44550.0
5000009216,20240328,1,489,1,,3,12000.0,0.0,36000.0
5000011651,20240328,2,230,1,,2,13500.0,540.0,26460.0
5000012477,20240328,2,318,1,,3,15750.0,945.0,46305.0
5000012478,20240328,2,318,1,,2,15750.0,1575.0,29925.0
5000014206,20240328,1,624,1,,3,12600.0,756.0,37044.0
5000014207,20240328,1,624,1,,3,12000.0,720.0,35280.0
5000000233,20240329,2,764,2,4.0,2,15000.0,0.0,30000.0
5000000532,20240329,2,913,1,,2,15000.0,0.0,30000.0
5000000533,20240329,1,913,1,,3,12000.0,720.0,35280.0
5000001454,20240329,2,302,2,4.0,2,16500.0,3300.0,29700.0
5000001455,20240329,2,302,2,4.0,3,15000.0,900.0,44100.0
5000001456,20240329,1,302,2,4.0,2,12000.0,480.0,23520.0
5000001722,20240329,1,800,2,2.0,1,10800.0,0.0,10800.0
5000001846,20240329,2,614,2,1.0,3,15750.0,945.0,46305.0
5000001847,20240329,2,614,2,1.0,3,13500.0,2025.0,38475.0
5000003117,20240329,1,351,1,,2,10800.0,1080.0,20520.0
5000003118,20240329,1,351,1,,1,12600.0,252.0,12348.0
5000004451,20240329,1,540,2,1.0,1,12000.0,240.0,11760.0
5000004452,20240329,2,540,2,1.0,1,15750.0,315.0,15435.0
5000004453,20240329,1,540,2,1.0,2,12000.0,480.0,23520.0
5000004845,20240329,2,279,1,,2,16500.0,3300.0,29700.0
5000004925,20240329,1,23,1,,3,13200.0,1980.0,37620.0
5000007770,20240329,2,570,1,,2,15000.0,0.0,30000.0
5000007771,20240329,2,570,1,,3,15000.0,0.0,45000.0
5000007772,20240329,2,570,1,,1,15000.0,0.0,15000.0
5000008353,20240329,1,1212,2,4.0,3,12600.0,1890.0,35910.0
5000008354,20240329,1,1212,2,4.0,1,12000.0,240.0,11760.0
5000008854,20240329,2,47,1,,3,15750.0,945.0,46305.0
5000010666,20240329,2,158,2,1.0,3,15000.0,4500.0,40500.0
5000012176,20240329,2,677,1,,3,15000.0,0.0,45000.0
5000012809,20240329,2,165,2,1.0,1,13500.0,0.0,13500.0
5000013653,20240329,2,1073,2,4.0,1,15000.0,1500.0,13500.0
5000013699,20240329,1,634,1,,1,12000.0,1200.0,10800.0
5000013849,20240329,2,797,1,,1,16500.0,825.0,15675.0
5000014121,20240329,2,506,1,,1,15750.0,0.0,15750.0
5000014122,20240329,2,506,1,,1,15000.0,1500.0,13500.0
5000015414,20240329,2,566,2,4.0,2,15750.0,630.0,30870.0
5000015415,20240329,1,566,2,4.0,2,10800.0,0.0,21600.0
5000000009,20240330,2,616,2,4.0,2,15750.0,1575.0,29925.0
5000000010,20240330,2,616,2,4.0,1,15000.0,750.0,14250.0
5000000017,20240330,2,1037,1,,1,13500.0,675.0,12825.0
5000000143,20240330,1,3,1,,3,12000.0,0.0,36000.0
5000000557,20240330,1,105,2,3.0,2,13200.0,0.0,26400.0
5000000906,20240330,1,1341,1,,2,10800.0,2160.0,19440.0
5000001205,20240330,2,981,2,1.0,2,15000.0,3000.0,27000.0
5000001206,20240330,1,981,2,1.0,2,12600.0,504.0,24696.0
5000002713,20240330,2,835,2,1.0,2,16500.0,3300.0,29700.0
5000003041,20240330,2,1114,2,3.0,1,15000.0,750.0,14250.0
5000005132,20240330,2,814,1,,1,15000.0,1500.0,13500.0
5000005133,20240330,1,814,1,,1,12000.0,600.0,11400.0
5000005152,20240330,1,575,2,1.0,3,12000.0,3600.0,32400.0
5000005593,20240330,1,649,2,4.0,1,12000.0,0.0,12000.0
5000007575,20240330,1,291,1,,1,12000.0,600.0,11400.0
5000007576,20240330,1,291,1,,1,12000.0,0.0,12000.0
5000008218,20240330,2,616,1,,2,15000.0,1500.0,28500.0
5000011183,20240330,2,701,1,,3,15750.0,0.0,47250.0
5000011184,20240330,2,701,1,,1,15750.0,787.5,14962.5
5000011185,20240330,1,701,1,,2,13200.0,2640.0,23760.0
5000011615,20240330,2,1400,1,,3,15000.0,0.0,45000.0
5000011616,20240330,2,1400,1,,1,15000.0,1500.0,13500.0
5000011617,20240330,1,1400,1,,2,13200.0,1320.0,25080.0
5000013677,20240330,1,1015,1,,1,12000.0,600.0,11400.0
5000013678,20240330,2,1015,1,,3,16500.0,0.0,49500.0
5000013829,20240330,2,1355,1,,1,15000.0,0.0,15000.0
5000014285,20240330,1,926,1,,3,10800.0,0.0,32400.0
5000000036,20240331,1,854,2,1.0,2,12000.0,0.0,24000.0
5000000768,20240331,2,1426,1,,1,15000.0,1500.0,13500.0
5000001274,20240331,2,331,2,3.0,2,15750.0,3150.0,28350.0
5000001275,20240331,2,331,2,3.0,2,16500.0,1650.0,31350.0
5000002624,20240331,1,258,2,3.0,1,12000.0,1200.0,10800.0
5000002625,20240331,2,258,2,3.0,1,15000.0,1500.0,13500.0
5000002626,20240331,1,258,2,3.0,1,12000.0,1200.0,10800.0
5000003998,20240331,2,672,1,,2,15000.0,0.0,30000.0
5000004409,20240331,2,1387,2,2.0,3,15000.0,900.0,44100.0
5000004410,20240331,2,1387,2,2.0,2,16500.0,0.0,33000.0
5000004910,20240331,1,991,1,,3,12600.0,0.0,37800.0
5000006047,20240331,1,634,2,1.0,2,13200.0,528.0,25872.0
5000006487,20240331,1,883,2,4.0,2,12000.0,1200.0,22800.0
5000006488,20240331,1,883,2,4.0,3,12000.0,0.0,36000.0
5000007607,20240331,1,665,1,,1,12000.0,600.0,11400.0
5000008099,20240331,2,31,1,,3,15000.0,900.0,44100.0
5000008554,20240331,1,1327,1,,1,10800.0,0.0,10800.0
5000009970,20240331,1,255,1,,3,12000.0,720.0,35280.0
5000010207,20240331,1,484,1,,1,13200.0,264.0,12936.0
5000010208,20240331,2,484,1,,1,15750.0,787.5,14962.5
5000011783,20240331,1,1336,1,,1,12000.0,240.0,11760.0
5000011812,20240331,1,192,1,,3,12000.0,3600.0,32400.0
5000012749,20240331,2,1374,2,3.0,2,15000.0,0.0,30000.0
5000013652,20240331,2,409,1,,3,15000.0,2250.0,42750.0
5000014922,20240331,1,304,2,2.0,3,10800.0,1620.0,30780.0
5000015818,20240331,1,1086,2,4.0,3,12000.0,720.0,35280.0
5000015819,20240331,1,1086,2,4.0,1,12000.0,240.0,11760.0
5000015912,20240331,1,287,1,,1,10800.0,216.0,10584.0
5000015913,20240331,1,287,1,,2,12000.0,480.0,23520.0
5000016006,20240331,1,779,1,,2,13200.0,0.0,26400.0
5000000615,20240401,2,1412,1,,1,15750.0,315.0,15435.0
5000001265,20240401,1,1011,1,,2,12000.0,1200.0,22800.0
5000001668,20240401,1,189,1,,3,12600.0,3780.0,34020.0
5000002036,20240401,2,461,2,4.0,1,15000.0,1500.0,13500.0
5000002037,20240401,1,461,2,4.0,1,12000.0,600.0,11400.0
5000002540,20240401,1,1293,2,2.0,2,12000.0,480.0,23520.0
5000004175,20240401,1,442,1,,2,12000.0,0.0,24000.0
5000004585,20240401,2,1399,2,3.0,1,15000.0,300.0,14700.0
5000005061,20240401,1,707,2,1.0,2,12000.0,1200.0,22800.0
5000006039,20240401,2,1034,1,,1,15000.0,750.0,14250.0
5000007103,20240401,2,494,2,1.0,1,15000.0,0.0,15000.0
5000007104,20240401,2,494,2,1.0,3,15000.0,900.0,44100.0
5000007346,20240401,1,637,1,,1,12000.0,240.0,11760.0
5000007439,20240401,2,51,1,,2,15000.0,600.0,29400.0
5000008672,20240401,1,549,2,2.0,3,12000.0,720.0,35280.0
5000008673,20240401,1,549,2,2.0,2,12600.0,504.0,24696.0
5000008819,20240401,1,212,2,4.0,3,10800.0,0.0,32400.0
5000008820,20240401,1,212,2,4.0,1,12000.0,0.0,12000.0
5000010323,20240401,2,74,2,4.0,1,15750.0,1575.0,14175.0
5000011016,20240401,1,179,1,,2,13200.0,2640.0,23760.0
5000011863,20240401,2,888,1,,1,13500.0,1350.0,12150.0
5000012647,20240401,1,571,2,2.0,3,12000.0,0.0,36000.0
5000013141,20240401,2,547,1,,1,15000.0,750.0,14250.0
5000013142,20240401,1,547,1,,1,12000.0,1200.0,10800.0
5000013168,20240401,2,968,1,,2,15000.0,0.0,30000.0
5000014555,20240401,1,491,1,,1,10800.0,1080.0,9720.0
5000014904,20240401,1,186,2,3.0,2,12000.0,0.0,24000.0
5000014967,20240401,1,231,1,,1,10800.0,216.0,10584.0
5000000598,20240402,2,793,1,,2,13500.0,540.0,26460.0
5000000599,20240402,2,793,1,,2,15000.0,0.0,30000.0
5000003232,20240402,1,464,2,4.0,2,12000.0,0.0,24000.0
5000004103,20240402,2,973,2,1.0,3,15000.0,0.0,45000.0
5000004104,20240402,1,973,2,1.0,1,12000.0,0.0,12000.0
5000005049,20240402,1,246,1,,3,12000.0,1800.0,34200.0
5000007486,20240402,2,1061,1,,3,15750.0,945.0,46305.0
5000008103,20240402,1,942,1,,1,10800.0,0.0,10800.0
5000008744,20240402,1,1085,1,,2,10800.0,2160.0,19440.0
5000009377,20240402,1,1183,2,1.0,3,12000.0,0.0,36000.0
5000010730,20240402,2,631,1,,2,15000.0,0.0,30000.0
5000011289,20240402,2,397,1,,2,15000.0,0.0,30000.0
5000011290,20240402,1,397,1,,3,12000.0,1800.0,34200.0
5000011761,20240402,2,1483,1,,3,15000.0,900.0,44100.0
5000011835,20240402,1,1128,2,4.0,3,12600.0,3780.0,34020.0
5000012170,20240402,2,400,2,3.0,3,15000.0,0.0,45000.0
5000012171,20240402,2,400,2,3.0,1,15000.0,300.0,14700.0
5000012376,20240402,1,610,2,3.0,2,12000.0,2400.0,21600.0
5000012414,20240402,1,561,1,,3,12600.0,756.0,37044.0
5000012415,20240402,2,561,1,,1,15000.0,0.0,15000.0
5000012447,20240402,2,857,1,,2,15000.0,600.0,29400.0
5000012605,20240402,2,850,2,4.0,3,15000.0,900.0,44100.0
5000012777,20240402,2,12,2,2.0,1,15000.0,0.0,15000.0
5000013014,20240402,1,118,1,,3,12600.0,756.0,37044.0
5000013709,20240402,2,1162,1,,2,15000.0,3000.0,27000.0
5000014766,20240402,1,1171,2,1.0,1,12000.0,240.0,11760.0
5000014781,20240402,2,1341,2,2.0,3,15750.0,0.0,47250.0
5000014864,20240402,2,197,1,,1,15000.0,300.0,14700.0
5000015362,20240402,1,1334,1,,1,12600.0,0.0,12600.0
5000015965,20240402,1,875,2,1.0,2,10800.0,2160.0,19440.0
5000001128,20240403,2,60,2,2.0,3,15000.0,0.0,45000.0
5000001646,20240403,2,63,1,,3,15750.0,945.0,46305.0
5000001889,20240403,1,868,2,1.0,2,12000.0,1200.0,22800.0
5000002142,20240403,2,294,1,,3,15000.0,2250.0,42750.0
5000002495,20240403,1,26,2,2.0,3,10800.0,1620.0,30780.0
5000003017,20240403,1,1054,1,,3,10800.0,648.0,31752.0
5000003018,20240403,2,1054,1,,3,15000.0,900.0,44100.0
5000003569,20240403,2,971,1,,2,16500.0,660.0,32340.0
5000003570,20240403,2,971,1,,2,15000.0,0.0,30000.0
5000003628,20240403,1,1357,2,1.0,3,12000.0,1800.0,34200.0
5000004681,20240403,1,94,1,,3,12000.0,0.0,36000.0
5000004682,20240403,1,94,1,,1,12000.0,600.0,11400.0
5000005484,20240403,1,412,2,3.0,1,12000.0,1200.0,10800.0
5000006954,20240403,2,1340,1,,3,15750.0,0.0,47250.0
5000007532,20240403,1,1199,2,2.0,1,12600.0,0.0,12600.0
5000007533,20240403,2,1199,2,2.0,3,15000.0,0.0,45000.0
5000007534,20240403,1,1199,2,2.0,1,12600.0,0.0,12600.0
5000008177,20240403,2,1318,1,,3,15000.0,2250.0,42750.0
5000008853,20240403,1,619,2,1.0,3,10800.0,648.0,31752.0
5000009141,20240403,2,1313,1,,1,15000.0,1500.0,13500.0
5000009142,20240403,1,1313,1,,2,12600.0,1260.0,23940.0
5000009654,20240403,2,785,2,2.0,2,15000.0,0.0,30000.0
5000009655,20240403,1,785,2,2.0,1,12000.0,240.0,11760.0
5000010064,20240403,2,1146,1,,2,15000.0,600.0,29400.0
5000011497,20240403,2,1202,2,2.0,3,15750.0,4725.0,42525.0
5000013381,20240403,1,1178,2,4.0,1,12000.0,1200.0,10800.0
5000013563,20240403,1,360,1,,1,12000.0,240.0,11760.0
5000002851,20240404,1,55,1,,2,10800.0,0.0,21600.0
5000002852,20240404,2,55,1,,2,15000.0,600.0,29400.0
5000002853,20240404,1,55,1,,2,10800.0,1080.0,20520.0
5000003246,20240404,2,345,1,,3,15000.0,0.0,45000.0
5000003599,20240404,1,823,1,,3,12000.0,720.0,35280.0
5000004356,20240404,2,19,1,,1,16500.0,825.0,15675.0
5000005944,20240404,2,1373,2,3.0,2,13500.0,2700.0,24300.0
5000010393,20240404,1,1312,1,,2,12000.0,480.0,23520.0
5000012549,20240404,1,1011,1,,3,12000.0,720.0,35280.0
5000012872,20240404,2,1425,1,,2,15000.0,3000.0,27000.0
5000012873,20240404,2,1425,1,,3,15000.0,0.0,45000.0
5000014516,20240404,2,661,1,,3,15000.0,2250.0,42750.0
5000014653,20240404,2,256,1,,3,13500.0,2025.0,38475.0
5000000292,20240405,2,1251,2,2.0,1,15750.0,787.5,14962.5
5000000293,20240405,2,1251,2,2.0,3,15000.0,0.0,45000.0
5000002107,20240405,1,383,2,1.0,1,12000.0,0.0,12000.0
5000002108,20240405,1,383,2,1.0,1,12000.0,1200.0,10800.0
5000003299,20240405,1,836,1,,3,12000.0,0.0,36000.0
5000004418,20240405,2,1421,1,,3,15000.0,2250.0,42750.0
5000004657,20240405,2,364,1,,2,13500.0,1350.0,25650.0
5000005044,20240405,2,1026,1,,3,16500.0,2475.0,47025.0
5000005045,20240405,1,1026,1,,2,13200.0,528.0,25872.0
5000006081,20240405,2,1494,2,3.0,1,15000.0,1500.0,13500.0
5000006082,20240405,2,1494,2,3.0,2,13500.0,2700.0,24300.0
5000007590,20240405,2,951,1,,1,13500.0,1350.0,12150.0
5000007714,20240405,1,573,2,4.0,3,12000.0,3600.0,32400.0
5000008344,20240405,1,35,1,,1,12000.0,600.0,11400.0
5000014074,20240405,2,776,2,1.0,3,15000.0,900.0,44100.0
5000014245,20240405,2,262,1,,3,15000.0,0.0,45000.0
5000015944,20240405,2,784,1,,2,15000.0,600.0,29400.0
5000000192,20240406,2,590,1,,1,15000.0,1500.0,13500.0
5000001035,20240406,2,1436,1,,3,15000.0,2250.0,42750.0
5000001312,20240406,1,1375,1,,2,12000.0,0.0,24000.0
5000001359,20240406,2,1212,1,,3,15000.0,900.0,44100.0
5000002485,20240406,1,771,2,3.0,3,12000.0,720.0,35280.0
5000002615,20240406,1,264,1,,1,12000.0,240.0,11760.0
5000002979,20240406,2,748,1,,2,15750.0,1575.0,29925.0
5000003317,20240406,2,1280,2,3.0,1,15750.0,1575.0,14175.0
5000003415,20240406,2,393,1,,2,15000.0,0.0,30000.0
5000003416,20240406,2,393,1,,2,15000.0,0.0,30000.0
5000003523,20240406,2,521,2,1.0,3,15000.0,2250.0,42750.0
5000003696,20240406,1,1145,2,3.0,3,12000.0,720.0,35280.0
5000003697,20240406,2,1145,2,3.0,2,15000.0,0.0,30000.0
5000005274,20240406,2,500,2,2.0,3,13500.0,2025.0,38475.0
5000005740,20240406,1,85,1,,1,12000.0,600.0,11400.0
5000005741,20240406,1,85,1,,1,12000.0,240.0,11760.0
5000007482,20240406,2,925,2,3.0,1,15000.0,0.0,15000.0
5000007483,20240406,2,925,2,3.0,1,15000.0,300.0,14700.0
5000008089,20240406,2,533,1,,3,15000.0,4500.0,40500.0
5000008765,20240406,1,1288,2,2.0,3,12000.0,720.0,35280.0
5000010030,20240406,2,183,1,,1,15000.0,750.0,14250.0
5000010749,20240406,1,1133,1,,3,12600.0,0.0,37800.0
5000010750,20240406,1,1133,1,,2,12000.0,2400.0,21600.0
5000011066,20240406,2,753,2,4.0,3,15000.0,4500.0,40500.0
5000011067,20240406,1,753,2,4.0,2,12000.0,2400.0,21600.0
5000011742,20240406,2,1251,1,,1,15000.0,1500.0,13500.0
5000012826,20240406,1,264,2,1.0,1,10800.0,540.0,10260.0
5000013580,20240406,2,1118,2,3.0,1,16500.0,330.0,16170.0
5000013581,20240406,1,1118,2,3.0,3,10800.0,0.0,32400.0
5000013582,20240406,2,1118,2,3.0,1,13500.0,1350.0,12150.0
5000014064,20240406,2,594,1,,1,16500.0,1650.0,14850.0
5000001154,20240407,1,216,1,,2,12600.0,2520.0,22680.0
5000001155,20240407,1,216,1,,2,12000.0,2400.0,21600.0
5000002039,20240407,1,1327,1,,1,12000.0,1200.0,10800.0
5000002040,20240407,2,1327,1,,3,15000.0,900.0,44100.0
5000002205,20240407,1,258,1,,1,12000.0,600.0,11400.0
5000002684,20240407,1,619,1,,2,12000.0,1200.0,22800.0
5000002953,20240407,1,578,2,4.0,1,12000.0,240.0,11760.0
5000003778,20240407,2,19,1,,1,15000.0,1500.0,13500.0
5000004566,20240407,2,1376,1,,2,16500.0,0.0,33000.0
5000005781,20240407,1,1252,2,2.0,1,13200.0,264.0,12936.0
5000005782,20240407,1,1252,2,2.0,2,12000.0,0.0,24000.0
5000006031,20240407,1,1024,1,,2,12000.0,1200.0,22800.0
5000006032,20240407,2,1024,1,,3,15000.0,4500.0,40500.0
5000006178,20240407,2,37,1,,3,15750.0,945.0,46305.0
5000006179,20240407,1,37,1,,2,12000.0,1200.0,22800.0
5000006180,20240407,2,37,1,,2,15000.0,600.0,29400.0
5000007298,20240407,2,41,2,2.0,2,15000.0,1500.0,28500.0
5000007659,20240407,1,956,1,,3,13200.0,3960.0,35640.0
5000008814,20240407,2,585,2,2.0,1,16500.0,0.0,16500.0
5000009066,20240407,2,1399,2,4.0,3,15750.0,0.0,47250.0
5000009961,20240407,1,1016,1,,2,12000.0,2400.0,21600.0
5000010368,20240407,2,217,1,,2,15000.0,0.0,30000.0
5000010711,20240407,2,930,1,,1,15000.0,750.0,14250.0
5000010967,20240407,1,1315,1,,1,12000.0,0.0,12000.0
5000013343,20240407,2,224,2,2.0,1,16500.0,1650.0,14850.0
5000013344,20240407,1,224,2,2.0,1,12600.0,0.0,12600.0
5000013630,20240407,2,744,1,,2,15000.0,3000.0,27000.0
5000013718,20240407,1,676,1,,1,12000.0,1200.0,10800.0
5000014877,20240407,1,1329,1,,3,13200.0,1980.0,37620.0
5000014878,20240407,2,1329,1,,1,15000.0,300.0,14700.0
5000015631,20240407,2,151,2,2.0,1,15000.0,750.0,14250.0
5000000739,20240408,2,493,2,3.0,2,15000.0,600.0,29400.0
5000001297,20240408,2,195,1,,3,15750.0,945.0,46305.0
5000003073,20240408,2,975,1,,1,15000.0,300.0,14700.0
5000006607,20240408,1,942,1,,3,12000.0,720.0,35280.0
5000007370,20240408,2,1059,2,4.0,3,15750.0,0.0,47250.0
5000007371,20240408,2,1059,2,4.0,3,15000.0,900.0,44100.0
5000008252,20240408,1,376,2,3.0,2,12000.0,1200.0,22800.0
5000008253,20240408,1,376,2,3.0,2,12000.0,2400.0,21600.0
5000011906,20240408,2,1249,2,3.0,1,15000.0,300.0,14700.0
5000012359,20240408,2,840,1,,1,15000.0,1500.0,13500.0
5000013042,20240408,1,1330,1,,2,12000.0,0.0,24000.0
5000013790,20240408,1,215,1,,1,12000.0,0.0,12000.0
5000014073,20240408,1,244,2,3.0,3,10800.0,648.0,31752.0
5000015408,20240408,1,1240,1,,2,10800.0,1080.0,20520.0
5000000266,20240409,1,1404,1,,1,12000.0,1200.0,10800.0
5000000416,20240409,1,1194,2,1.0,3,12600.0,0.0,37800.0
5000000879,20240409,2,1285,1,,3,15000.0,2250.0,42750.0
5000000880,20240409,2,1285,1,,3,15750.0,2362.5,44887.5
5000001845,20240409,2,1010,1,,1,15000.0,300.0,14700.0
5000004468,20240409,2,1058,2,4.0,1,15750.0,787.5,14962.5
5000004756,20240409,2,867,1,,3,13500.0,2025.0,38475.0
5000005172,20240409,2,348,2,2.0,2,13500.0,540.0,26460.0
5000005537,20240409,1,931,1,,1,12000.0,0.0,12000.0
5000005586,20240409,2,147,2,1.0,1,15000.0,300.0,14700.0
5000005587,20240409,1,147,2,1.0,2,12000.0,2400.0,21600.0
5000006067,20240409,1,1383,2,1.0,3,13200.0,792.0,38808.0
5000006068,20240409,1,1383,2,1.0,3,12000.0,0.0,36000.0
5000006220,20240409,1,991,2,4.0,2,13200.0,1320.0,25080.0
5000007806,20240409,1,1236,1,,2,12600.0,504.0,24696.0
5000007881,20240409,1,113,1,,3,12000.0,0.0,36000.0
5000009417,20240409,2,136,1,,3,15000.0,900.0,44100.0
5000010020,20240409,1,587,1,,3,12000.0,720.0,35280.0
5000010186,20240409,1,968,2,3.0,3,12000.0,3600.0,32400.0
5000010187,20240409,1,968,2,3.0,1,13200.0,264.0,12936.0
5000012905,20240409,2,942,2,3.0,3,15000.0,2250.0,42750.0
5000012970,20240409,2,1176,2,1.0,2,15750.0,630.0,30870.0
5000012971,20240409,1,1176,2,1.0,2,12000.0,0.0,24000.0
5000013146,20240409,1,729,2,2.0,2,12000.0,480.0,23520.0
5000013147,20240409,2,729,2,2.0,3,15750.0,945.0,46305.0
5000015164,20240409,2,804,2,2.0,1,15750.0,1575.0,14175.0
5000015534,20240409,2,610,2,2.0,3,16500.0,2475.0,47025.0
5000015535,20240409,2,610,2,2.0,3,15000.0,900.0,44100.0
5000000601,20240410,2,1075,2,4.0,2,15000.0,1500.0,28500.0
5000000620,20240410,1,1075,2,1.0,3,12600.0,756.0,37044.0
5000001203,20240410,1,564,1,,3,13200.0,792.0,38808.0
5000001204,20240410,1,564,1,,3,12000.0,720.0,35280.0
5000001526,20240410,2,688,1,,2,15000.0,3000.0,27000.0
5000001527,20240410,1,688,1,,1,12600.0,630.0,11970.0
5000001528,20240410,1,688,1,,3,12000.0,720.0,35280.0
5000001737,20240410,1,237,2,4.0,3,10800.0,1620.0,30780.0
5000001738,20240410,2,237,2,4.0,3,15000.0,0.0,45000.0
5000001989,20240410,1,67,2,4.0,1,12000.0,0.0,12000.0
5000002034,20240410,2,1176,2,3.0,1,15000.0,300.0,14700.0
5000002148,20240410,1,245,1,,3,12600.0,3780.0,34020.0
5000002509,20240410,1,49,1,,3,10800.0,648.0,31752.0
5000003162,20240410,1,705,2,4.0,3,12000.0,0.0,36000.0
5000003163,20240410,1,705,2,4.0,2,12000.0,2400.0,21600.0
5000004148,20240410,2,1133,2,2.0,3,15000.0,4500.0,40500.0
5000005505,20240410,1,106,2,2.0,2,12000.0,2400.0,21600.0
5000005506,20240410,2,106,2,2.0,1,13500.0,675.0,12825.0
5000007334,20240410,1,88,2,4.0,1,10800.0,540.0,10260.0
5000007500,20240410,1,248,1,,1,12000.0,600.0,11400.0
5000007907,20240410,2,1122,1,,2,15000.0,0.0,30000.0
5000007908,20240410,1,1122,1,,2,10800.0,2160.0,19440.0
5000009241,20240410,2,209,1,,2,13500.0,1350.0,25650.0
5000010708,20240410,2,1420,1,,3,15000.0,0.0,45000.0
5000014232,20240410,1,554,1,,3,12600.0,756.0,37044.0
5000014818,20240410,1,62,2,3.0,1,12000.0,1200.0,10800.0
5000001958,20240411,2,228,2,1.0,2,16500.0,660.0,32340.0
5000001959,20240411,1,228,2,1.0,2,13200.0,2640.0,23760.0
5000002794,20240411,2,6,1,,1,16500.0,330.0,16170.0
5000002861,20240411,1,1406,2,1.0,2,12600.0,0.0,25200.0
5000003340,20240411,2,600,2,4.0,2,15750.0,630.0,30870.0
5000003488,20240411,1,382,2,2.0,3,13200.0,3960.0,35640.0
5000004318,20240411,1,720,1,,3,10800.0,0.0,32400.0
5000005176,20240411,2,279,2,1.0,1,15000.0,0.0,15000.0
5000005563,20240411,2,1322,1,,2,15000.0,1500.0,28500.0
5000005564,20240411,2,1322,1,,3,15750.0,4725.0,42525.0
5000006192,20240411,2,286,2,4.0,1,15000.0,300.0,14700.0
5000006296,20240411,1,1196,1,,1,12000.0,600.0,11400.0
5000006915,20240411,1,482,1,,2,10800.0,432.0,21168.0
5000007166,20240411,1,1086,2,1.0,2,12000.0,0.0,24000.0
5000007167,20240411,1,1086,2,1.0,3,12000.0,1800.0,34200.0
5000007244,20240411,1,320,1,,2,12000.0,480.0,23520.0
5000009107,20240411,2,972,2,4.0,3,16500.0,990.0,48510.0
5000010153,20240411,1,292,1,,2,13200.0,1320.0,25080.0
5000012835,20240411,2,1207,2,3.0,1,15000.0,0.0,15000.0
5000012882,20240411,2,78,1,,2,13500.0,0.0,27000.0
5000013642,20240411,1,498,1,,3,12000.0,720.0,35280.0
5000014042,20240411,1,643,1,,2,10800.0,432.0,21168.0
5000014043,20240411,1,643,1,,1,12000.0,1200.0,10800.0
5000014044,20240411,1,643,1,,2,12000.0,1200.0,22800.0
5000014647,20240411,1,708,1,,1,12000.0,240.0,11760.0
5000014648,20240411,1,708,1,,3,13200.0,1980.0,37620.0
5000015357,20240411,1,1256,2,4.0,3,12000.0,3600.0,32400.0
5000015772,20240411,2,311,1,,2,15000.0,0.0,30000.0
5000016037,20240411,1,150,1,,1,12600.0,1260.0,11340.0
5000000579,20240412,1,71,1,,2,12000.0,0.0,24000.0
5000001052,20240412,1,677,1,,3,12000.0,720.0,35280.0
5000001053,20240412,1,677,1,,3,10800.0,648.0,31752.0
5000001054,20240412,1,677,1,,1,12000.0,0.0,12000.0
5000001152,20240412,1,1257,2,2.0,1,12600.0,630.0,11970.0
5000001279,20240412,2,1220,1,,1,13500.0,1350.0,12150.0
5000001536,20240412,1,449,1,,3,12000.0,0.0,36000.0
5000001570,20240412,1,1414,1,,1,10800.0,540.0,10260.0
5000001571,20240412,1,1414,1,,3,12000.0,0.0,36000.0
5000001595,20240412,2,1356,1,,1,15000.0,0.0,15000.0
5000002208,20240412,1,311,1,,3,13200.0,1980.0,37620.0
5000002209,20240412,1,311,1,,2,12000.0,1200.0,22800.0
5000002226,20240412,1,142,1,,2,12000.0,0.0,24000.0
5000002942,20240412,1,1322,1,,2,12600.0,504.0,24696.0
5000002943,20240412,2,1322,1,,3,16500.0,0.0,49500.0
5000003179,20240412,2,348,1,,3,15000.0,0.0,45000.0
5000003880,20240412,1,67,2,1.0,1,13200.0,264.0,12936.0
5000003881,20240412,1,67,2,1.0,1,12000.0,1200.0,10800.0
5000008268,20240412,1,1443,2,1.0,2,12000.0,2400.0,21600.0
5000009824,20240412,1,393,1,,3,10800.0,648.0,31752.0
5000012166,20240412,1,653,1,,1,12000.0,0.0,12000.0
5000012363,20240412,2,320,1,,1,15000.0,1500.0,13500.0
5000014260,20240412,1,1266,1,,1,12000.0,1200.0,10800.0
5000014261,20240412,1,1266,1,,3,12000.0,1800.0,34200.0
5000015276,20240412,1,732,2,3.0,3,13200.0,0.0,39600.0
5000015842,20240412,1,1090,1,,3,10800.0,648.0,31752.0
5000001298,20240413,1,81,2,1.0,2,12600.0,0.0,25200.0
5000001299,20240413,2,81,2,1.0,3,15750.0,945.0,46305.0
5000001494,20240413,2,414,1,,1,15000.0,300.0,14700.0
5000002287,20240413,1,748,1,,3,12000.0,1800.0,34200.0
5000002999,20240413,2,1065,2,4.0,3,15000.0,2250.0,42750.0
5000003000,20240413,2,1065,2,4.0,3,16500.0,4950.0,44550.0
5000004785,20240413,1,1097,2,4.0,3,12000.0,1800.0,34200.0
5000005113,20240413,1,193,2,3.0,3,12000.0,0.0,36000.0
5000005114,20240413,2,193,2,3.0,3,15000.0,2250.0,42750.0
5000005115,20240413,1,193,2,3.0,3,10800.0,0.0,32400.0
5000006279,20240413,1,1141,1,,1,12000.0,0.0,12000.0
5000007291,20240413,1,218,2,3.0,1,10800.0,0.0,10800.0
5000008377,20240413,2,1024,1,,2,15750.0,0.0,31500.0
5000008413,20240413,2,601,2,1.0,1,15000.0,300.0,14700.0
5000009147,20240413,1,1363,1,,2,12000.0,0.0,24000.0
5000009148,20240413,2,1363,1,,3,15000.0,900.0,44100.0
5000009418,20240413,2,178,2,1.0,2,15750.0,3150.0,28350.0
5000009419,20240413,1,178,2,1.0,3,12000.0,720.0,35280.0
5000009845,20240413,2,1420,1,,3,15000.0,0.0,45000.0
5000000603,20240414,1,1270,1,,1,12000.0,240.0,11760.0
5000000957,20240414,1,1028,1,,2,10800.0,432.0,21168.0
5000001614,20240414,1,638,2,4.0,3,12000.0,720.0,35280.0
5000001931,20240414,2,948,2,1.0,2,15000.0,600.0,29400.0
5000001932,20240414,2,948,2,1.0,1,15000.0,1500.0,13500.0
5000001933,20240414,1,948,2,1.0,2,12600.0,504.0,24696.0
5000003066,20240414,1,1220,1,,1,12000.0,0.0,12000.0
5000006383,20240414,2,1500,1,,2,15000.0,1500.0,28500.0
5000007146,20240414,1,201,2,4.0,2,12600.0,0.0,25200.0
5000007502,20240414,1,543,2,1.0,1,12000.0,0.0,12000.0
5000008443,20240414,1,508,1,,2,12000.0,0.0,24000.0
5000009782,20240414,2,552,1,,3,15000.0,900.0,44100.0
5000011015,20240414,1,991,1,,2,12600.0,2520.0,22680.0
5000012915,20240414,1,988,2,4.0,2,10800.0,2160.0,19440.0
5000013808,20240414,2,799,1,,2,15000.0,0.0,30000.0
5000015554,20240414,2,768,1,,1,15000.0,1500.0,13500.0
5000015708,20240414,1,137,1,,1,12000.0,240.0,11760.0
5000001523,20240415,1,77,1,,3,12000.0,1800.0,34200.0
5000001655,20240415,1,142,1,,1,12000.0,240.0,11760.0
5000001684,20240415,2,1360,1,,3,13500.0,2025.0,38475.0
5000004106,20240415,2,203,2,1.0,2,15000.0,0.0,30000.0
5000004107,20240415,2,203,2,1.0,2,15000.0,0.0,30000.0
5000004165,20240415,2,647,1,,2,13500.0,1350.0,25650.0
5000006325,20240415,1,433,2,1.0,1,13200.0,660.0,12540.0
5000006871,20240415,2,1052,2,3.0,2,15000.0,3000.0,27000.0
5000007496,20240415,2,1476,1,,1,15000.0,0.0,15000.0
5000009149,20240415,2,362,2,1.0,1,15750.0,1575.0,14175.0
5000010470,20240415,1,174,1,,1,12000.0,0.0,12000.0
5000010654,20240415,1,125,1,,3,12000.0,0.0,36000.0
5000012009,20240415,1,805,1,,2,12000.0,480.0,23520.0
5000012051,20240415,2,216,1,,3,15000.0,4500.0,40500.0
5000013481,20240415,1,1445,2,2.0,3,10800.0,1620.0,30780.0
5000013488,20240415,1,311,1,,2,12000.0,2400.0,21600.0
5000013489,20240415,2,311,1,,2,15000.0,600.0,29400.0
5000013669,20240415,1,40,1,,3,12000.0,3600.0,32400.0
5000013670,20240415,1,40,1,,3,10800.0,3240.0,29160.0
5000014038,20240415,2,315,2,1.0,2,15000.0,1500.0,28500.0
5000014039,20240415,1,315,2,1.0,3,12000.0,720.0,35280.0
5000014040,20240415,1,315,2,1.0,2,12000.0,0.0,24000.0
5000015154,20240415,1,599,2,4.0,3,12000.0,3600.0,32400.0
5000015155,20240415,2,599,2,4.0,1,15000.0,1500.0,13500.0
5000015781,20240415,1,1180,1,,1,12000.0,240.0,11760.0
5000015782,20240415,1,1180,1,,3,12000.0,3600.0,32400.0
5000015895,20240415,1,1112,2,1.0,1,12000.0,0.0,12000.0
5000015937,20240415,1,1096,2,2.0,3,12600.0,0.0,37800.0
5000000209,20240416,1,884,2,3.0,3,12000.0,720.0,35280.0
5000000287,20240416,2,1443,1,,1,15750.0,0.0,15750.0
5000000901,20240416,2,961,1,,3,15000.0,4500.0,40500.0
5000001276,20240416,1,16,1,,1,12600.0,252.0,12348.0
5000001277,20240416,2,16,1,,3,15000.0,0.0,45000.0
5000003310,20240416,2,495,1,,3,15750.0,0.0,47250.0
5000003836,20240416,2,635,1,,2,15750.0,3150.0,28350.0
5000005610,20240416,2,981,1,,2,15000.0,1500.0,28500.0
5000005756,20240416,1,382,2,3.0,3,12000.0,0.0,36000.0
5000005757,20240416,2,382,2,3.0,2,16500.0,660.0,32340.0
5000007342,20240416,1,783,1,,3,12600.0,756.0,37044.0
5000007343,20240416,1,783,1,,3,12000.0,0.0,36000.0
5000007829,20240416,1,302,2,3.0,3,12000.0,0.0,36000.0
5000007830,20240416,2,302,2,3.0,1,15750.0,315.0,15435.0
5000008175,20240416,1,518,1,,3,12000.0,720.0,35280.0
5000008176,20240416,2,518,1,,2,15000.0,600.0,29400.0
5000008329,20240416,2,67,1,,2,15000.0,0.0,30000.0
5000008330,20240416,1,67,1,,1,12000.0,240.0,11760.0
5000010698,20240416,2,329,1,,1,13500.0,675.0,12825.0
5000010910,20240416,1,731,1,,1,12600.0,1260.0,11340.0
5000012341,20240416,1,601,1,,3,12000.0,720.0,35280.0
5000012893,20240416,1,1003,1,,3,12000.0,1800.0,34200.0
5000013758,20240416,2,389,2,2.0,2,16500.0,1650.0,31350.0
5000014244,20240416,1,987,1,,2,12000.0,2400.0,21600.0
5000000893,20240417,1,73,1,,1,13200.0,660.0,12540.0
5000001386,20240417,1,484,2,4.0,3,12000.0,0.0,36000.0
5000002695,20240417,2,246,1,,3,15000.0,0.0,45000.0
5000004321,20240417,2,871,2,4.0,3,16500.0,4950.0,44550.0
5000004371,20240417,1,1422,2,1.0,3,12000.0,720.0,35280.0
5000004759,20240417,1,1363,2,4.0,1,13200.0,1320.0,11880.0
5000006958,20240417,1,630,2,3.0,3,12600.0,0.0,37800.0
5000008392,20240417,2,1039,2,3.0,3,15750.0,2362.5,44887.5
5000009674,20240417,2,785,1,,3,15750.0,0.0,47250.0
5000010929,20240417,1,37,1,,1,12000.0,0.0,12000.0
5000011113,20240417,1,281,1,,3,10800.0,0.0,32400.0
5000011652,20240417,2,191,1,,1,15000.0,0.0,15000.0
5000011981,20240417,2,1217,1,,1,16500.0,0.0,16500.0
5000012331,20240417,1,1414,1,,3,12000.0,0.0,36000.0
5000013874,20240417,2,1347,2,3.0,2,13500.0,540.0,26460.0
5000013875,20240417,1,1347,2,3.0,2,12000.0,1200.0,22800.0
5000014879,20240417,1,835,1,,1,13200.0,0.0,13200.0
5000015717,20240417,1,493,1,,2,12000.0,480.0,23520.0
5000000165,20240418,1,68,1,,1,12000.0,240.0,11760.0
5000001449,20240418,2,276,2,3.0,1,15000.0,0.0,15000.0
5000002799,20240418,2,259,1,,1,15000.0,300.0,14700.0
5000002877,20240418,2,1210,1,,2,15000.0,0.0,30000.0
5000003288,20240418,1,668,1,,1,10800.0,540.0,10260.0
5000004358,20240418,1,619,1,,1,12000.0,0.0,12000.0
5000005444,20240418,1,1111,1,,3,12000.0,0.0,36000.0
5000005630,20240418,1,1255,2,3.0,3,12000.0,1800.0,34200.0
5000006518,20240418,1,547,2,3.0,3,12000.0,720.0,35280.0
5000007095,20240418,1,758,1,,1,12000.0,0.0,12000.0
5000007458,20240418,1,1468,2,1.0,3,10800.0,0.0,32400.0
5000007851,20240418,2,1162,2,2.0,3,15000.0,900.0,44100.0
5000008959,20240418,2,1413,2,2.0,3,15000.0,0.0,45000.0
5000009295,20240418,2,176,1,,1,15000.0,300.0,14700.0
5000009296,20240418,1,176,1,,3,12000.0,3600.0,32400.0
5000010635,20240418,1,977,1,,3,12000.0,0.0,36000.0
5000010664,20240418,1,1323,1,,3,10800.0,1620.0,30780.0
5000011327,20240418,1,866,1,,3,12000.0,720.0,35280.0
5000011328,20240418,1,866,1,,3,10800.0,1620.0,30780.0
5000011534,20240418,2,1248,1,,3,15750.0,0.0,47250.0
5000011535,20240418,1,1248,1,,1,12600.0,1260.0,11340.0
5000012369,20240418,1,1029,1,,3,12000.0,720.0,35280.0
5000013923,20240418,1,1337,2,1.0,3,12000.0,3600.0,32400.0
5000013924,20240418,1,1337,2,1.0,3,12000.0,720.0,35280.0
5000000334,20240419,1,1384,2,3.0,3,13200.0,0.0,39600.0
5000000853,20240419,2,1429,1,,2,16500.0,1650.0,31350.0
5000000978,20240419,2,1468,2,2.0,2,15000.0,600.0,29400.0
5000000979,20240419,1,1468,2,2.0,3,12000.0,720.0,35280.0
5000001510,20240419,2,695,1,,1,13500.0,675.0,12825.0
5000001511,20240419,2,695,1,,1,15000.0,0.0,15000.0
5000001524,20240419,1,1138,1,,3,13200.0,3960.0,35640.0
5000002305,20240419,1,676,2,2.0,2,12600.0,0.0,25200.0
5000002748,20240419,2,12,1,,2,15000.0,3000.0,27000.0
5000002749,20240419,1,12,1,,1,12000.0,240.0,11760.0
5000002750,20240419,2,12,1,,3,13500.0,0.0,40500.0
5000003755,20240419,2,1209,1,,1,13500.0,675.0,12825.0
5000003756,20240419,1,1209,1,,3,12000.0,3600.0,32400.0
5000004045,20240419,2,1266,1,,2,16500.0,0.0,33000.0
5000004592,20240419,2,1161,2,1.0,3,15750.0,945.0,46305.0
5000004872,20240419,1,1351,2,1.0,3,12000.0,0.0,36000.0
5000004873,20240419,1,1351,2,1.0,1,12000.0,0.0,12000.0
5000004874,20240419,2,1351,2,1.0,2,15750.0,3150.0,28350.0
5000004947,20240419,1,1058,2,4.0,1,12000.0,0.0,12000.0
5000005805,20240419,2,1089,1,,2,15000.0,3000.0,27000.0
5000006157,20240419,1,84,2,4.0,3,12000.0,1800.0,34200.0
5000007306,20240419,1,1323,2,1.0,1,10800.0,1080.0,9720.0
5000013205,20240419,2,1468,1,,3,16500.0,4950.0,44550.0
5000015987,20240419,2,922,1,,1,13500.0,1350.0,12150.0
5000015988,20240419,2,922,1,,1,15750.0,787.5,14962.5
5000000430,20240420,1,578,1,,1,12000.0,240.0,11760.0
5000003151,20240420,1,825,1,,2,12000.0,1200.0,22800.0
5000003152,20240420,1,825,1,,1,12000.0,240.0,11760.0
5000003449,20240420,1,662,2,1.0,1,12000.0,0.0,12000.0
5000004046,20240420,1,1387,1,,3,12600.0,1890.0,35910.0
5000004855,20240420,2,1034,2,1.0,1,16500.0,1650.0,14850.0
5000005933,20240420,1,677,1,,1,12600.0,1260.0,11340.0
5000006375,20240420,2,1284,2,1.0,1,13500.0,675.0,12825.0
5000006866,20240420,1,329,1,,1,13200.0,660.0,12540.0
5000007389,20240420,1,993,1,,3,12000.0,0.0,36000.0
5000007390,20240420,1,993,1,,3,12000.0,720.0,35280.0
5000007567,20240420,1,97,2,3.0,1,12000.0,600.0,11400.0
5000008821,20240420,1,705,1,,2,12600.0,2520.0,22680.0
5000008822,20240420,1,705,1,,3,13200.0,3960.0,35640.0
5000009277,20240420,2,458,2,1.0,1,15000.0,300.0,14700.0
5000009367,20240420,2,1064,1,,2,15000.0,0.0,30000.0
5000011459,20240420,2,575,1,,2,15000.0,1500.0,28500.0
5000011460,20240420,1,575,1,,3,12000.0,3600.0,32400.0
5000011461,20240420,1,575,1,,2,12000.0,1200.0,22800.0
5000011861,20240420,2,33,1,,1,16500.0,1650.0,14850.0
5000012732,20240420,2,523,2,4.0,2,15750.0,0.0,31500.0
5000012918,20240420,2,687,1,,3,15000.0,4500.0,40500.0
5000012919,20240420,1,687,1,,2,10800.0,2160.0,19440.0
5000014464,20240420,2,1242,1,,1,15000.0,750.0,14250.0
5000015737,20240420,2,460,1,,2,15000.0,600.0,29400.0
5000000693,20240421,1,669,1,,3,12600.0,0.0,37800.0
5000000694,20240421,1,669,1,,1,12000.0,240.0,11760.0
5000000757,20240421,2,274,2,3.0,1,13500.0,0.0,13500.0
5000005068,20240421,2,533,1,,2,15000.0,0.0,30000.0
5000005069,20240421,1,533,1,,1,12000.0,600.0,11400.0
5000005148,20240421,1,1307,1,,2,12000.0,480.0,23520.0
5000005149,20240421,2,1307,1,,2,15000.0,600.0,29400.0
5000005509,20240421,2,1114,2,4.0,1,15000.0,300.0,14700.0
5000005510,20240421,1,1114,2,4.0,1,12000.0,240.0,11760.0
5000006543,20240421,1,1484,1,,3,13200.0,792.0,38808.0
5000006544,20240421,1,1484,1,,2,12000.0,1200.0,22800.0
5000007228,20240421,2,1082,1,,2,15000.0,600.0,29400.0
5000007229,20240421,1,1082,1,,3,12600.0,0.0,37800.0
5000007373,20240421,2,429,2,2.0,2,15000.0,3000.0,27000.0
5000008166,20240421,1,505,2,2.0,3,12000.0,3600.0,32400.0
5000008369,20240421,1,56,1,,1,12000.0,600.0,11400.0
5000008384,20240421,1,396,1,,2,10800.0,432.0,21168.0
5000008385,20240421,2,396,1,,2,13500.0,540.0,26460.0
5000009150,20240421,1,311,2,4.0,2,12000.0,2400.0,21600.0
5000009151,20240421,2,311,2,4.0,2,16500.0,660.0,32340.0
5000009152,20240421,1,311,2,4.0,3,12000.0,720.0,35280.0
5000010658,20240421,2,1200,2,1.0,3,16500.0,990.0,48510.0
5000012308,20240421,2,811,2,4.0,2,15000.0,0.0,30000.0
5000012309,20240421,2,811,2,4.0,2,15000.0,1500.0,28500.0
5000012378,20240421,1,313,1,,1,10800.0,0.0,10800.0
5000012395,20240421,2,922,2,4.0,1,15000.0,0.0,15000.0
5000013252,20240421,2,1325,1,,1,16500.0,0.0,16500.0
5000013299,20240421,1,1263,1,,1,12000.0,1200.0,10800.0
5000013300,20240421,2,1263,1,,1,15000.0,1500.0,13500.0
5000014396,20240421,2,556,2,4.0,2,15000.0,3000.0,27000.0
5000014436,20240421,1,317,2,2.0,1,10800.0,1080.0,9720.0
5000014691,20240421,2,1077,2,2.0,2,13500.0,2700.0,24300.0
5000015216,20240421,1,625,1,,1,12000.0,0.0,12000.0
5000000151,20240422,1,581,2,4.0,2,12000.0,2400.0,21600.0
5000000152,20240422,1,581,2,4.0,1,12000.0,600.0,11400.0
5000000396,20240422,1,195,1,,3,12000.0,0.0,36000.0
5000001565,20240422,1,133,1,,3,12000.0,1800.0,34200.0
5000001659,20240422,2,1226,1,,1,15750.0,787.5,14962.5
5000002513,20240422,2,147,2,2.0,2,15000.0,600.0,29400.0
5000003076,20240422,1,437,2,2.0,1,12000.0,600.0,11400.0
5000003828,20240422,1,94,2,1.0,3,12000.0,0.0,36000.0
5000003829,20240422,1,94,2,1.0,3,12000.0,3600.0,32400.0
5000004572,20240422,2,813,1,,2,15000.0,0.0,30000.0
5000004744,20240422,1,1039,1,,3,13200.0,1980.0,37620.0
5000005195,20240422,1,172,2,2.0,3,13200.0,1980.0,37620.0
5000005196,20240422,1,172,2,2.0,3,13200.0,0.0,39600.0
5000005511,20240422,2,1406,2,3.0,3,15750.0,2362.5,44887.5
5000005512,20240422,2,1406,2,3.0,3,15000.0,0.0,45000.0
5000005525,20240422,2,947,2,1.0,2,15000.0,1500.0,28500.0
5000006770,20240422,2,241,1,,1,15000.0,0.0,15000.0
5000007530,20240422,2,223,1,,1,15000.0,0.0,15000.0
5000008550,20240422,1,1378,1,,3,12000.0,3600.0,32400.0
5000008551,20240422,2,1378,1,,2,15000.0,0.0,30000.0
5000009577,20240422,2,441,1,,2,15750.0,0.0,31500.0
5000010598,20240422,2,50,2,2.0,2,15000.0,0.0,30000.0
5000010599,20240422,2,50,2,2.0,1,15000.0,750.0,14250.0
5000010703,20240422,2,647,1,,3,15000.0,4500.0,40500.0
5000011028,20240422,1,700,2,1.0,3,12000.0,720.0,35280.0
5000011190,20240422,1,743,2,1.0,2,12000.0,480.0,23520.0
5000011930,20240422,1,1120,1,,1,12000.0,0.0,12000.0
5000012779,20240422,1,535,1,,1,13200.0,660.0,12540.0
5000013515,20240422,2,1442,2,1.0,2,13500.0,1350.0,25650.0
5000013579,20240422,2,1040,2,1.0,2,15000.0,600.0,29400.0
5000013780,20240422,1,1106,2,2.0,1,12000.0,1200.0,10800.0
5000001248,20240423,2,4,2,4.0,3,15000.0,2250.0,42750.0
5000001249,20240423,2,4,2,4.0,3,16500.0,990.0,48510.0
5000002683,20240423,2,307,1,,2,15750.0,1575.0,29925.0
5000002835,20240423,1,1030,2,1.0,3,10800.0,0.0,32400.0
5000002836,20240423,1,1030,2,1.0,3,12600.0,1890.0,35910.0
5000003070,20240423,1,37,1,,2,12000.0,2400.0,21600.0
5000004364,20240423,2,1414,1,,1,16500.0,825.0,15675.0
5000004881,20240423,1,421,1,,1,12600.0,0.0,12600.0
5000006619,20240423,1,1022,2,2.0,1,12000.0,240.0,11760.0
5000006702,20240423,2,1204,2,4.0,1,15000.0,750.0,14250.0
5000008808,20240423,2,656,2,3.0,1,15000.0,0.0,15000.0
5000011340,20240423,1,1169,2,4.0,3,13200.0,792.0,38808.0
5000011341,20240423,2,1169,2,4.0,2,15000.0,1500.0,28500.0
5000012182,20240423,1,1410,1,,3,12000.0,1800.0,34200.0
5000012240,20240423,1,73,1,,2,12000.0,1200.0,22800.0
5000013413,20240423,1,420,1,,2,12600.0,0.0,25200.0
5000013414,20240423,1,420,1,,3,12000.0,0.0,36000.0
5000014476,20240423,2,1462,2,1.0,1,15000.0,750.0,14250.0
5000014477,20240423,2,1462,2,1.0,1,16500.0,825.0,15675.0
5000016133,20240423,1,35,1,,2,12000.0,480.0,23520.0
5000016134,20240423,2,35,1,,1,15000.0,0.0,15000.0
5000000217,20240424,2,905,2,1.0,2,15000.0,0.0,30000.0
5000001145,20240424,2,1048,1,,1,13500.0,675.0,12825.0
5000001251,20240424,1,1018,2,3.0,3,12600.0,0.0,37800.0
5000002890,20240424,2,902,1,,1,16500.0,1650.0,14850.0
5000003205,20240424,2,544,2,2.0,1,13500.0,675.0,12825.0
5000004722,20240424,1,761,1,,2,12000.0,480.0,23520.0
5000005575,20240424,1,1012,1,,2,12000.0,1200.0,22800.0
5000005576,20240424,1,1012,1,,3,12600.0,0.0,37800.0
5000005577,20240424,2,1012,1,,2,15000.0,3000.0,27000.0
5000005681,20240424,1,805,1,,1,12600.0,252.0,12348.0
5000005682,20240424,1,805,1,,3,12000.0,3600.0,32400.0
5000005683,20240424,2,805,1,,1,15000.0,1500.0,13500.0
5000008790,20240424,2,564,1,,1,15000.0,1500.0,13500.0
5000009162,20240424,1,1355,1,,1,12000.0,0.0,12000.0
5000009966,20240424,1,616,1,,1,13200.0,264.0,12936.0
5000011343,20240424,1,748,1,,1,12000.0,0.0,12000.0
5000011903,20240424,1,769,1,,1,12000.0,1200.0,10800.0
5000013902,20240424,1,459,2,4.0,2,12000.0,0.0,24000.0
5000015279,20240424,1,253,1,,2,12000.0,480.0,23520.0
5000001138,20240425,2,1115,1,,3,13500.0,810.0,39690.0
5000001139,20240425,1,1115,1,,3,13200.0,792.0,38808.0
5000001140,20240425,1,1115,1,,3,12000.0,720.0,35280.0
5000001255,20240425,1,1174,1,,2,12600.0,504.0,24696.0
5000001256,20240425,2,1174,1,,1,15750.0,787.5,14962.5
5000001307,20240425,1,1176,1,,2,12600.0,2520.0,22680.0
5000004650,20240425,2,219,1,,3,15750.0,0.0,47250.0
5000005029,20240425,2,1021,1,,3,15000.0,2250.0,42750.0
5000006645,20240425,1,1465,1,,1,12000.0,240.0,11760.0
5000006646,20240425,2,1465,1,,2,15000.0,0.0,30000.0
5000006647,20240425,2,1465,1,,1,15750.0,787.5,14962.5
5000007049,20240425,1,840,2,3.0,2,12000.0,480.0,23520.0
5000007834,20240425,2,590,2,2.0,3,15000.0,900.0,44100.0
5000008208,20240425,1,661,1,,2,12000.0,0.0,24000.0
5000008209,20240425,1,661,1,,3,12000.0,1800.0,34200.0
5000009734,20240425,1,875,1,,3,12000.0,0.0,36000.0
5000009992,20240425,1,679,2,2.0,1,12000.0,1200.0,10800.0
5000010935,20240425,1,410,2,2.0,2,10800.0,1080.0,20520.0
5000011348,20240425,2,369,2,2.0,3,13500.0,810.0,39690.0
5000012108,20240425,1,266,2,3.0,2,12600.0,0.0,25200.0
5000012109,20240425,1,266,2,3.0,1,12000.0,240.0,11760.0
5000012792,20240425,1,1297,1,,2,12000.0,480.0,23520.0
5000012974,20240425,2,696,1,,1,15000.0,300.0,14700.0
5000013955,20240425,1,386,2,4.0,2,10800.0,1080.0,20520.0
5000014125,20240425,2,476,2,2.0,2,15750.0,0.0,31500.0
5000014126,20240425,1,476,2,2.0,2,13200.0,528.0,25872.0
5000014308,20240425,1,193,2,2.0,3,12000.0,720.0,35280.0
5000015860,20240425,1,524,1,,1,12600.0,630.0,11970.0
5000002307,20240426,1,564,2,3.0,1,12000.0,1200.0,10800.0
5000002308,20240426,2,564,2,3.0,2,16500.0,1650.0,31350.0
5000002723,20240426,1,431,2,4.0,3,12000.0,1800.0,34200.0
5000002724,20240426,1,431,2,4.0,2,10800.0,1080.0,20520.0
5000004834,20240426,1,698,1,,2,12000.0,480.0,23520.0
5000004996,20240426,2,919,2,2.0,1,13500.0,270.0,13230.0
5000005076,20240426,2,595,2,3.0,3,15000.0,2250.0,42750.0
5000005192,20240426,2,59,1,,3,15000.0,900.0,44100.0
5000005321,20240426,2,1107,1,,2,15000.0,0.0,30000.0
5000005750,20240426,2,1195,1,,2,13500.0,2700.0,24300.0
5000006146,20240426,1,713,1,,1,12000.0,0.0,12000.0
5000006452,20240426,1,906,2,3.0,2,12000.0,0.0,24000.0
5000010026,20240426,2,1189,1,,1,13500.0,675.0,12825.0
5000011540,20240426,1,157,1,,1,12600.0,630.0,11970.0
5000011541,20240426,2,157,1,,1,16500.0,1650.0,14850.0
5000011800,20240426,1,1384,2,2.0,3,12000.0,3600.0,32400.0
5000012208,20240426,1,319,1,,3,10800.0,648.0,31752.0
5000012466,20240426,2,442,1,,2,15000.0,3000.0,27000.0
5000012467,20240426,1,442,1,,1,12000.0,1200.0,10800.0
5000012535,20240426,1,840,2,4.0,1,12000.0,1200.0,10800.0
5000013230,20240426,1,203,1,,3,12000.0,720.0,35280.0
5000013231,20240426,2,203,1,,2,13500.0,1350.0,25650.0
5000013925,20240426,2,1223,2,4.0,2,15000.0,3000.0,27000.0
5000014041,20240426,2,839,1,,3,16500.0,4950.0,44550.0
5000014183,20240426,2,826,1,,2,13500.0,2700.0,24300.0
5000015035,20240426,2,273,1,,2,13500.0,2700.0,24300.0
5000015036,20240426,1,273,1,,1,12000.0,240.0,11760.0
5000015892,20240426,2,22,2,4.0,2,15000.0,1500.0,28500.0
5000000353,20240427,1,1065,1,,3,13200.0,0.0,39600.0
5000000354,20240427,1,1065,1,,1,13200.0,264.0,12936.0
5000002364,20240427,1,1335,1,,2,10800.0,1080.0,20520.0
5000002743,20240427,1,301,1,,1,10800.0,540.0,10260.0
5000004830,20240427,1,350,1,,3,12000.0,0.0,36000.0
5000004831,20240427,2,350,1,,2,15000.0,1500.0,28500.0
5000005118,20240427,2,313,2,4.0,1,15000.0,0.0,15000.0
5000006795,20240427,1,1042,1,,3,12000.0,3600.0,32400.0
5000007181,20240427,2,786,2,4.0,1,15000.0,300.0,14700.0
5000007742,20240427,1,649,2,3.0,1,12600.0,0.0,12600.0
5000009884,20240427,1,907,1,,2,12600.0,504.0,24696.0
5000009885,20240427,1,907,1,,1,12000.0,0.0,12000.0
5000011303,20240427,1,1359,1,,2,12000.0,1200.0,22800.0
5000013136,20240427,2,490,1,,1,15000.0,1500.0,13500.0
5000013137,20240427,2,490,1,,1,15000.0,300.0,14700.0
5000013685,20240427,1,585,1,,1,12000.0,0.0,12000.0
5000016063,20240427,1,263,1,,1,12000.0,240.0,11760.0
5000016064,20240427,2,263,1,,1,15000.0,1500.0,13500.0
5000001868,20240428,1,418,2,1.0,1,12000.0,0.0,12000.0
5000003730,20240428,1,1448,1,,2,12000.0,480.0,23520.0
5000003982,20240428,1,197,1,,3,12000.0,1800.0,34200.0
5000003983,20240428,2,197,1,,2,15000.0,0.0,30000.0
5000004651,20240428,2,422,2,1.0,3,16500.0,4950.0,44550.0
5000005638,20240428,1,1287,2,2.0,3,10800.0,3240.0,29160.0
5000005722,20240428,2,1095,2,2.0,1,15000.0,750.0,14250.0
5000007075,20240428,1,638,1,,3,12000.0,0.0,36000.0
5000007674,20240428,1,1244,1,,3,12000.0,0.0,36000.0
5000008597,20240428,2,648,2,2.0,1,15000.0,1500.0,13500.0
5000009129,20240428,1,682,2,2.0,1,12600.0,252.0,12348.0
5000010676,20240428,2,957,1,,3,15000.0,4500.0,40500.0
5000010677,20240428,1,957,1,,3,12600.0,1890.0,35910.0
5000010820,20240428,1,1329,1,,1,12000.0,1200.0,10800.0
5000010883,20240428,2,888,2,1.0,1,15000.0,0.0,15000.0
5000010884,20240428,2,888,2,1.0,3,15000.0,900.0,44100.0
5000010885,20240428,1,888,2,1.0,2,13200.0,1320.0,25080.0
5000011499,20240428,1,114,1,,3,12600.0,756.0,37044.0
5000011500,20240428,1,114,1,,2,12000.0,480.0,23520.0
5000013204,20240428,1,315,2,3.0,1,12000.0,600.0,11400.0
5000000412,20240429,2,800,1,,3,15000.0,2250.0,42750.0
5000000413,20240429,1,800,1,,2,13200.0,0.0,26400.0
5000001435,20240429,2,494,1,,2,15000.0,0.0,30000.0
5000001436,20240429,1,494,1,,2,12000.0,1200.0,22800.0
5000002172,20240429,1,1081,1,,2,13200.0,2640.0,23760.0
5000002173,20240429,1,1081,1,,1,12000.0,0.0,12000.0
5000002174,20240429,2,1081,1,,3,13500.0,0.0,40500.0
5000002828,20240429,1,240,1,,3,12000.0,3600.0,32400.0
5000004328,20240429,1,1284,2,1.0,2,12000.0,0.0,24000.0
5000004380,20240429,1,1132,1,,1,12000.0,600.0,11400.0
5000004381,20240429,2,1132,1,,3,15000.0,2250.0,42750.0
5000011207,20240429,1,1078,1,,3,12000.0,720.0,35280.0
5000011974,20240429,2,1270,1,,2,16500.0,1650.0,31350.0
5000012563,20240429,2,480,1,,3,16500.0,0.0,49500.0
5000012699,20240429,2,1223,2,3.0,2,15750.0,0.0,31500.0
5000013280,20240429,1,908,1,,2,12000.0,2400.0,21600.0
5000013806,20240429,1,662,1,,2,12000.0,480.0,23520.0
5000013807,20240429,2,662,1,,1,15000.0,1500.0,13500.0
5000014722,20240429,2,989,2,3.0,3,16500.0,2475.0,47025.0
5000014723,20240429,2,989,2,3.0,2,15000.0,1500.0,28500.0
5000015175,20240429,2,1073,2,4.0,2,13500.0,0.0,27000.0
5000001717,20240430,2,1257,1,,3,13500.0,2025.0,38475.0
5000001718,20240430,1,1257,1,,2,12000.0,2400.0,21600.0
5000001866,20240430,2,756,1,,2,13500.0,2700.0,24300.0
5000001867,20240430,2,756,1,,1,15000.0,0.0,15000.0
5000001923,20240430,1,1042,2,1.0,1,12000.0,1200.0,10800.0
5000001924,20240430,2,1042,2,1.0,1,15750.0,0.0,15750.0
5000001925,20240430,1,1042,2,1.0,3,12000.0,1800.0,34200.0
5000003359,20240430,1,793,1,,3,10800.0,648.0,31752.0
5000003360,20240430,1,793,1,,1,10800.0,0.0,10800.0
5000004008,20240430,1,1324,1,,3,12000.0,3600.0,32400.0
5000004960,20240430,2,747,1,,3,15000.0,900.0,44100.0
5000004961,20240430,2,747,1,,3,13500.0,0.0,40500.0
5000005074,20240430,2,1274,1,,2,15000.0,1500.0,28500.0
5000005334,20240430,1,447,2,2.0,1,12000.0,0.0,12000.0
5000005351,20240430,1,789,2,1.0,2,12000.0,0.0,24000.0
5000005778,20240430,2,1388,1,,1,15000.0,300.0,14700.0
5000006663,20240430,1,35,2,3.0,2,12000.0,480.0,23520.0
5000007426,20240430,1,44,1,,2,10800.0,2160.0,19440.0
5000008920,20240430,2,966,1,,2,15000.0,3000.0,27000.0
5000008921,20240430,1,966,1,,3,12000.0,0.0,36000.0
5000010754,20240430,2,20,1,,2,15000.0,1500.0,28500.0
5000010755,20240430,2,20,1,,1,13500.0,1350.0,12150.0
5000010809,20240430,1,755,1,,3,10800.0,0.0,32400.0
5000011149,20240430,2,1127,1,,1,15000.0,300.0,14700.0
5000011150,20240430,1,1127,1,,2,12000.0,480.0,23520.0
5000012028,20240430,2,679,1,,2,13500.0,0.0,27000.0
5000013036,20240430,1,220,2,3.0,2,12000.0,480.0,23520.0
5000013114,20240430,1,1053,1,,1,12000.0,240.0,11760.0
5000013647,20240430,2,1491,2,2.0,3,15000.0,0.0,45000.0
5000013648,20240430,1,1491,2,2.0,2,12000.0,1200.0,22800.0
5000014491,20240430,2,847,2,3.0,1,15000.0,1500.0,13500.0
5000014492,20240430,2,847,2,3.0,2,15750.0,630.0,30870.0
5000015435,20240430,1,1138,1,,2,12600.0,1260.0,23940.0
5000000469,20240501,1,518,1,,3,12600.0,3780.0,34020.0
5000001119,20240501,1,281,1,,2,12600.0,1260.0,23940.0
5000001578,20240501,2,839,1,,1,15000.0,0.0,15000.0
5000002484,20240501,1,712,1,,1,10800.0,216.0,10584.0
5000002673,20240501,2,324,1,,2,16500.0,1650.0,31350.0
5000005035,20240501,2,759,1,,2,13500.0,0.0,27000.0
5000005036,20240501,2,759,1,,2,15000.0,600.0,29400.0
5000005730,20240501,2,1280,2,4.0,1,15750.0,787.5,14962.5
5000005993,20240501,1,1074,2,4.0,2,12000.0,1200.0,22800.0
5000006071,20240501,2,1165,1,,1,15000.0,0.0,15000.0
5000006395,20240501,1,494,1,,3,13200.0,792.0,38808.0
5000006396,20240501,2,494,1,,2,15000.0,1500.0,28500.0
5000006397,20240501,2,494,1,,2,13500.0,2700.0,24300.0
5000006614,20240501,2,554,2,1.0,1,13500.0,0.0,13500.0
5000006615,20240501,2,554,2,1.0,1,16500.0,1650.0,14850.0
5000006616,20240501,1,554,2,1.0,2,13200.0,0.0,26400.0
5000006854,20240501,2,413,2,3.0,1,15000.0,0.0,15000.0
5000007141,20240501,2,891,1,,1,15000.0,300.0,14700.0
5000007142,20240501,1,891,1,,2,12000.0,0.0,24000.0
5000007143,20240501,2,891,1,,3,15000.0,0.0,45000.0
5000007331,20240501,1,858,1,,3,12000.0,1800.0,34200.0
5000007332,20240501,1,858,1,,3,10800.0,648.0,31752.0
5000007944,20240501,2,1076,1,,1,15000.0,300.0,14700.0
5000009309,20240501,2,268,1,,1,15750.0,315.0,15435.0
5000009835,20240501,1,1110,1,,1,12000.0,600.0,11400.0
5000009836,20240501,2,1110,1,,1,15000.0,0.0,15000.0
5000009837,20240501,2,1110,1,,2,15000.0,0.0,30000.0
5000012260,20240501,2,800,1,,3,15000.0,0.0,45000.0
5000012261,20240501,2,800,1,,3,15000.0,4500.0,40500.0
5000012262,20240501,1,800,1,,1,12600.0,630.0,11970.0
5000012406,20240501,1,836,2,3.0,3,12000.0,1800.0,34200.0
5000012568,20240501,2,708,1,,2,15000.0,3000.0,27000.0
5000012569,20240501,1,708,1,,1,12000.0,0.0,12000.0
5000013517,20240501,1,1400,2,1.0,2,12000.0,1200.0,22800.0
5000015680,20240501,2,58,2,1.0,1,15000.0,750.0,14250.0
5000000254,20240502,1,984,1,,3,12600.0,756.0,37044.0
5000000723,20240502,1,1022,1,,3,12600.0,756.0,37044.0
5000002318,20240502,1,1271,1,,3,10800.0,0.0,32400.0
5000003798,20240502,2,472,1,,1,15000.0,0.0,15000.0
5000004214,20240502,1,1293,2,2.0,3,12000.0,3600.0,32400.0
5000004215,20240502,1,1293,2,2.0,1,12600.0,630.0,11970.0
5000004790,20240502,1,1116,1,,1,12000.0,240.0,11760.0
5000005443,20240502,2,127,2,2.0,2,15000.0,0.0,30000.0
5000005860,20240502,1,68,2,3.0,3,12000.0,0.0,36000.0
5000007009,20240502,2,1176,1,,2,15000.0,600.0,29400.0
5000008157,20240502,2,921,2,2.0,2,15000.0,0.0,30000.0
5000008158,20240502,2,921,2,2.0,3,13500.0,810.0,39690.0
5000008932,20240502,2,886,1,,1,15000.0,300.0,14700.0
5000008933,20240502,2,886,1,,2,15000.0,600.0,29400.0
5000010268,20240502,1,822,1,,1,13200.0,660.0,12540.0
5000010528,20240502,1,651,2,3.0,1,12000.0,600.0,11400.0
5000012356,20240502,1,1388,2,3.0,1,13200.0,660.0,12540.0
5000012357,20240502,1,1388,2,3.0,2,12600.0,504.0,24696.0
5000013616,20240502,1,474,1,,3,12000.0,0.0,36000.0
5000013636,20240502,1,954,2,4.0,3,12000.0,1800.0,34200.0
5000014350,20240502,1,1157,1,,3,12000.0,720.0,35280.0
5000014977,20240502,1,1383,1,,3,13200.0,792.0,38808.0
5000015663,20240502,2,435,2,1.0,1,16500.0,0.0,16500.0
5000000475,20240503,2,997,2,1.0,2,15000.0,3000.0,27000.0
5000000522,20240503,1,792,1,,1,10800.0,540.0,10260.0
5000000892,20240503,1,1100,1,,2,12000.0,0.0,24000.0
5000001408,20240503,1,958,1,,2,12000.0,0.0,24000.0
5000001942,20240503,2,1219,2,4.0,1,15000.0,300.0,14700.0
5000002895,20240503,2,930,1,,2,13500.0,2700.0,24300.0
5000002896,20240503,1,930,1,,2,12000.0,480.0,23520.0
5000002897,20240503,1,930,1,,1,12000.0,1200.0,10800.0
5000003237,20240503,2,308,1,,1,15000.0,750.0,14250.0
5000003414,20240503,1,1242,1,,3,12600.0,3780.0,34020.0
5000004781,20240503,2,590,1,,3,15000.0,0.0,45000.0
5000006329,20240503,2,812,1,,3,15000.0,900.0,44100.0
5000008326,20240503,1,1430,1,,2,12000.0,2400.0,21600.0
5000009501,20240503,1,477,2,1.0,1,12600.0,630.0,11970.0
5000011596,20240503,1,1313,1,,3,12000.0,1800.0,34200.0
5000013026,20240503,1,1065,2,4.0,3,10800.0,648.0,31752.0
5000013353,20240503,1,1258,2,4.0,2,13200.0,2640.0,23760.0
5000013402,20240503,2,861,1,,1,15000.0,300.0,14700.0
5000013403,20240503,2,861,1,,2,15750.0,3150.0,28350.0
5000014657,20240503,2,723,1,,3,15000.0,4500.0,40500.0
5000015458,20240503,2,1475,1,,1,15000.0,750.0,14250.0
5000001564,20240504,2,304,2,3.0,2,15000.0,3000.0,27000.0
5000002744,20240504,1,425,1,,2,12600.0,1260.0,23940.0
5000003548,20240504,1,1398,2,3.0,1,10800.0,0.0,10800.0
5000003873,20240504,1,749,1,,2,12000.0,480.0,23520.0
5000003874,20240504,1,749,1,,2,10800.0,1080.0,20520.0
5000004347,20240504,2,204,2,1.0,2,13500.0,2700.0,24300.0
5000004348,20240504,1,204,2,1.0,3,12000.0,720.0,35280.0
5000005041,20240504,1,278,2,2.0,1,12000.0,600.0,11400.0
5000007175,20240504,2,1292,1,,2,15000.0,3000.0,27000.0
5000008228,20240504,2,315,2,3.0,2,15000.0,3000.0,27000.0
5000008229,20240504,1,315,2,3.0,3,12000.0,3600.0,32400.0
5000008254,20240504,1,1429,1,,1,12000.0,0.0,12000.0
5000008255,20240504,1,1429,1,,1,12600.0,252.0,12348.0
5000010725,20240504,2,713,1,,3,15000.0,0.0,45000.0
5000012895,20240504,1,402,1,,3,12000.0,720.0,35280.0
5000012896,20240504,1,402,1,,3,12000.0,0.0,36000.0
5000013629,20240504,1,873,1,,3,12000.0,1800.0,34200.0
5000015203,20240504,2,441,2,2.0,3,15750.0,4725.0,42525.0
5000015204,20240504,1,441,2,2.0,1,12600.0,1260.0,11340.0
5000015884,20240504,1,267,1,,2,10800.0,432.0,21168.0
5000015885,20240504,1,267,1,,1,12000.0,1200.0,10800.0
5000015886,20240504,1,267,1,,3,13200.0,792.0,38808.0
5000000202,20240505,2,280,1,,3,15750.0,2362.5,44887.5
5000000203,20240505,1,280,1,,3,12600.0,0.0,37800.0
5000001199,20240505,1,200,2,4.0,1,10800.0,0.0,10800.0
5000002630,20240505,1,1322,1,,3,13200.0,792.0,38808.0
5000003245,20240505,1,1400,2,4.0,1,12600.0,0.0,12600.0
5000003378,20240505,2,1387,1,,1,15750.0,0.0,15750.0
5000003379,20240505,1,1387,1,,3,12000.0,720.0,35280.0
5000004890,20240505,2,196,1,,3,16500.0,0.0,49500.0
5000004891,20240505,1,196,1,,1,12600.0,0.0,12600.0
5000005161,20240505,2,474,2,1.0,1,15000.0,0.0,15000.0
5000006728,20240505,2,1211,2,4.0,2,15000.0,3000.0,27000.0
5000007750,20240505,1,610,1,,1,12000.0,240.0,11760.0
5000009098,20240505,1,1191,2,2.0,3,12600.0,1890.0,35910.0
5000009983,20240505,1,121,2,4.0,1,10800.0,540.0,10260.0
5000010018,20240505,1,1226,1,,3,12000.0,1800.0,34200.0
5000010019,20240505,2,1226,1,,1,15000.0,0.0,15000.0
5000010080,20240505,1,1136,1,,3,13200.0,1980.0,37620.0
5000010346,20240505,1,1451,2,2.0,2,12000.0,1200.0,22800.0
5000010688,20240505,1,505,1,,1,12000.0,240.0,11760.0
5000013675,20240505,2,69,1,,1,15750.0,1575.0,14175.0
5000014157,20240505,2,963,2,2.0,2,15000.0,0.0,30000.0
5000015292,20240505,2,1248,2,1.0,2,15000.0,3000.0,27000.0
5000015995,20240505,1,570,2,1.0,1,12000.0,0.0,12000.0
5000015996,20240505,1,570,2,1.0,3,10800.0,3240.0,29160.0
5000015997,20240505,2,570,2,1.0,2,15000.0,0.0,30000.0
5000000034,20240506,2,866,1,,3,16500.0,0.0,49500.0
5000000401,20240506,1,807,2,3.0,3,12000.0,0.0,36000.0
5000000404,20240506,1,61,1,,2,12000.0,0.0,24000.0
5000002467,20240506,1,208,1,,3,12000.0,0.0,36000.0
5000003311,20240506,2,1159,2,1.0,3,15000.0,0.0,45000.0
5000004343,20240506,1,254,1,,1,12000.0,0.0,12000.0
5000005483,20240506,1,1246,2,4.0,2,10800.0,2160.0,19440.0
5000005922,20240506,1,732,1,,3,13200.0,3960.0,35640.0
5000006635,20240506,1,80,2,1.0,3,12000.0,3600.0,32400.0
5000006636,20240506,2,80,2,1.0,1,16500.0,825.0,15675.0
5000006637,20240506,1,80,2,1.0,3,10800.0,0.0,32400.0
5000007273,20240506,2,1365,2,3.0,1,16500.0,330.0,16170.0
5000007824,20240506,1,379,1,,1,10800.0,0.0,10800.0
5000008006,20240506,2,276,1,,2,15000.0,3000.0,27000.0
5000008876,20240506,2,814,1,,1,15000.0,750.0,14250.0
5000008877,20240506,2,814,1,,2,13500.0,0.0,27000.0
5000009974,20240506,1,205,2,1.0,2,12000.0,2400.0,21600.0
5000010483,20240506,2,42,2,2.0,1,15000.0,1500.0,13500.0
5000011675,20240506,1,587,2,3.0,2,12600.0,0.0,25200.0
5000011676,20240506,1,587,2,3.0,3,12000.0,3600.0,32400.0
5000012100,20240506,1,75,2,1.0,3,10800.0,3240.0,29160.0
5000012167,20240506,2,984,1,,3,15000.0,2250.0,42750.0
5000012890,20240506,2,1287,1,,2,16500.0,3300.0,29700.0
5000013771,20240506,1,98,1,,1,12000.0,600.0,11400.0
5000014242,20240506,1,405,1,,1,12000.0,600.0,11400.0
5000014243,20240506,2,405,1,,1,13500.0,0.0,13500.0
5000014363,20240506,1,1145,1,,2,12000.0,0.0,24000.0
5000014364,20240506,1,1145,1,,1,12000.0,0.0,12000.0
5000014759,20240506,1,790,1,,2,12000.0,1200.0,22800.0
5000015574,20240506,2,53,1,,1,15000.0,1500.0,13500.0
5000000235,20240507,1,181,1,,2,12000.0,1200.0,22800.0
5000000766,20240507,1,90,1,,2,12600.0,504.0,24696.0
5000000767,20240507,1,90,1,,3,12000.0,3600.0,32400.0
5000001008,20240507,1,1135,1,,3,12600.0,3780.0,34020.0
5000002310,20240507,2,216,2,4.0,3,15000.0,0.0,45000.0
5000002354,20240507,1,1463,1,,2,12000.0,0.0,24000.0
5000002355,20240507,2,1463,1,,3,15750.0,0.0,47250.0
5000002419,20240507,2,650,2,3.0,2,15000.0,600.0,29400.0
5000004714,20240507,1,1154,2,1.0,1,10800.0,540.0,10260.0
5000004715,20240507,1,1154,2,1.0,3,12000.0,720.0,35280.0
5000005080,20240507,1,1296,2,4.0,1,12000.0,240.0,11760.0
5000005081,20240507,1,1296,2,4.0,2,13200.0,1320.0,25080.0
5000005130,20240507,1,120,1,,1,13200.0,1320.0,11880.0
5000006445,20240507,2,730,1,,1,15750.0,0.0,15750.0
5000006446,20240507,2,730,1,,1,15000.0,0.0,15000.0
5000006525,20240507,1,1390,2,4.0,1,10800.0,540.0,10260.0
5000006526,20240507,2,1390,2,4.0,1,13500.0,0.0,13500.0
5000008327,20240507,2,499,1,,3,15750.0,945.0,46305.0
5000008328,20240507,1,499,1,,1,12000.0,0.0,12000.0
5000009311,20240507,1,1126,1,,2,12000.0,2400.0,21600.0
5000009599,20240507,2,364,2,4.0,2,15000.0,3000.0,27000.0
5000009600,20240507,2,364,2,4.0,1,15750.0,1575.0,14175.0
5000011323,20240507,1,1377,1,,1,12000.0,240.0,11760.0
5000011324,20240507,1,1377,1,,1,12000.0,240.0,11760.0
5000012396,20240507,2,146,2,3.0,3,15000.0,4500.0,40500.0
5000012397,20240507,1,146,2,3.0,1,12000.0,0.0,12000.0
5000013024,20240507,1,165,1,,3,12000.0,0.0,36000.0
5000013025,20240507,1,165,1,,3,12000.0,0.0,36000.0
5000013271,20240507,1,1218,2,2.0,2,10800.0,0.0,21600.0
5000015620,20240507,1,910,2,4.0,1,12000.0,1200.0,10800.0
5000015621,20240507,2,910,2,4.0,2,15750.0,0.0,31500.0
5000015795,20240507,2,234,2,3.0,3,16500.0,990.0,48510.0
5000001185,20240508,1,1124,1,,2,12000.0,480.0,23520.0
5000003996,20240508,1,224,2,2.0,1,10800.0,0.0,10800.0
5000003997,20240508,1,224,2,2.0,2,13200.0,0.0,26400.0
5000004389,20240508,2,433,1,,2,15000.0,3000.0,27000.0
5000004679,20240508,1,671,1,,1,10800.0,540.0,10260.0
5000004680,20240508,1,671,1,,1,12000.0,240.0,11760.0
5000004699,20240508,1,585,2,1.0,2,12000.0,2400.0,21600.0
5000005999,20240508,2,772,1,,2,15000.0,3000.0,27000.0
5000006586,20240508,1,475,1,,1,12000.0,1200.0,10800.0
5000006587,20240508,1,475,1,,2,13200.0,1320.0,25080.0
5000009228,20240508,1,6,1,,1,13200.0,0.0,13200.0
5000010705,20240508,1,192,1,,2,12000.0,2400.0,21600.0
5000010828,20240508,2,797,1,,3,16500.0,2475.0,47025.0
5000012201,20240508,1,587,2,3.0,3,12000.0,0.0,36000.0
5000014225,20240508,2,669,1,,1,15000.0,0.0,15000.0
5000016070,20240508,2,444,1,,1,13500.0,0.0,13500.0
5000016071,20240508,1,444,1,,1,10800.0,0.0,10800.0
5000004053,20240509,1,1099,1,,2,10800.0,0.0,21600.0
5000004054,20240509,2,1099,1,,3,15000.0,900.0,44100.0
5000004952,20240509,2,362,2,4.0,1,15000.0,750.0,14250.0
5000005305,20240509,1,1285,1,,3,12000.0,1800.0,34200.0
5000005420,20240509,1,1313,1,,3,12000.0,3600.0,32400.0
5000006008,20240509,1,1050,2,4.0,1,12000.0,600.0,11400.0
5000006229,20240509,2,949,2,4.0,1,15000.0,0.0,15000.0
5000006230,20240509,2,949,2,4.0,1,15000.0,750.0,14250.0
5000006231,20240509,2,949,2,4.0,3,15000.0,2250.0,42750.0
5000007050,20240509,2,829,2,3.0,2,15000.0,1500.0,28500.0
5000008030,20240509,1,610,2,2.0,3,12000.0,1800.0,34200.0
5000008031,20240509,2,610,2,2.0,3,15000.0,4500.0,40500.0
5000008032,20240509,2,610,2,2.0,2,15000.0,3000.0,27000.0
5000008235,20240509,1,597,2,4.0,1,10800.0,0.0,10800.0
5000008236,20240509,2,597,2,4.0,3,15000.0,900.0,44100.0
5000008442,20240509,1,724,2,4.0,3,12600.0,1890.0,35910.0
5000009022,20240509,1,52,1,,1,12000.0,240.0,11760.0
5000009023,20240509,2,52,1,,1,15750.0,0.0,15750.0
5000012544,20240509,1,615,2,3.0,3,12000.0,3600.0,32400.0
5000012545,20240509,2,615,2,3.0,3,15000.0,4500.0,40500.0
5000014667,20240509,1,858,2,1.0,1,12000.0,1200.0,10800.0
5000001934,20240510,1,1356,1,,3,10800.0,1620.0,30780.0
5000001996,20240510,2,1026,1,,1,15000.0,750.0,14250.0
5000001997,20240510,1,1026,1,,2,12600.0,0.0,25200.0
5000001998,20240510,1,1026,1,,3,12600.0,1890.0,35910.0
5000004023,20240510,1,1375,2,4.0,1,12600.0,1260.0,11340.0
5000006538,20240510,1,1162,2,3.0,1,12000.0,600.0,11400.0
5000007093,20240510,1,250,1,,3,12000.0,720.0,35280.0
5000007279,20240510,2,1265,2,3.0,3,15750.0,2362.5,44887.5
5000007680,20240510,1,1387,2,3.0,3,12000.0,3600.0,32400.0
5000009337,20240510,1,1246,2,2.0,2,12000.0,2400.0,21600.0
5000009811,20240510,1,512,1,,1,10800.0,540.0,10260.0
5000009812,20240510,2,512,1,,2,15000.0,1500.0,28500.0
5000011447,20240510,1,1464,1,,1,13200.0,1320.0,11880.0
5000011665,20240510,1,422,1,,1,13200.0,1320.0,11880.0
5000012553,20240510,2,730,1,,2,15000.0,3000.0,27000.0
5000012554,20240510,1,730,1,,1,12000.0,600.0,11400.0
5000013055,20240510,2,619,1,,2,15750.0,0.0,31500.0
5000013057,20240510,1,467,2,4.0,1,12000.0,240.0,11760.0
5000013703,20240510,1,688,1,,3,12600.0,3780.0,34020.0
5000014342,20240510,1,142,1,,1,10800.0,0.0,10800.0
5000015466,20240510,2,498,2,2.0,3,15000.0,0.0,45000.0
5000000515,20240511,2,314,2,2.0,2,15750.0,3150.0,28350.0
5000000516,20240511,2,314,2,2.0,1,15000.0,300.0,14700.0
5000000517,20240511,1,314,2,2.0,3,10800.0,0.0,32400.0
5000000709,20240511,1,1004,1,,2,12000.0,480.0,23520.0
5000001869,20240511,2,1213,1,,3,15000.0,4500.0,40500.0
5000003113,20240511,1,1374,2,4.0,1,12000.0,1200.0,10800.0
5000003153,20240511,2,625,2,3.0,3,15000.0,2250.0,42750.0
5000003513,20240511,1,506,2,2.0,2,12000.0,1200.0,22800.0
5000003551,20240511,2,135,1,,2,15000.0,1500.0,28500.0
5000005111,20240511,1,732,2,3.0,1,10800.0,0.0,10800.0
5000005754,20240511,1,28,2,1.0,2,12600.0,1260.0,23940.0
5000006063,20240511,1,851,2,1.0,2,13200.0,2640.0,23760.0
5000006132,20240511,2,684,2,1.0,1,13500.0,1350.0,12150.0
5000006338,20240511,2,1015,2,4.0,3,16500.0,4950.0,44550.0
5000006708,20240511,2,496,1,,2,15000.0,600.0,29400.0
5000007057,20240511,2,165,1,,2,15750.0,630.0,30870.0
5000007172,20240511,2,330,2,3.0,2,15000.0,0.0,30000.0
5000007310,20240511,1,305,1,,1,12000.0,1200.0,10800.0
5000007311,20240511,1,305,1,,2,12000.0,0.0,24000.0
5000009051,20240511,1,177,1,,1,12600.0,0.0,12600.0
5000011526,20240511,2,1156,1,,2,15000.0,600.0,29400.0
5000012060,20240511,1,337,1,,1,12000.0,600.0,11400.0
5000014915,20240511,2,1462,1,,1,13500.0,0.0,13500.0
5000014916,20240511,2,1462,1,,3,13500.0,0.0,40500.0
5000014917,20240511,2,1462,1,,3,13500.0,4050.0,36450.0
5000014965,20240511,2,1376,1,,3,15000.0,0.0,45000.0
5000014966,20240511,1,1376,1,,1,10800.0,1080.0,9720.0
5000000147,20240512,1,176,1,,2,12000.0,2400.0,21600.0
5000004168,20240512,2,199,1,,3,15000.0,0.0,45000.0
5000004870,20240512,1,672,2,1.0,1,12000.0,240.0,11760.0
5000004871,20240512,2,672,2,1.0,2,16500.0,3300.0,29700.0
5000005723,20240512,1,955,1,,2,12000.0,1200.0,22800.0
5000006797,20240512,1,257,2,3.0,1,12000.0,1200.0,10800.0
5000006798,20240512,1,257,2,3.0,3,12600.0,756.0,37044.0
5000006833,20240512,2,497,2,2.0,3,15000.0,900.0,44100.0
5000007631,20240512,2,6,2,3.0,3,15000.0,900.0,44100.0
5000007632,20240512,2,6,2,3.0,1,16500.0,330.0,16170.0
5000008489,20240512,1,417,2,3.0,3,12000.0,720.0,35280.0
5000008490,20240512,1,417,2,3.0,1,12000.0,240.0,11760.0
5000008680,20240512,1,232,2,1.0,3,12000.0,0.0,36000.0
5000009371,20240512,2,208,1,,3,13500.0,0.0,40500.0
5000010139,20240512,1,815,1,,3,12600.0,756.0,37044.0
5000010437,20240512,1,1162,2,2.0,3,12600.0,756.0,37044.0
5000010728,20240512,2,827,2,2.0,1,15000.0,1500.0,13500.0
5000011486,20240512,1,998,1,,2,12000.0,0.0,24000.0
5000011487,20240512,1,998,1,,3,12000.0,3600.0,32400.0
5000013847,20240512,1,18,2,4.0,2,10800.0,1080.0,20520.0
5000013848,20240512,1,18,2,4.0,2,12000.0,2400.0,21600.0
5000000702,20240513,2,787,2,4.0,3,15000.0,0.0,45000.0
5000000747,20240513,1,1220,2,4.0,2,12600.0,0.0,25200.0
5000000748,20240513,1,1220,2,4.0,1,12000.0,0.0,12000.0
5000003387,20240513,2,622,1,,1,15000.0,0.0,15000.0
5000003388,20240513,2,622,1,,3,13500.0,2025.0,38475.0
5000004988,20240513,2,457,1,,2,15000.0,0.0,30000.0
5000004989,20240513,1,457,1,,2,12000.0,480.0,23520.0
5000007225,20240513,1,101,1,,3,10800.0,3240.0,29160.0
5000007481,20240513,1,304,1,,3,12600.0,1890.0,35910.0
5000007913,20240513,1,1115,2,4.0,2,12000.0,1200.0,22800.0
5000008275,20240513,1,337,1,,3,12000.0,0.0,36000.0
5000013604,20240513,2,835,2,4.0,1,16500.0,330.0,16170.0
5000013605,20240513,1,835,2,4.0,1,12600.0,1260.0,11340.0
5000013609,20240513,1,19,2,2.0,1,12000.0,240.0,11760.0
5000013610,20240513,2,19,2,2.0,2,13500.0,540.0,26460.0
5000013945,20240513,2,363,2,4.0,3,15750.0,4725.0,42525.0
5000015208,20240513,2,517,1,,2,13500.0,540.0,26460.0
5000015209,20240513,1,517,1,,2,12000.0,0.0,24000.0
5000015421,20240513,2,1447,1,,3,13500.0,0.0,40500.0
5000001186,20240514,1,139,1,,3,13200.0,0.0,39600.0
5000001187,20240514,2,139,1,,3,15750.0,0.0,47250.0
5000001689,20240514,2,342,2,2.0,1,15000.0,1500.0,13500.0
5000002211,20240514,1,538,2,1.0,1,12000.0,1200.0,10800.0
5000002634,20240514,1,1056,1,,1,12000.0,240.0,11760.0
5000002778,20240514,1,332,1,,1,12600.0,0.0,12600.0
5000004006,20240514,2,611,2,3.0,2,15750.0,630.0,30870.0
5000004007,20240514,1,611,2,3.0,2,12000.0,480.0,23520.0
5000004359,20240514,1,907,1,,2,10800.0,0.0,21600.0
5000004660,20240514,1,805,2,4.0,1,12000.0,1200.0,10800.0
5000004661,20240514,2,805,2,4.0,3,16500.0,990.0,48510.0
5000006269,20240514,2,1271,1,,2,15000.0,600.0,29400.0
5000006340,20240514,2,1489,1,,2,16500.0,0.0,33000.0
5000009828,20240514,1,1305,1,,3,12000.0,0.0,36000.0
5000009952,20240514,1,1342,2,2.0,3,12000.0,1800.0,34200.0
5000010066,20240514,1,1306,1,,1,13200.0,1320.0,11880.0
5000010672,20240514,2,967,2,2.0,1,15000.0,0.0,15000.0
5000011773,20240514,1,932,1,,3,12000.0,3600.0,32400.0
5000012514,20240514,2,687,1,,1,15750.0,1575.0,14175.0
5000012515,20240514,1,687,1,,1,12000.0,1200.0,10800.0
5000013129,20240514,1,901,2,3.0,2,12000.0,1200.0,22800.0
5000013130,20240514,1,901,2,3.0,3,12000.0,720.0,35280.0
5000013226,20240514,2,1420,2,1.0,2,15000.0,1500.0,28500.0
5000013479,20240514,1,391,2,2.0,1,12000.0,240.0,11760.0
5000013480,20240514,1,391,2,2.0,2,12000.0,2400.0,21600.0
5000013889,20240514,1,1177,2,1.0,1,12000.0,240.0,11760.0
5000014055,20240514,2,1062,2,3.0,2,15750.0,3150.0,28350.0
5000001045,20240515,2,595,1,,1,15000.0,0.0,15000.0
5000002070,20240515,1,298,2,1.0,2,12000.0,0.0,24000.0
5000002136,20240515,1,1028,2,3.0,2,12600.0,504.0,24696.0
5000002137,20240515,1,1028,2,3.0,1,13200.0,264.0,12936.0
5000003167,20240515,1,1308,2,1.0,2,12000.0,1200.0,22800.0
5000003168,20240515,1,1308,2,1.0,3,12000.0,1800.0,34200.0
5000003924,20240515,2,953,1,,2,15750.0,0.0,31500.0
5000004242,20240515,1,1338,1,,2,12000.0,1200.0,22800.0
5000005834,20240515,2,860,2,3.0,2,15000.0,0.0,30000.0
5000007091,20240515,2,281,2,1.0,3,15000.0,900.0,44100.0
5000007092,20240515,1,281,2,1.0,2,12000.0,2400.0,21600.0
5000007624,20240515,1,273,1,,1,12000.0,1200.0,10800.0
5000008362,20240515,1,1301,1,,1,12000.0,1200.0,10800.0
5000008363,20240515,1,1301,1,,3,12000.0,3600.0,32400.0
5000008398,20240515,2,1421,2,1.0,3,15000.0,4500.0,40500.0
5000008989,20240515,1,547,2,4.0,3,12000.0,720.0,35280.0
5000009433,20240515,2,1500,2,1.0,2,13500.0,1350.0,25650.0
5000009434,20240515,1,1500,2,1.0,1,12000.0,1200.0,10800.0
5000011703,20240515,2,1063,1,,2,15750.0,3150.0,28350.0
5000012567,20240515,2,1067,1,,1,16500.0,0.0,16500.0
5000012997,20240515,1,642,1,,2,13200.0,1320.0,25080.0
5000014692,20240515,2,1339,1,,2,15000.0,1500.0,28500.0
5000016059,20240515,2,993,1,,1,15750.0,315.0,15435.0
5000001334,20240516,2,16,1,,2,15000.0,0.0,30000.0
5000001700,20240516,1,488,1,,1,12600.0,252.0,12348.0
5000002951,20240516,2,1005,2,2.0,1,13500.0,675.0,12825.0
5000002952,20240516,2,1005,2,2.0,3,15000.0,900.0,44100.0
5000005005,20240516,2,1241,1,,3,13500.0,810.0,39690.0
5000007561,20240516,1,1047,1,,2,12000.0,1200.0,22800.0
5000007562,20240516,2,1047,1,,2,13500.0,540.0,26460.0
5000008376,20240516,2,1460,2,1.0,1,15750.0,787.5,14962.5
5000010302,20240516,1,946,2,3.0,2,12000.0,2400.0,21600.0
5000010787,20240516,1,436,2,2.0,3,12600.0,756.0,37044.0
5000012603,20240516,1,1026,2,4.0,2,12000.0,480.0,23520.0
5000012604,20240516,2,1026,2,4.0,3,15750.0,4725.0,42525.0
5000014087,20240516,2,479,1,,2,13500.0,2700.0,24300.0
5000014088,20240516,1,479,1,,2,12000.0,1200.0,22800.0
5000014176,20240516,2,1236,1,,1,15000.0,750.0,14250.0
5000014375,20240516,1,558,1,,2,12000.0,1200.0,22800.0
5000014794,20240516,1,1332,1,,1,12000.0,1200.0,10800.0
5000014795,20240516,1,1332,1,,3,10800.0,648.0,31752.0
5000014902,20240516,2,1186,1,,3,15000.0,4500.0,40500.0
5000014903,20240516,1,1186,1,,2,12000.0,0.0,24000.0
5000015350,20240516,2,66,2,3.0,2,15000.0,600.0,29400.0
5000015499,20240516,2,909,1,,1,15000.0,1500.0,13500.0
5000015540,20240516,1,972,2,2.0,3,12000.0,720.0,35280.0
5000015541,20240516,1,972,2,2.0,1,12000.0,0.0,12000.0
5000015542,20240516,2,972,2,2.0,1,15000.0,300.0,14700.0
5000015823,20240516,2,304,1,,1,15750.0,0.0,15750.0
5000000045,20240517,1,382,1,,1,12000.0,0.0,12000.0
5000001705,20240517,1,865,1,,3,12000.0,720.0,35280.0
5000001971,20240517,1,332,1,,1,10800.0,540.0,10260.0
5000002056,20240517,1,389,1,,2,13200.0,0.0,26400.0
5000002057,20240517,2,389,1,,3,15000.0,0.0,45000.0
5000002551,20240517,1,1479,1,,2,12000.0,480.0,23520.0
5000002552,20240517,1,1479,1,,1,12000.0,240.0,11760.0
5000002553,20240517,2,1479,1,,1,15000.0,750.0,14250.0
5000003024,20240517,1,728,1,,3,12000.0,0.0,36000.0
5000003025,20240517,1,728,1,,2,12000.0,1200.0,22800.0
5000003026,20240517,1,728,1,,1,12000.0,0.0,12000.0
5000003060,20240517,2,635,1,,2,13500.0,0.0,27000.0
5000003061,20240517,1,635,1,,2,12600.0,2520.0,22680.0
5000004673,20240517,1,111,1,,2,12000.0,0.0,24000.0
5000004674,20240517,1,111,1,,1,12000.0,240.0,11760.0
5000005402,20240517,1,232,2,4.0,3,13200.0,1980.0,37620.0
5000007909,20240517,1,588,1,,1,12000.0,600.0,11400.0
5000008749,20240517,1,1082,1,,2,12000.0,2400.0,21600.0
5000008887,20240517,2,751,2,2.0,1,15000.0,300.0,14700.0
5000009110,20240517,2,1258,1,,3,15750.0,2362.5,44887.5
5000010792,20240517,2,800,2,3.0,1,15000.0,750.0,14250.0
5000010960,20240517,1,300,1,,3,12000.0,1800.0,34200.0
5000011892,20240517,1,728,1,,2,12000.0,2400.0,21600.0
5000012020,20240517,1,1248,1,,2,12000.0,480.0,23520.0
5000012560,20240517,1,971,2,3.0,1,10800.0,0.0,10800.0
5000012561,20240517,2,971,2,3.0,3,15000.0,900.0,44100.0
5000012562,20240517,2,971,2,3.0,3,15000.0,4500.0,40500.0
5000014861,20240517,2,63,1,,2,15000.0,0.0,30000.0
5000014862,20240517,1,63,1,,2,10800.0,432.0,21168.0
5000015519,20240517,2,284,1,,1,15000.0,750.0,14250.0
5000015520,20240517,1,284,1,,3,10800.0,3240.0,29160.0
5000015651,20240517,1,172,1,,2,12000.0,480.0,23520.0
5000000950,20240518,2,391,1,,3,15000.0,2250.0,42750.0
5000000951,20240518,1,391,1,,2,12600.0,1260.0,23940.0
5000001143,20240518,1,328,2,1.0,3,12000.0,1800.0,34200.0
5000002535,20240518,1,733,2,1.0,3,12000.0,0.0,36000.0
5000002536,20240518,2,733,2,1.0,3,15000.0,0.0,45000.0
5000002537,20240518,2,733,2,1.0,3,15000.0,0.0,45000.0
5000002791,20240518,1,582,2,3.0,3,12000.0,0.0,36000.0
5000002792,20240518,2,582,2,3.0,1,15750.0,0.0,15750.0
5000004704,20240518,1,1154,1,,2,12000.0,480.0,23520.0
5000004705,20240518,1,1154,1,,1,10800.0,216.0,10584.0
5000005160,20240518,2,1142,1,,1,15000.0,0.0,15000.0
5000006252,20240518,2,1255,1,,1,15000.0,300.0,14700.0
5000007182,20240518,2,1323,1,,1,15000.0,1500.0,13500.0
5000009044,20240518,2,982,1,,2,13500.0,0.0,27000.0
5000009045,20240518,1,982,1,,3,12000.0,1800.0,34200.0
5000009138,20240518,2,1094,1,,2,15000.0,0.0,30000.0
5000009154,20240518,2,1048,1,,3,15000.0,900.0,44100.0
5000009234,20240518,2,318,1,,1,15000.0,0.0,15000.0
5000009235,20240518,2,318,1,,1,15000.0,1500.0,13500.0
5000009906,20240518,2,1127,1,,1,15000.0,0.0,15000.0
5000009907,20240518,1,1127,1,,3,12000.0,0.0,36000.0
5000009971,20240518,1,1123,2,2.0,1,10800.0,540.0,10260.0
5000011659,20240518,2,1187,1,,3,15000.0,4500.0,40500.0
5000011660,20240518,2,1187,1,,3,15000.0,4500.0,40500.0
5000013542,20240518,1,1174,1,,3,10800.0,0.0,32400.0
5000013543,20240518,2,1174,1,,3,15000.0,900.0,44100.0
5000013544,20240518,1,1174,1,,1,12000.0,1200.0,10800.0
5000015329,20240518,2,673,2,3.0,3,15750.0,2362.5,44887.5
5000016038,20240518,2,1347,1,,1,15000.0,750.0,14250.0
5000016039,20240518,1,1347,1,,1,10800.0,1080.0,9720.0
5000016072,20240518,2,949,2,1.0,2,15000.0,600.0,29400.0
5000000580,20240519,2,1251,1,,3,15000.0,2250.0,42750.0
5000000581,20240519,2,1251,1,,1,16500.0,330.0,16170.0
5000000669,20240519,2,1242,2,1.0,2,15000.0,0.0,30000.0
5000003045,20240519,1,716,1,,2,12000.0,480.0,23520.0
5000003155,20240519,1,5,1,,2,12000.0,2400.0,21600.0
5000004601,20240519,1,1342,1,,1,12000.0,600.0,11400.0
5000004762,20240519,1,1462,1,,3,10800.0,3240.0,29160.0
5000006986,20240519,2,821,1,,1,13500.0,0.0,13500.0
5000007392,20240519,2,502,1,,3,15000.0,900.0,44100.0
5000007393,20240519,1,502,1,,2,10800.0,1080.0,20520.0
5000008216,20240519,1,545,1,,2,12000.0,0.0,24000.0
5000009491,20240519,2,468,1,,3,15000.0,2250.0,42750.0
5000009880,20240519,1,1068,1,,3,10800.0,0.0,32400.0
5000009881,20240519,1,1068,1,,2,12000.0,1200.0,22800.0
5000009882,20240519,2,1068,1,,2,15750.0,0.0,31500.0
5000010124,20240519,1,1442,2,3.0,1,12000.0,240.0,11760.0
5000010125,20240519,1,1442,2,3.0,2,12000.0,1200.0,22800.0
5000010973,20240519,2,315,1,,3,16500.0,4950.0,44550.0
5000010974,20240519,1,315,1,,3,12000.0,720.0,35280.0
5000011232,20240519,1,924,1,,1,12000.0,600.0,11400.0
5000011774,20240519,1,1054,2,2.0,1,12000.0,600.0,11400.0
5000011864,20240519,1,622,2,2.0,2,12000.0,2400.0,21600.0
5000011923,20240519,2,1083,1,,1,15000.0,750.0,14250.0
5000011924,20240519,2,1083,1,,2,15000.0,0.0,30000.0
5000012353,20240519,2,702,1,,1,15000.0,300.0,14700.0
5000012354,20240519,1,702,1,,1,12000.0,240.0,11760.0
5000013060,20240519,1,1337,2,2.0,1,12000.0,1200.0,10800.0
5000013794,20240519,2,335,1,,1,15000.0,750.0,14250.0
5000013983,20240519,1,816,1,,1,12000.0,240.0,11760.0
5000013984,20240519,1,816,1,,2,12000.0,0.0,24000.0
5000015253,20240519,2,1257,1,,1,15750.0,1575.0,14175.0
5000000650,20240520,2,1376,1,,3,15000.0,0.0,45000.0
5000000773,20240520,2,1150,2,3.0,1,15000.0,0.0,15000.0
5000000774,20240520,1,1150,2,3.0,1,12000.0,1200.0,10800.0
5000001245,20240520,1,1466,2,2.0,1,12000.0,240.0,11760.0
5000002076,20240520,1,746,1,,1,12000.0,0.0,12000.0
5000002489,20240520,2,1481,2,3.0,2,15000.0,3000.0,27000.0
5000002611,20240520,1,707,1,,3,12000.0,1800.0,34200.0
5000002612,20240520,2,707,1,,2,15000.0,600.0,29400.0
5000002670,20240520,2,471,1,,2,16500.0,0.0,33000.0
5000002690,20240520,1,1324,1,,1,12000.0,600.0,11400.0
5000002847,20240520,1,132,1,,2,12000.0,480.0,23520.0
5000003001,20240520,1,667,1,,3,12000.0,720.0,35280.0
5000003002,20240520,2,667,1,,3,15000.0,0.0,45000.0
5000004312,20240520,1,948,1,,2,12000.0,2400.0,21600.0
5000005579,20240520,2,1081,1,,1,15000.0,1500.0,13500.0
5000006463,20240520,2,810,2,2.0,2,15000.0,600.0,29400.0
5000006464,20240520,1,810,2,2.0,3,12000.0,3600.0,32400.0
5000006465,20240520,2,810,2,2.0,3,15000.0,4500.0,40500.0
5000006747,20240520,1,66,1,,1,12600.0,0.0,12600.0
5000008052,20240520,1,220,1,,3,12000.0,720.0,35280.0
5000011833,20240520,1,695,1,,2,12600.0,1260.0,23940.0
5000011834,20240520,2,695,1,,1,15000.0,750.0,14250.0
5000012030,20240520,2,621,2,3.0,1,15000.0,300.0,14700.0
5000012632,20240520,2,1176,1,,3,15000.0,0.0,45000.0
5000013181,20240520,2,761,2,3.0,3,15000.0,4500.0,40500.0
5000013182,20240520,2,761,2,3.0,3,15000.0,0.0,45000.0
5000014045,20240520,1,196,2,2.0,2,10800.0,2160.0,19440.0
5000015468,20240520,1,254,2,4.0,2,12000.0,2400.0,21600.0
5000015469,20240520,1,254,2,4.0,3,10800.0,1620.0,30780.0
5000015763,20240520,2,1435,2,2.0,1,15000.0,750.0,14250.0
5000015764,20240520,1,1435,2,2.0,3,12000.0,1800.0,34200.0
5000000065,20240521,1,665,1,,3,13200.0,0.0,39600.0
5000000244,20240521,1,445,1,,2,12600.0,0.0,25200.0
5000001401,20240521,1,1031,2,1.0,2,12000.0,0.0,24000.0
5000002734,20240521,2,702,1,,1,15000.0,1500.0,13500.0
5000003485,20240521,2,617,1,,2,15000.0,1500.0,28500.0
5000003486,20240521,2,617,1,,3,15000.0,4500.0,40500.0
5000003647,20240521,1,882,2,1.0,2,12600.0,2520.0,22680.0
5000003648,20240521,1,882,2,1.0,2,12000.0,1200.0,22800.0
5000003994,20240521,1,200,1,,3,12000.0,3600.0,32400.0
5000005476,20240521,1,392,2,4.0,2,12000.0,480.0,23520.0
5000007889,20240521,1,1336,2,4.0,2,12000.0,480.0,23520.0
5000009761,20240521,1,515,1,,3,12000.0,1800.0,34200.0
5000010525,20240521,2,888,2,3.0,1,15000.0,750.0,14250.0
5000011813,20240521,2,684,2,3.0,3,13500.0,810.0,39690.0
5000011814,20240521,2,684,2,3.0,1,15000.0,300.0,14700.0
5000012019,20240521,2,1167,1,,3,15750.0,4725.0,42525.0
5000012188,20240521,2,1020,2,1.0,1,15000.0,1500.0,13500.0
5000012204,20240521,1,1143,1,,3,13200.0,792.0,38808.0
5000012205,20240521,1,1143,1,,2,13200.0,2640.0,23760.0
5000012989,20240521,2,647,1,,2,16500.0,1650.0,31350.0
5000014237,20240521,2,271,1,,3,15000.0,4500.0,40500.0
5000014346,20240521,1,442,1,,1,12000.0,600.0,11400.0
5000015655,20240521,2,923,2,2.0,3,16500.0,2475.0,47025.0
5000000149,20240522,1,1113,1,,3,12600.0,3780.0,34020.0
5000000900,20240522,1,323,1,,2,12600.0,0.0,25200.0
5000001516,20240522,1,1455,2,3.0,3,12000.0,3600.0,32400.0
5000002721,20240522,2,971,2,1.0,3,16500.0,4950.0,44550.0
5000002722,20240522,1,971,2,1.0,1,12000.0,600.0,11400.0
5000004524,20240522,2,143,2,2.0,2,15750.0,1575.0,29925.0
5000004525,20240522,2,143,2,2.0,1,15000.0,300.0,14700.0
5000004907,20240522,1,1203,1,,3,12000.0,3600.0,32400.0
5000007284,20240522,2,150,1,,1,15750.0,315.0,15435.0
5000008788,20240522,1,975,1,,2,13200.0,0.0,26400.0
5000008976,20240522,2,815,2,4.0,3,15750.0,2362.5,44887.5
5000009554,20240522,1,1420,1,,3,12000.0,0.0,36000.0
5000010690,20240522,2,740,1,,2,15000.0,3000.0,27000.0
5000010857,20240522,1,719,1,,2,12600.0,1260.0,23940.0
5000011201,20240522,1,28,1,,1,12000.0,240.0,11760.0
5000011807,20240522,2,1120,1,,1,15000.0,750.0,14250.0
5000012586,20240522,1,1085,2,2.0,3,13200.0,0.0,39600.0
5000012973,20240522,2,1455,1,,3,15000.0,2250.0,42750.0
5000014240,20240522,1,609,1,,2,12000.0,480.0,23520.0
5000014521,20240522,2,1139,1,,3,15000.0,4500.0,40500.0
5000014522,20240522,2,1139,1,,3,15000.0,4500.0,40500.0
5000014523,20240522,1,1139,1,,2,10800.0,0.0,21600.0
5000014680,20240522,2,681,1,,3,13500.0,0.0,40500.0
5000014681,20240522,2,681,1,,2,15000.0,1500.0,28500.0
5000000059,20240523,1,603,2,1.0,3,10800.0,3240.0,29160.0
5000000060,20240523,2,603,2,1.0,2,15000.0,0.0,30000.0
5000001719,20240523,2,551,2,3.0,2,15000.0,1500.0,28500.0
5000005408,20240523,1,1379,1,,1,12600.0,252.0,12348.0
5000005453,20240523,1,1262,1,,2,12000.0,2400.0,21600.0
5000005695,20240523,1,64,2,4.0,1,12600.0,630.0,11970.0
5000005984,20240523,2,362,1,,1,15750.0,787.5,14962.5
5000006112,20240523,2,700,1,,2,15000.0,600.0,29400.0
5000006113,20240523,2,700,1,,3,16500.0,4950.0,44550.0
5000008664,20240523,2,267,1,,2,15000.0,3000.0,27000.0
5000009206,20240523,1,731,1,,1,12000.0,1200.0,10800.0
5000009659,20240523,1,1356,2,1.0,3,12000.0,3600.0,32400.0
5000009889,20240523,2,778,1,,1,15000.0,750.0,14250.0
5000010075,20240523,2,289,2,4.0,1,15000.0,300.0,14700.0
5000010446,20240523,2,449,1,,2,15000.0,3000.0,27000.0
5000010447,20240523,2,449,1,,2,13500.0,540.0,26460.0
5000011145,20240523,1,867,1,,3,12000.0,1800.0,34200.0
5000011165,20240523,1,575,1,,3,12000.0,0.0,36000.0
5000011244,20240523,2,1313,2,1.0,2,13500.0,0.0,27000.0
5000012813,20240523,2,1315,2,3.0,3,13500.0,4050.0,36450.0
5000013243,20240523,2,958,1,,1,16500.0,330.0,16170.0
5000014315,20240523,1,76,2,1.0,3,12000.0,3600.0,32400.0
5000015375,20240523,2,534,1,,1,15000.0,1500.0,13500.0
5000015811,20240523,1,172,2,4.0,1,12000.0,1200.0,10800.0
5000015992,20240523,2,109,2,2.0,2,15000.0,600.0,29400.0
5000016067,20240523,1,732,2,3.0,1,12600.0,0.0,12600.0
5000000589,20240524,2,703,2,3.0,3,15000.0,900.0,44100.0
5000002309,20240524,2,182,2,3.0,3,15000.0,900.0,44100.0
5000002714,20240524,1,1246,2,4.0,2,12000.0,2400.0,21600.0
5000003201,20240524,2,812,1,,2,15000.0,600.0,29400.0
5000003457,20240524,1,90,2,3.0,2,12000.0,1200.0,22800.0
5000004598,20240524,1,390,1,,2,13200.0,528.0,25872.0
5000005460,20240524,1,223,1,,3,12000.0,1800.0,34200.0
5000005874,20240524,1,943,1,,2,12000.0,2400.0,21600.0
5000005875,20240524,2,943,1,,1,16500.0,0.0,16500.0
5000005876,20240524,1,943,1,,2,10800.0,1080.0,20520.0
5000006051,20240524,2,178,1,,2,13500.0,1350.0,25650.0
5000006949,20240524,2,754,2,2.0,3,15000.0,900.0,44100.0
5000008579,20240524,2,467,1,,3,13500.0,810.0,39690.0
5000010198,20240524,2,1237,1,,3,15000.0,0.0,45000.0
5000010918,20240524,2,1456,1,,3,15000.0,0.0,45000.0
5000011094,20240524,1,700,1,,3,12000.0,720.0,35280.0
5000011095,20240524,1,700,1,,1,10800.0,540.0,10260.0
5000011140,20240524,2,968,1,,2,15000.0,0.0,30000.0
5000011555,20240524,1,1048,1,,2,12600.0,0.0,25200.0
5000012598,20240524,2,537,2,4.0,1,15750.0,0.0,15750.0
5000013946,20240524,1,700,2,1.0,2,13200.0,0.0,26400.0
5000015647,20240524,1,976,1,,2,12000.0,0.0,24000.0
5000015648,20240524,2,976,1,,2,13500.0,1350.0,25650.0
5000000807,20240525,1,590,2,2.0,3,13200.0,1980.0,37620.0
5000001157,20240525,1,2,2,1.0,1,12000.0,0.0,12000.0
5000002344,20240525,1,16,1,,3,12000.0,720.0,35280.0
5000002730,20240525,1,1139,1,,3,12600.0,1890.0,35910.0
5000002903,20240525,1,872,2,4.0,3,12600.0,3780.0,34020.0
5000003452,20240525,2,1383,2,3.0,3,15000.0,900.0,44100.0
5000003453,20240525,1,1383,2,3.0,2,12000.0,2400.0,21600.0
5000004280,20240525,1,1166,2,3.0,2,12000.0,480.0,23520.0
5000004742,20240525,2,1275,2,4.0,3,15000.0,900.0,44100.0
5000004743,20240525,1,1275,2,4.0,2,12000.0,1200.0,22800.0
5000007715,20240525,1,1148,2,1.0,2,12000.0,2400.0,21600.0
5000007716,20240525,2,1148,2,1.0,1,15000.0,300.0,14700.0
5000008083,20240525,2,970,1,,2,15750.0,1575.0,29925.0
5000010060,20240525,2,1227,1,,3,15750.0,4725.0,42525.0
5000010144,20240525,1,614,2,1.0,3,12000.0,0.0,36000.0
5000011439,20240525,1,745,1,,2,12000.0,0.0,24000.0
5000011440,20240525,2,745,1,,1,13500.0,675.0,12825.0
5000011441,20240525,1,745,1,,1,12000.0,0.0,12000.0
5000011508,20240525,1,334,2,4.0,1,12000.0,0.0,12000.0
5000011509,20240525,2,334,2,4.0,1,15000.0,0.0,15000.0
5000011510,20240525,2,334,2,4.0,2,13500.0,2700.0,24300.0
5000012012,20240525,1,743,2,3.0,2,10800.0,1080.0,20520.0
5000012252,20240525,2,429,2,1.0,3,15000.0,900.0,44100.0
5000014419,20240525,1,1194,2,1.0,1,12000.0,600.0,11400.0
5000014811,20240525,2,18,2,2.0,3,15000.0,4500.0,40500.0
5000000618,20240526,2,167,1,,3,15000.0,0.0,45000.0
5000001201,20240526,1,1073,2,1.0,1,12600.0,252.0,12348.0
5000001572,20240526,1,286,1,,1,13200.0,1320.0,11880.0
5000002237,20240526,2,1097,2,3.0,3,13500.0,810.0,39690.0
5000002238,20240526,2,1097,2,3.0,1,15000.0,750.0,14250.0
5000002614,20240526,1,420,1,,1,13200.0,660.0,12540.0
5000003771,20240526,2,717,1,,1,15000.0,300.0,14700.0
5000004992,20240526,1,725,1,,1,13200.0,0.0,13200.0
5000004993,20240526,1,725,1,,2,12000.0,480.0,23520.0
5000004994,20240526,2,725,1,,2,15000.0,600.0,29400.0
5000006227,20240526,1,363,1,,1,12000.0,0.0,12000.0
5000006689,20240526,2,68,1,,2,15000.0,0.0,30000.0
5000006690,20240526,2,68,1,,2,15000.0,0.0,30000.0
5000006691,20240526,1,68,1,,3,10800.0,1620.0,30780.0
5000006737,20240526,1,306,1,,3,13200.0,3960.0,35640.0
5000006738,20240526,2,306,1,,1,13500.0,270.0,13230.0
5000006739,20240526,2,306,1,,2,13500.0,1350.0,25650.0
5000009411,20240526,1,1464,2,2.0,3,10800.0,3240.0,29160.0
5000009412,20240526,1,1464,2,2.0,3,12000.0,1800.0,34200.0
5000009718,20240526,1,333,1,,2,10800.0,0.0,21600.0
5000009719,20240526,1,333,1,,3,12000.0,3600.0,32400.0
5000010692,20240526,1,514,2,4.0,1,10800.0,216.0,10584.0
5000010693,20240526,2,514,2,4.0,1,13500.0,270.0,13230.0
5000011798,20240526,2,1142,1,,2,15000.0,0.0,30000.0
5000012817,20240526,2,1256,2,3.0,1,16500.0,330.0,16170.0
5000014602,20240526,1,1450,2,1.0,1,12000.0,0.0,12000.0
5000014603,20240526,2,1450,2,1.0,2,13500.0,0.0,27000.0
5000015024,20240526,2,1321,2,1.0,2,15750.0,630.0,30870.0
5000000552,20240527,1,1269,2,2.0,2,12000.0,0.0,24000.0
5000000907,20240527,1,350,1,,1,12600.0,0.0,12600.0
5000000908,20240527,2,350,1,,3,15750.0,4725.0,42525.0
5000005395,20240527,2,419,1,,2,13500.0,0.0,27000.0
5000005725,20240527,2,999,1,,2,13500.0,0.0,27000.0
5000005837,20240527,2,916,1,,1,15000.0,300.0,14700.0
5000006084,20240527,1,1157,1,,2,12000.0,1200.0,22800.0
5000006263,20240527,1,284,1,,2,12000.0,480.0,23520.0
5000006496,20240527,2,181,2,1.0,2,15000.0,1500.0,28500.0
5000006829,20240527,1,641,2,1.0,1,12000.0,240.0,11760.0
5000006830,20240527,2,641,2,1.0,1,16500.0,825.0,15675.0
5000007773,20240527,2,1317,1,,1,15000.0,300.0,14700.0
5000008724,20240527,2,311,2,1.0,3,16500.0,990.0,48510.0
5000008725,20240527,1,311,2,1.0,1,12000.0,240.0,11760.0
5000010564,20240527,1,1483,1,,2,12000.0,0.0,24000.0
5000012739,20240527,1,254,2,1.0,1,12000.0,600.0,11400.0
5000012740,20240527,1,254,2,1.0,1,12600.0,1260.0,11340.0
5000012920,20240527,2,1278,1,,3,15000.0,4500.0,40500.0
5000012921,20240527,1,1278,1,,2,13200.0,528.0,25872.0
5000013212,20240527,1,897,2,1.0,1,10800.0,540.0,10260.0
5000014581,20240527,2,871,2,2.0,2,13500.0,1350.0,25650.0
5000015452,20240527,2,331,1,,1,15750.0,0.0,15750.0
5000015453,20240527,1,331,1,,1,13200.0,1320.0,11880.0
5000000970,20240528,1,640,1,,2,10800.0,432.0,21168.0
5000002891,20240528,1,1484,2,4.0,1,13200.0,0.0,13200.0
5000002892,20240528,1,1484,2,4.0,1,12000.0,240.0,11760.0
5000003820,20240528,1,1227,1,,1,12000.0,240.0,11760.0
5000006504,20240528,2,1116,2,4.0,2,15000.0,3000.0,27000.0
5000007449,20240528,1,1333,1,,1,12000.0,1200.0,10800.0
5000007891,20240528,1,785,2,3.0,3,13200.0,0.0,39600.0
5000009806,20240528,1,1371,1,,1,12000.0,1200.0,10800.0
5000010107,20240528,2,1046,1,,1,15750.0,0.0,15750.0
5000010108,20240528,1,1046,1,,2,12000.0,480.0,23520.0
5000010976,20240528,1,1434,2,3.0,3,12600.0,1890.0,35910.0
5000010977,20240528,2,1434,2,3.0,3,15000.0,2250.0,42750.0
5000011644,20240528,2,730,1,,2,16500.0,1650.0,31350.0
5000011645,20240528,1,730,1,,3,12000.0,720.0,35280.0
5000011646,20240528,2,730,1,,3,15000.0,4500.0,40500.0
5000012089,20240528,1,1070,2,1.0,3,10800.0,648.0,31752.0
5000012220,20240528,2,1328,1,,1,15000.0,750.0,14250.0
5000012221,20240528,2,1328,1,,2,15000.0,1500.0,28500.0
5000013332,20240528,1,21,2,4.0,3,12000.0,3600.0,32400.0
5000013333,20240528,1,21,2,4.0,3,12000.0,3600.0,32400.0
5000013763,20240528,2,46,1,,1,15000.0,1500.0,13500.0
5000013764,20240528,2,46,1,,2,13500.0,0.0,27000.0
5000013914,20240528,2,589,1,,1,15750.0,1575.0,14175.0
5000014524,20240528,2,1020,2,4.0,1,16500.0,330.0,16170.0
5000014786,20240528,1,783,2,1.0,2,12000.0,1200.0,22800.0
5000015490,20240528,2,14,2,1.0,3,13500.0,4050.0,36450.0
5000015491,20240528,2,14,2,1.0,3,15000.0,2250.0,42750.0
5000001898,20240529,2,561,1,,2,13500.0,1350.0,25650.0
5000001899,20240529,1,561,1,,3,12600.0,3780.0,34020.0
5000003120,20240529,1,719,2,2.0,2,12000.0,480.0,23520.0
5000004520,20240529,2,508,1,,2,15750.0,0.0,31500.0
5000004521,20240529,1,508,1,,3,12000.0,1800.0,34200.0
5000005871,20240529,1,1465,1,,2,12600.0,504.0,24696.0
5000008293,20240529,1,828,2,4.0,3,12600.0,3780.0,34020.0
5000011282,20240529,2,1259,1,,1,16500.0,1650.0,14850.0
5000013097,20240529,2,195,2,2.0,2,15000.0,3000.0,27000.0
5000013098,20240529,2,195,2,2.0,3,15000.0,900.0,44100.0
5000013192,20240529,1,1489,1,,1,12000.0,600.0,11400.0
5000014215,20240529,1,792,2,1.0,2,12000.0,0.0,24000.0
5000014466,20240529,1,1484,2,2.0,1,12600.0,1260.0,11340.0
5000014467,20240529,1,1484,2,2.0,1,12000.0,600.0,11400.0
5000014943,20240529,1,687,2,3.0,2,10800.0,0.0,21600.0
5000015215,20240529,2,744,1,,2,15750.0,630.0,30870.0
5000016106,20240529,2,27,1,,2,15000.0,0.0,30000.0
5000016135,20240529,1,1308,2,1.0,3,10800.0,1620.0,30780.0
5000000091,20240530,1,939,1,,3,12600.0,756.0,37044.0
5000000187,20240530,1,1498,2,4.0,1,12000.0,600.0,11400.0
5000000188,20240530,1,1498,2,4.0,2,10800.0,0.0,21600.0
5000002041,20240530,1,974,2,3.0,3,12000.0,0.0,36000.0
5000002097,20240530,2,386,1,,3,15000.0,0.0,45000.0
5000002516,20240530,1,768,2,1.0,3,12000.0,720.0,35280.0
5000003108,20240530,1,138,1,,2,13200.0,1320.0,25080.0
5000004233,20240530,1,297,1,,1,12000.0,240.0,11760.0
5000006633,20240530,2,762,1,,2,15750.0,3150.0,28350.0
5000007254,20240530,2,1417,2,3.0,2,15000.0,600.0,29400.0
5000008608,20240530,1,724,1,,1,12000.0,0.0,12000.0
5000008609,20240530,2,724,1,,2,15000.0,3000.0,27000.0
5000008610,20240530,1,724,1,,2,12000.0,0.0,24000.0
5000011867,20240530,1,126,1,,2,12000.0,480.0,23520.0
5000014108,20240530,2,986,1,,3,15000.0,4500.0,40500.0
5000014109,20240530,2,986,1,,1,15000.0,750.0,14250.0
5000014110,20240530,2,986,1,,3,15000.0,900.0,44100.0
5000014267,20240530,1,995,1,,2,12000.0,1200.0,22800.0
5000014533,20240530,1,1064,1,,3,12000.0,3600.0,32400.0
5000000238,20240531,1,786,1,,1,12000.0,0.0,12000.0
5000000762,20240531,1,1152,1,,2,12000.0,2400.0,21600.0
5000000881,20240531,2,1394,1,,2,16500.0,1650.0,31350.0
5000001890,20240531,1,31,2,1.0,1,10800.0,1080.0,9720.0
5000002199,20240531,2,1345,1,,1,15000.0,300.0,14700.0
5000002477,20240531,2,1391,1,,3,15000.0,2250.0,42750.0
5000002698,20240531,1,1163,1,,3,12000.0,3600.0,32400.0
5000003720,20240531,2,475,2,3.0,1,15000.0,0.0,15000.0
5000003872,20240531,2,275,1,,2,15000.0,3000.0,27000.0
5000004568,20240531,1,917,1,,1,12000.0,240.0,11760.0
5000004936,20240531,2,120,2,1.0,3,15000.0,4500.0,40500.0
5000006211,20240531,1,710,1,,2,12000.0,2400.0,21600.0
5000007619,20240531,1,758,2,1.0,2,13200.0,0.0,26400.0
5000007620,20240531,2,758,2,1.0,1,13500.0,0.0,13500.0
5000009322,20240531,1,575,1,,3,13200.0,0.0,39600.0
5000009323,20240531,1,575,1,,1,12000.0,0.0,12000.0
5000009502,20240531,2,180,1,,2,13500.0,1350.0,25650.0
5000009503,20240531,2,180,1,,1,15000.0,1500.0,13500.0
5000014683,20240531,2,40,1,,2,13500.0,540.0,26460.0
5000014876,20240531,1,1204,2,2.0,2,12000.0,1200.0,22800.0
5000015152,20240531,1,68,1,,2,12600.0,2520.0,22680.0
5000000528,20240601,1,1238,2,3.0,3,12600.0,756.0,37044.0
5000002231,20240601,2,330,2,2.0,3,16500.0,990.0,48510.0
5000002232,20240601,2,330,2,2.0,1,15000.0,300.0,14700.0
5000003732,20240601,1,883,2,4.0,2,12000.0,2400.0,21600.0
5000004635,20240601,1,514,1,,2,10800.0,2160.0,19440.0
5000006213,20240601,1,449,1,,2,10800.0,0.0,21600.0
5000006700,20240601,1,1144,2,2.0,2,10800.0,432.0,21168.0
5000006962,20240601,1,1364,1,,2,12000.0,0.0,24000.0
5000007052,20240601,2,1303,1,,3,15000.0,0.0,45000.0
5000007747,20240601,1,864,2,1.0,2,12000.0,2400.0,21600.0
5000011079,20240601,1,657,1,,2,12000.0,480.0,23520.0
5000011467,20240601,1,24,1,,1,12000.0,1200.0,10800.0
5000011468,20240601,2,24,1,,1,15000.0,0.0,15000.0
5000011491,20240601,1,1483,1,,1,12000.0,600.0,11400.0
5000011492,20240601,2,1483,1,,1,15000.0,750.0,14250.0
5000012211,20240601,1,1192,2,1.0,1,12000.0,240.0,11760.0
5000012212,20240601,1,1192,2,1.0,1,10800.0,540.0,10260.0
5000012930,20240601,2,176,1,,3,15000.0,4500.0,40500.0
5000013088,20240601,2,1376,2,1.0,2,13500.0,540.0,26460.0
5000013274,20240601,1,1274,2,2.0,3,10800.0,3240.0,29160.0
5000013624,20240601,1,1381,1,,3,12000.0,720.0,35280.0
5000013625,20240601,1,1381,1,,2,12000.0,0.0,24000.0
5000013626,20240601,1,1381,1,,2,12000.0,0.0,24000.0
5000015461,20240601,2,726,1,,3,16500.0,2475.0,47025.0
5000015724,20240601,2,1258,2,1.0,3,15000.0,0.0,45000.0
5000015725,20240601,2,1258,2,1.0,3,15000.0,4500.0,40500.0
5000015873,20240601,1,4,1,,2,12600.0,0.0,25200.0
5000015874,20240601,1,4,1,,2,12000.0,2400.0,21600.0
5000015959,20240601,2,628,2,4.0,1,15000.0,1500.0,13500.0
5000000804,20240602,1,338,1,,3,10800.0,3240.0,29160.0
5000001178,20240602,1,1133,2,4.0,2,12000.0,480.0,23520.0
5000001422,20240602,2,161,1,,1,15000.0,750.0,14250.0
5000001703,20240602,1,221,1,,2,10800.0,2160.0,19440.0
5000001704,20240602,1,221,1,,2,12000.0,1200.0,22800.0
5000002412,20240602,1,1067,1,,3,12000.0,1800.0,34200.0
5000002452,20240602,2,391,2,4.0,1,15000.0,1500.0,13500.0
5000002453,20240602,1,391,2,4.0,2,12000.0,0.0,24000.0
5000003156,20240602,1,74,2,1.0,1,13200.0,264.0,12936.0
5000003528,20240602,1,1350,2,4.0,3,12000.0,720.0,35280.0
5000003529,20240602,1,1350,2,4.0,3,12000.0,0.0,36000.0
5000003530,20240602,2,1350,2,4.0,1,15000.0,1500.0,13500.0
5000003889,20240602,1,1458,2,1.0,3,12000.0,0.0,36000.0
5000004346,20240602,1,1434,1,,3,12000.0,1800.0,34200.0
5000004507,20240602,1,1316,2,2.0,1,10800.0,1080.0,9720.0
5000004931,20240602,1,683,1,,2,12600.0,0.0,25200.0
5000008871,20240602,1,321,1,,3,12600.0,756.0,37044.0
5000009329,20240602,1,460,1,,1,10800.0,1080.0,9720.0
5000009330,20240602,2,460,1,,1,15000.0,0.0,15000.0
5000010450,20240602,1,1276,2,3.0,3,12600.0,1890.0,35910.0
5000011733,20240602,2,1293,1,,3,13500.0,2025.0,38475.0
5000012187,20240602,2,1392,2,1.0,1,13500.0,675.0,12825.0
5000012323,20240602,2,735,1,,3,15000.0,4500.0,40500.0
5000012324,20240602,2,735,1,,1,15000.0,0.0,15000.0
5000013177,20240602,2,31,2,4.0,2,15000.0,1500.0,28500.0
5000013801,20240602,1,162,1,,1,13200.0,660.0,12540.0
5000014332,20240602,1,1394,2,3.0,1,12000.0,1200.0,10800.0
5000014435,20240602,1,1122,2,3.0,1,10800.0,540.0,10260.0
5000014534,20240602,1,529,1,,2,12000.0,480.0,23520.0
5000014535,20240602,2,529,1,,1,15000.0,750.0,14250.0
5000015523,20240602,1,1435,2,2.0,2,12000.0,0.0,24000.0
5000015524,20240602,1,1435,2,2.0,1,13200.0,1320.0,11880.0
5000000520,20240603,2,356,1,,2,15000.0,1500.0,28500.0
5000000521,20240603,2,356,1,,1,15000.0,0.0,15000.0
5000000676,20240603,1,523,1,,2,10800.0,2160.0,19440.0
5000002648,20240603,1,574,2,4.0,2,12000.0,480.0,23520.0
5000003505,20240603,1,423,1,,3,12000.0,3600.0,32400.0
5000006990,20240603,1,1217,2,1.0,1,12000.0,240.0,11760.0
5000006991,20240603,1,1217,2,1.0,2,12000.0,480.0,23520.0
5000007368,20240603,2,784,1,,2,15000.0,0.0,30000.0
5000007609,20240603,1,602,1,,3,12000.0,0.0,36000.0
5000007610,20240603,2,602,1,,2,15750.0,630.0,30870.0
5000010399,20240603,2,106,2,4.0,2,16500.0,660.0,32340.0
5000010400,20240603,1,106,2,4.0,3,12600.0,756.0,37044.0
5000011364,20240603,2,1175,1,,2,15000.0,0.0,30000.0
5000012263,20240603,1,866,2,2.0,2,12000.0,480.0,23520.0
5000013453,20240603,1,1223,1,,1,12000.0,240.0,11760.0
5000013596,20240603,2,557,2,2.0,3,16500.0,990.0,48510.0
5000013597,20240603,1,557,2,2.0,3,10800.0,0.0,32400.0
5000013598,20240603,1,557,2,2.0,3,13200.0,3960.0,35640.0
5000013654,20240603,1,692,2,4.0,2,12000.0,2400.0,21600.0
5000014175,20240603,2,375,2,1.0,2,15750.0,3150.0,28350.0
5000015131,20240603,1,1131,1,,1,12000.0,0.0,12000.0
5000015132,20240603,1,1131,1,,1,13200.0,1320.0,11880.0
5000015192,20240603,1,1204,1,,1,10800.0,540.0,10260.0
5000015193,20240603,2,1204,1,,2,13500.0,2700.0,24300.0
5000015726,20240603,2,1430,2,3.0,3,15000.0,4500.0,40500.0
5000002824,20240604,2,399,2,4.0,2,13500.0,2700.0,24300.0
5000002825,20240604,1,399,2,4.0,3,12000.0,3600.0,32400.0
5000003694,20240604,2,798,1,,3,13500.0,810.0,39690.0
5000004903,20240604,2,1144,2,1.0,2,13500.0,2700.0,24300.0
5000004904,20240604,1,1144,2,1.0,2,12000.0,0.0,24000.0
5000006280,20240604,2,363,2,3.0,1,15000.0,300.0,14700.0
5000008350,20240604,1,4,2,1.0,1,12000.0,240.0,11760.0
5000008351,20240604,1,4,2,1.0,2,12000.0,0.0,24000.0
5000008380,20240604,1,1233,2,4.0,3,10800.0,0.0,32400.0
5000008381,20240604,1,1233,2,4.0,3,12600.0,3780.0,34020.0
5000008848,20240604,1,235,1,,3,12000.0,720.0,35280.0
5000009878,20240604,2,1044,1,,2,15000.0,600.0,29400.0
5000009879,20240604,2,1044,1,,3,15000.0,4500.0,40500.0
5000010074,20240604,1,421,2,1.0,1,12000.0,1200.0,10800.0
5000012014,20240604,1,386,1,,2,12000.0,1200.0,22800.0
5000012745,20240604,2,397,1,,3,13500.0,0.0,40500.0
5000012746,20240604,2,397,1,,3,15000.0,2250.0,42750.0
5000012866,20240604,1,445,2,4.0,3,12000.0,720.0,35280.0
5000012867,20240604,1,1380,1,,3,13200.0,792.0,38808.0
5000013377,20240604,2,292,1,,3,15750.0,0.0,47250.0
5000013444,20240604,2,1500,1,,2,15750.0,3150.0,28350.0
5000013445,20240604,1,1500,1,,3,12000.0,0.0,36000.0
5000013446,20240604,2,1500,1,,1,15750.0,0.0,15750.0
5000013627,20240604,1,552,1,,1,12600.0,252.0,12348.0
5000014226,20240604,1,1201,1,,3,12000.0,3600.0,32400.0
5000014227,20240604,1,1201,1,,2,12000.0,480.0,23520.0
5000015176,20240604,2,945,2,1.0,3,15000.0,4500.0,40500.0
5000015300,20240604,1,327,1,,3,12000.0,3600.0,32400.0
5000016009,20240604,2,137,1,,3,15000.0,2250.0,42750.0
5000000255,20240605,1,1384,1,,1,12000.0,240.0,11760.0
5000001472,20240605,2,158,2,3.0,2,16500.0,660.0,32340.0
5000002752,20240605,2,492,2,2.0,2,15000.0,0.0,30000.0
5000003979,20240605,1,157,1,,1,10800.0,216.0,10584.0
5000004116,20240605,1,582,1,,3,12600.0,3780.0,34020.0
5000004117,20240605,1,582,1,,3,12000.0,0.0,36000.0
5000004398,20240605,2,858,1,,3,13500.0,2025.0,38475.0
5000004399,20240605,2,858,1,,3,15000.0,0.0,45000.0
5000005181,20240605,1,154,1,,2,12600.0,504.0,24696.0
5000005182,20240605,2,154,1,,1,15000.0,300.0,14700.0
5000006036,20240605,1,610,2,4.0,3,10800.0,648.0,31752.0
5000006037,20240605,1,610,2,4.0,2,10800.0,1080.0,20520.0
5000007096,20240605,1,486,1,,2,12600.0,1260.0,23940.0
5000008860,20240605,2,932,1,,3,15000.0,4500.0,40500.0
5000008861,20240605,1,932,1,,1,12000.0,240.0,11760.0
5000008862,20240605,1,932,1,,1,12000.0,1200.0,10800.0
5000009579,20240605,1,357,2,1.0,1,12000.0,1200.0,10800.0
5000010581,20240605,2,1327,2,1.0,3,13500.0,4050.0,36450.0
5000010582,20240605,1,1327,2,1.0,2,13200.0,2640.0,23760.0
5000010773,20240605,1,409,1,,3,12000.0,3600.0,32400.0
5000010774,20240605,2,409,1,,1,16500.0,0.0,16500.0
5000011274,20240605,2,1313,1,,2,16500.0,660.0,32340.0
5000011523,20240605,1,1421,2,4.0,3,12000.0,0.0,36000.0
5000011978,20240605,1,1309,2,2.0,1,12600.0,1260.0,11340.0
5000012385,20240605,2,1131,1,,3,15750.0,2362.5,44887.5
5000012386,20240605,2,1131,1,,1,15000.0,0.0,15000.0
5000013145,20240605,1,70,1,,3,12000.0,1800.0,34200.0
5000013434,20240605,1,1025,1,,2,12000.0,480.0,23520.0
5000013655,20240605,2,1230,1,,1,13500.0,675.0,12825.0
5000013893,20240605,2,311,2,1.0,2,15750.0,630.0,30870.0
5000013958,20240605,1,126,2,2.0,1,12600.0,630.0,11970.0
5000013959,20240605,2,126,2,2.0,1,15000.0,300.0,14700.0
5000015530,20240605,1,69,2,1.0,1,12600.0,252.0,12348.0
5000015531,20240605,2,69,2,1.0,1,15750.0,0.0,15750.0
5000015701,20240605,1,952,1,,1,12000.0,1200.0,10800.0
5000000198,20240606,1,551,2,1.0,3,12000.0,1800.0,34200.0
5000000199,20240606,1,551,2,1.0,3,12000.0,3600.0,32400.0
5000001244,20240606,1,1101,2,1.0,1,12000.0,240.0,11760.0
5000001632,20240606,2,1413,2,4.0,3,16500.0,4950.0,44550.0
5000001633,20240606,1,1413,2,4.0,2,12600.0,1260.0,23940.0
5000002012,20240606,1,324,2,1.0,1,12000.0,1200.0,10800.0
5000002013,20240606,1,324,2,1.0,3,12000.0,0.0,36000.0
5000002937,20240606,1,140,1,,1,12000.0,600.0,11400.0
5000003667,20240606,2,180,2,3.0,3,15000.0,900.0,44100.0
5000003668,20240606,1,180,2,3.0,3,12000.0,3600.0,32400.0
5000004337,20240606,1,491,1,,2,12000.0,1200.0,22800.0
5000005607,20240606,1,324,1,,3,12000.0,720.0,35280.0
5000005887,20240606,1,644,2,3.0,2,12000.0,480.0,23520.0
5000005888,20240606,2,644,2,3.0,2,15000.0,3000.0,27000.0
5000006044,20240606,1,382,1,,3,12000.0,720.0,35280.0
5000006045,20240606,2,382,1,,2,15000.0,0.0,30000.0
5000007862,20240606,1,185,1,,1,12000.0,600.0,11400.0
5000009892,20240606,2,45,1,,2,15000.0,0.0,30000.0
5000010364,20240606,1,250,2,2.0,2,13200.0,0.0,26400.0
5000010469,20240606,2,512,1,,2,13500.0,1350.0,25650.0
5000011386,20240606,1,172,1,,1,12000.0,600.0,11400.0
5000012897,20240606,1,925,2,2.0,2,12000.0,0.0,24000.0
5000013321,20240606,1,939,2,2.0,1,10800.0,216.0,10584.0
5000014444,20240606,2,1418,2,1.0,1,16500.0,1650.0,14850.0
5000014445,20240606,2,1418,2,1.0,2,15000.0,3000.0,27000.0
5000015734,20240606,1,854,1,,3,10800.0,648.0,31752.0
5000000489,20240607,1,544,1,,1,12000.0,600.0,11400.0
5000001650,20240607,1,446,1,,1,12600.0,0.0,12600.0
5000001651,20240607,1,446,1,,1,12000.0,240.0,11760.0
5000003238,20240607,1,304,2,1.0,3,12000.0,3600.0,32400.0
5000003239,20240607,1,304,2,1.0,2,12000.0,1200.0,22800.0
5000003495,20240607,1,1371,2,1.0,3,12000.0,720.0,35280.0
5000003788,20240607,1,961,2,4.0,3,13200.0,0.0,39600.0
5000004161,20240607,1,212,1,,1,12000.0,1200.0,10800.0
5000004162,20240607,1,212,1,,1,12000.0,1200.0,10800.0
5000004178,20240607,1,520,2,3.0,2,10800.0,432.0,21168.0
5000004297,20240607,1,552,1,,3,12000.0,3600.0,32400.0
5000005281,20240607,2,1044,2,3.0,3,15000.0,4500.0,40500.0
5000005282,20240607,1,1044,2,3.0,2,12600.0,1260.0,23940.0
5000005283,20240607,1,1044,2,3.0,3,12600.0,756.0,37044.0
5000005954,20240607,1,430,2,1.0,2,12000.0,480.0,23520.0
5000007728,20240607,1,853,1,,3,12000.0,0.0,36000.0
5000007782,20240607,1,206,1,,2,12000.0,2400.0,21600.0
5000008184,20240607,1,1013,1,,2,12000.0,1200.0,22800.0
5000009391,20240607,2,190,1,,3,15000.0,0.0,45000.0
5000011248,20240607,2,302,2,4.0,3,15000.0,900.0,44100.0
5000011897,20240607,1,618,1,,3,10800.0,0.0,32400.0
5000012494,20240607,1,1445,1,,2,12000.0,0.0,24000.0
5000012495,20240607,1,1445,1,,3,12000.0,3600.0,32400.0
5000012791,20240607,2,371,1,,3,15000.0,900.0,44100.0
5000013437,20240607,1,946,1,,2,13200.0,2640.0,23760.0
5000014583,20240607,2,1056,1,,1,15000.0,1500.0,13500.0
5000014684,20240607,2,780,1,,3,15750.0,4725.0,42525.0
5000014685,20240607,2,780,1,,3,13500.0,0.0,40500.0
5000015844,20240607,1,1295,2,2.0,2,12000.0,2400.0,21600.0
5000000051,20240608,2,1475,2,4.0,1,15000.0,300.0,14700.0
5000000309,20240608,2,823,1,,3,15750.0,0.0,47250.0
5000001670,20240608,2,503,1,,2,15000.0,0.0,30000.0
5000001671,20240608,1,503,1,,1,12000.0,0.0,12000.0
5000003119,20240608,2,1421,1,,2,15000.0,1500.0,28500.0
5000004357,20240608,2,1480,2,4.0,3,16500.0,4950.0,44550.0
5000004893,20240608,1,400,2,2.0,2,12000.0,0.0,24000.0
5000006327,20240608,2,1463,2,1.0,2,15750.0,630.0,30870.0
5000008356,20240608,2,1016,2,3.0,2,13500.0,0.0,27000.0
5000008357,20240608,2,1016,2,3.0,1,13500.0,270.0,13230.0
5000009139,20240608,1,608,2,4.0,3,12000.0,1800.0,34200.0
5000009751,20240608,2,440,1,,2,15000.0,600.0,29400.0
5000010243,20240608,1,226,1,,3,13200.0,792.0,38808.0
5000010840,20240608,1,630,1,,3,12000.0,0.0,36000.0
5000011171,20240608,1,306,1,,2,12000.0,480.0,23520.0
5000011172,20240608,1,306,1,,2,12000.0,0.0,24000.0
5000011505,20240608,2,90,2,2.0,3,15000.0,2250.0,42750.0
5000011506,20240608,2,90,2,2.0,1,15000.0,750.0,14250.0
5000011507,20240608,1,90,2,2.0,1,10800.0,540.0,10260.0
5000012384,20240608,2,1298,1,,2,15000.0,0.0,30000.0
5000012570,20240608,1,262,2,2.0,3,12000.0,0.0,36000.0
5000012836,20240608,2,1341,1,,2,15750.0,630.0,30870.0
5000012837,20240608,1,1341,1,,2,12000.0,0.0,24000.0
5000012838,20240608,1,1341,1,,3,12600.0,3780.0,34020.0
5000015065,20240608,2,1105,1,,3,15000.0,2250.0,42750.0
5000015103,20240608,2,34,2,4.0,3,15000.0,0.0,45000.0
5000015391,20240608,2,378,2,1.0,1,15000.0,300.0,14700.0
5000000875,20240609,1,108,1,,3,12000.0,1800.0,34200.0
5000003356,20240609,1,870,1,,3,12600.0,3780.0,34020.0
5000004149,20240609,2,1247,1,,2,13500.0,2700.0,24300.0
5000004539,20240609,1,297,1,,1,12000.0,240.0,11760.0
5000004540,20240609,1,297,1,,1,12000.0,0.0,12000.0
5000006271,20240609,1,737,2,1.0,2,13200.0,528.0,25872.0
5000006361,20240609,2,261,2,2.0,1,16500.0,0.0,16500.0
5000006362,20240609,2,261,2,2.0,3,15750.0,4725.0,42525.0
5000006363,20240609,1,672,1,,3,12000.0,1800.0,34200.0
5000006364,20240609,1,672,1,,3,12000.0,0.0,36000.0
5000006457,20240609,1,728,1,,2,12000.0,1200.0,22800.0
5000006458,20240609,1,728,1,,3,12000.0,720.0,35280.0
5000006813,20240609,1,108,1,,1,12000.0,600.0,11400.0
5000006814,20240609,2,108,1,,1,16500.0,1650.0,14850.0
5000007643,20240609,1,1013,1,,1,10800.0,540.0,10260.0
5000007708,20240609,2,194,1,,1,15000.0,750.0,14250.0
5000008050,20240609,2,966,2,1.0,1,15000.0,1500.0,13500.0
5000008051,20240609,1,966,2,1.0,1,12000.0,0.0,12000.0
5000008127,20240609,1,1314,2,4.0,1,10800.0,540.0,10260.0
5000008467,20240609,2,1310,2,1.0,1,15000.0,1500.0,13500.0
5000009512,20240609,2,905,1,,3,15000.0,2250.0,42750.0
5000010927,20240609,1,112,2,2.0,1,12000.0,600.0,11400.0
5000011085,20240609,2,528,1,,3,15000.0,0.0,45000.0
5000012355,20240609,1,396,2,3.0,3,10800.0,1620.0,30780.0
5000012459,20240609,1,784,2,1.0,1,12600.0,0.0,12600.0
5000013220,20240609,1,150,2,4.0,2,12000.0,480.0,23520.0
5000013461,20240609,1,1493,2,3.0,2,10800.0,2160.0,19440.0
5000013482,20240609,1,547,1,,1,12000.0,1200.0,10800.0
5000013777,20240609,1,1124,1,,2,12000.0,1200.0,22800.0
5000013778,20240609,1,1124,1,,1,12000.0,600.0,11400.0
5000014216,20240609,2,1375,2,1.0,3,15000.0,900.0,44100.0
5000014217,20240609,1,1375,2,1.0,1,12000.0,600.0,11400.0
5000014631,20240609,2,1067,1,,1,16500.0,330.0,16170.0
5000014686,20240609,2,1498,1,,3,15750.0,0.0,47250.0
5000014816,20240609,1,811,1,,1,10800.0,540.0,10260.0
5000015242,20240609,2,1411,1,,2,15000.0,1500.0,28500.0
5000015693,20240609,2,160,2,3.0,2,15000.0,3000.0,27000.0
5000015756,20240609,2,921,1,,2,15000.0,0.0,30000.0
5000000749,20240610,2,439,1,,3,15000.0,4500.0,40500.0
5000000750,20240610,2,439,1,,2,15000.0,0.0,30000.0
5000000883,20240610,1,366,2,1.0,1,12000.0,240.0,11760.0
5000001183,20240610,1,1008,1,,1,12000.0,0.0,12000.0
5000001184,20240610,2,1008,1,,1,13500.0,270.0,13230.0
5000001260,20240610,2,494,1,,3,15000.0,4500.0,40500.0
5000003612,20240610,2,359,1,,3,15000.0,900.0,44100.0
5000003613,20240610,1,359,1,,1,12000.0,0.0,12000.0
5000003913,20240610,1,748,2,1.0,1,10800.0,216.0,10584.0
5000003914,20240610,1,748,2,1.0,1,12000.0,240.0,11760.0
5000004195,20240610,1,1124,1,,1,10800.0,0.0,10800.0
5000004236,20240610,1,57,1,,2,12600.0,2520.0,22680.0
5000007447,20240610,2,576,1,,2,15000.0,3000.0,27000.0
5000007448,20240610,1,576,1,,1,12600.0,252.0,12348.0
5000007911,20240610,1,1413,1,,1,12600.0,0.0,12600.0
5000007912,20240610,2,1413,1,,3,16500.0,990.0,48510.0
5000008566,20240610,1,789,1,,2,12000.0,0.0,24000.0
5000008567,20240610,2,789,1,,3,13500.0,0.0,40500.0
5000008568,20240610,1,79,1,,3,12000.0,1800.0,34200.0
5000009831,20240610,2,240,1,,1,16500.0,825.0,15675.0
5000011607,20240610,1,724,1,,3,10800.0,0.0,32400.0
5000011608,20240610,2,724,1,,1,15750.0,1575.0,14175.0
5000013186,20240610,1,606,1,,3,12000.0,3600.0,32400.0
5000013187,20240610,2,606,1,,2,15000.0,1500.0,28500.0
5000014674,20240610,2,450,1,,3,13500.0,2025.0,38475.0
5000014675,20240610,2,450,1,,2,15000.0,1500.0,28500.0
5000002046,20240611,2,1382,1,,1,15000.0,750.0,14250.0
5000002444,20240611,2,452,1,,3,15000.0,2250.0,42750.0
5000002619,20240611,2,863,2,2.0,3,15000.0,4500.0,40500.0
5000002620,20240611,1,863,2,2.0,2,12000.0,2400.0,21600.0
5000004430,20240611,2,1236,2,2.0,2,15000.0,0.0,30000.0
5000004431,20240611,1,1236,2,2.0,2,12000.0,480.0,23520.0
5000004432,20240611,2,1236,2,2.0,2,15000.0,600.0,29400.0
5000004771,20240611,2,119,1,,3,13500.0,0.0,40500.0
5000004772,20240611,2,119,1,,1,15750.0,1575.0,14175.0
5000005897,20240611,2,501,1,,1,15000.0,1500.0,13500.0
5000006328,20240611,2,1314,2,2.0,1,15000.0,1500.0,13500.0
5000006749,20240611,1,355,2,3.0,3,13200.0,1980.0,37620.0
5000007053,20240611,1,514,1,,2,12000.0,0.0,24000.0
5000007054,20240611,2,514,1,,2,15000.0,3000.0,27000.0
5000007295,20240611,2,600,1,,3,15000.0,4500.0,40500.0
5000008075,20240611,1,584,1,,1,10800.0,0.0,10800.0
5000011920,20240611,2,885,2,4.0,3,13500.0,0.0,40500.0
5000013288,20240611,1,1465,1,,3,12000.0,720.0,35280.0
5000015794,20240611,1,1268,2,3.0,1,12000.0,600.0,11400.0
5000015852,20240611,1,1315,2,2.0,2,10800.0,0.0,21600.0
5000000099,20240612,2,700,1,,3,15000.0,900.0,44100.0
5000000138,20240612,2,757,2,2.0,1,15750.0,315.0,15435.0
5000000173,20240612,2,779,2,3.0,1,15000.0,0.0,15000.0
5000000296,20240612,1,42,2,2.0,1,12000.0,1200.0,10800.0
5000000297,20240612,1,42,2,2.0,3,12000.0,1800.0,34200.0
5000001827,20240612,1,1251,1,,2,10800.0,2160.0,19440.0
5000001921,20240612,1,1185,1,,1,12000.0,1200.0,10800.0
5000001922,20240612,2,1185,1,,3,15000.0,900.0,44100.0
5000002105,20240612,1,746,1,,2,10800.0,2160.0,19440.0
5000002106,20240612,1,746,1,,1,12000.0,0.0,12000.0
5000002168,20240612,2,953,1,,3,15000.0,4500.0,40500.0
5000002169,20240612,2,953,1,,2,15000.0,3000.0,27000.0
5000002965,20240612,2,1389,1,,1,15000.0,1500.0,13500.0
5000006426,20240612,2,367,2,2.0,2,15000.0,600.0,29400.0
5000006427,20240612,2,367,2,2.0,1,15000.0,750.0,14250.0
5000006774,20240612,1,1492,1,,3,10800.0,3240.0,29160.0
5000006775,20240612,2,1492,1,,2,16500.0,660.0,32340.0
5000007135,20240612,2,1308,1,,3,15000.0,2250.0,42750.0
5000007136,20240612,1,1308,1,,3,12000.0,720.0,35280.0
5000007178,20240612,1,1235,1,,1,12600.0,0.0,12600.0
5000007179,20240612,2,1235,1,,2,15000.0,600.0,29400.0
5000007443,20240612,1,861,1,,1,12000.0,1200.0,10800.0
5000011650,20240612,1,1451,1,,1,12000.0,0.0,12000.0
5000012233,20240612,1,680,1,,3,12000.0,1800.0,34200.0
5000012253,20240612,2,654,2,4.0,1,15000.0,300.0,14700.0
5000013000,20240612,2,919,1,,2,16500.0,3300.0,29700.0
5000013001,20240612,1,919,1,,3,12000.0,720.0,35280.0
5000013919,20240612,1,121,2,4.0,3,12000.0,0.0,36000.0
5000015123,20240612,1,58,2,3.0,1,12000.0,240.0,11760.0
5000000130,20240613,2,770,1,,2,15000.0,0.0,30000.0
5000000219,20240613,2,1299,2,4.0,2,15000.0,600.0,29400.0
5000000507,20240613,2,538,2,2.0,2,16500.0,660.0,32340.0
5000000508,20240613,2,538,2,2.0,2,13500.0,2700.0,24300.0
5000000802,20240613,1,142,2,2.0,1,10800.0,216.0,10584.0
5000003015,20240613,1,275,1,,2,12600.0,0.0,25200.0
5000003016,20240613,2,275,1,,2,15000.0,3000.0,27000.0
5000005516,20240613,1,1385,1,,2,12000.0,480.0,23520.0
5000005517,20240613,2,1385,1,,3,15000.0,900.0,44100.0
5000008623,20240613,2,233,2,3.0,2,13500.0,0.0,27000.0
5000008624,20240613,2,233,2,3.0,2,13500.0,540.0,26460.0
5000008625,20240613,2,233,2,3.0,3,15000.0,900.0,44100.0
5000008840,20240613,2,727,2,2.0,3,13500.0,0.0,40500.0
5000009509,20240613,2,956,1,,3,15000.0,4500.0,40500.0
5000009510,20240613,1,956,1,,2,10800.0,1080.0,20520.0
5000010135,20240613,1,911,2,1.0,2,12000.0,480.0,23520.0
5000010639,20240613,2,672,1,,2,15000.0,600.0,29400.0
5000011238,20240613,2,138,2,1.0,3,15750.0,0.0,47250.0
5000011239,20240613,2,138,2,1.0,1,15000.0,1500.0,13500.0
5000011556,20240613,2,244,1,,2,15000.0,3000.0,27000.0
5000011683,20240613,1,69,1,,2,12000.0,480.0,23520.0
5000014480,20240613,1,847,1,,3,12000.0,1800.0,34200.0
5000014481,20240613,1,847,1,,3,12000.0,0.0,36000.0
5000000184,20240614,2,1229,2,2.0,1,15000.0,0.0,15000.0
5000001403,20240614,2,1076,2,4.0,1,16500.0,0.0,16500.0
5000001404,20240614,2,1076,2,4.0,1,13500.0,1350.0,12150.0
5000002302,20240614,1,303,2,1.0,3,10800.0,3240.0,29160.0
5000002303,20240614,2,303,2,1.0,1,13500.0,1350.0,12150.0
5000003618,20240614,1,1267,2,3.0,1,12000.0,600.0,11400.0
5000003619,20240614,1,1267,2,3.0,3,12000.0,0.0,36000.0
5000003620,20240614,2,1267,2,3.0,3,15000.0,4500.0,40500.0
5000004232,20240614,2,444,2,4.0,1,15000.0,0.0,15000.0
5000005629,20240614,2,978,2,1.0,2,15000.0,600.0,29400.0
5000009063,20240614,2,991,1,,1,16500.0,330.0,16170.0
5000009625,20240614,2,414,1,,2,15000.0,3000.0,27000.0
5000011131,20240614,1,935,1,,1,10800.0,540.0,10260.0
5000011860,20240614,1,467,1,,2,12000.0,480.0,23520.0
5000013210,20240614,1,1029,1,,3,13200.0,0.0,39600.0
5000013211,20240614,2,1029,1,,1,15750.0,787.5,14962.5
5000013249,20240614,1,603,1,,2,12600.0,0.0,25200.0
5000013250,20240614,1,603,1,,1,12600.0,252.0,12348.0
5000013251,20240614,2,603,1,,1,15000.0,300.0,14700.0
5000013392,20240614,2,1077,1,,3,13500.0,2025.0,38475.0
5000014241,20240614,2,331,2,4.0,1,15750.0,787.5,14962.5
5000003178,20240615,1,1391,2,3.0,3,12000.0,720.0,35280.0
5000003440,20240615,1,189,1,,1,12600.0,1260.0,11340.0
5000003441,20240615,1,189,1,,3,12000.0,1800.0,34200.0
5000003690,20240615,1,511,1,,3,12000.0,3600.0,32400.0
5000006040,20240615,2,61,2,1.0,1,15000.0,750.0,14250.0
5000006041,20240615,1,61,2,1.0,3,12000.0,720.0,35280.0
5000006822,20240615,1,1449,2,1.0,1,12600.0,0.0,12600.0
5000006823,20240615,1,1449,2,1.0,2,12000.0,1200.0,22800.0
5000006935,20240615,2,127,1,,3,16500.0,0.0,49500.0
5000007199,20240615,1,651,2,4.0,1,12000.0,1200.0,10800.0
5000009943,20240615,1,347,1,,3,12000.0,3600.0,32400.0
5000010377,20240615,1,1021,1,,3,12000.0,720.0,35280.0
5000010378,20240615,2,1021,1,,2,15000.0,1500.0,28500.0
5000011536,20240615,2,584,2,1.0,3,15000.0,4500.0,40500.0
5000011553,20240615,1,374,1,,2,13200.0,2640.0,23760.0
5000011610,20240615,1,128,1,,3,12000.0,720.0,35280.0
5000011611,20240615,2,128,1,,1,15000.0,300.0,14700.0
5000011612,20240615,2,128,1,,2,15000.0,3000.0,27000.0
5000013293,20240615,2,743,2,2.0,1,15750.0,315.0,15435.0
5000013294,20240615,2,743,2,2.0,3,15000.0,4500.0,40500.0
5000013934,20240615,2,33,1,,2,15000.0,1500.0,28500.0
5000014641,20240615,2,45,2,4.0,2,15000.0,600.0,29400.0
5000015754,20240615,1,428,1,,1,12000.0,600.0,11400.0
5000015755,20240615,1,428,1,,2,12000.0,1200.0,22800.0
5000000441,20240616,1,21,1,,3,12000.0,1800.0,34200.0
5000000442,20240616,1,21,1,,3,12000.0,720.0,35280.0
5000000830,20240616,2,691,2,2.0,2,15000.0,1500.0,28500.0
5000001707,20240616,1,180,1,,2,10800.0,2160.0,19440.0
5000002669,20240616,2,1170,1,,2,15000.0,3000.0,27000.0
5000002986,20240616,2,53,1,,1,15000.0,0.0,15000.0
5000003260,20240616,1,859,2,1.0,1,10800.0,216.0,10584.0
5000003745,20240616,1,610,1,,3,13200.0,0.0,39600.0
5000003746,20240616,1,610,1,,3,12000.0,720.0,35280.0
5000004696,20240616,2,1150,1,,2,15000.0,3000.0,27000.0
5000004697,20240616,1,1150,1,,1,12000.0,1200.0,10800.0
5000005183,20240616,2,558,1,,1,13500.0,1350.0,12150.0
5000005710,20240616,2,946,1,,1,15000.0,1500.0,13500.0
5000005711,20240616,2,946,1,,1,16500.0,330.0,16170.0
5000005712,20240616,2,946,1,,2,15000.0,3000.0,27000.0
5000006801,20240616,2,1349,2,2.0,3,15000.0,900.0,44100.0
5000008668,20240616,1,73,1,,2,12600.0,0.0,25200.0
5000009237,20240616,2,1466,1,,2,15000.0,600.0,29400.0
5000010177,20240616,1,524,2,4.0,3,12000.0,1800.0,34200.0
5000010336,20240616,2,143,2,2.0,1,15000.0,1500.0,13500.0
5000010337,20240616,2,143,2,2.0,3,16500.0,4950.0,44550.0
5000010519,20240616,1,700,1,,2,12000.0,1200.0,22800.0
5000011038,20240616,2,980,2,2.0,3,15750.0,945.0,46305.0
5000013107,20240616,1,1457,1,,1,12000.0,1200.0,10800.0
5000013783,20240616,1,298,2,3.0,1,13200.0,264.0,12936.0
5000013784,20240616,1,298,2,3.0,3,13200.0,0.0,39600.0
5000013918,20240616,1,1268,2,1.0,1,12600.0,1260.0,11340.0
5000000771,20240617,1,978,1,,1,12000.0,240.0,11760.0
5000000772,20240617,2,978,1,,1,15000.0,1500.0,13500.0
5000001211,20240617,2,331,1,,3,13500.0,0.0,40500.0
5000002575,20240617,2,131,1,,3,15000.0,900.0,44100.0
5000002576,20240617,1,131,1,,3,12000.0,720.0,35280.0
5000003361,20240617,2,741,1,,1,13500.0,675.0,12825.0
5000003461,20240617,1,1277,2,4.0,3,13200.0,3960.0,35640.0
5000003571,20240617,2,70,2,4.0,2,16500.0,660.0,32340.0
5000004667,20240617,2,831,1,,3,15000.0,2250.0,42750.0
5000004938,20240617,2,1122,1,,2,13500.0,540.0,26460.0
5000006753,20240617,1,776,2,1.0,3,10800.0,0.0,32400.0
5000006754,20240617,2,776,2,1.0,3,15000.0,900.0,44100.0
5000006755,20240617,1,776,2,1.0,2,13200.0,0.0,26400.0
5000008153,20240617,1,1307,2,4.0,3,12000.0,3600.0,32400.0
5000009454,20240617,2,823,2,3.0,2,15000.0,1500.0,28500.0
5000009542,20240617,1,134,1,,3,12000.0,720.0,35280.0
5000010671,20240617,1,89,2,3.0,3,12000.0,720.0,35280.0
5000013427,20240617,2,632,1,,3,15000.0,0.0,45000.0
5000014170,20240617,2,27,1,,3,13500.0,0.0,40500.0
5000014171,20240617,2,27,1,,3,15000.0,4500.0,40500.0
5000014532,20240617,2,1486,1,,1,15000.0,1500.0,13500.0
5000015896,20240617,1,990,2,2.0,1,12000.0,600.0,11400.0
5000015938,20240617,2,1486,2,3.0,2,15000.0,0.0,30000.0
5000001743,20240618,1,1148,2,1.0,3,12000.0,1800.0,34200.0
5000001744,20240618,2,1148,2,1.0,1,15000.0,1500.0,13500.0
5000003169,20240618,1,714,2,1.0,3,12000.0,1800.0,34200.0
5000003170,20240618,1,714,2,1.0,2,12000.0,480.0,23520.0
5000003981,20240618,1,914,2,4.0,3,12000.0,1800.0,34200.0
5000004240,20240618,1,503,1,,2,12000.0,2400.0,21600.0
5000004877,20240618,2,1288,2,3.0,2,15750.0,3150.0,28350.0
5000005807,20240618,1,611,1,,3,12000.0,1800.0,34200.0
5000005808,20240618,2,611,1,,3,15000.0,4500.0,40500.0
5000007000,20240618,1,151,2,2.0,1,12000.0,0.0,12000.0
5000008493,20240618,1,867,1,,2,12600.0,504.0,24696.0
5000010379,20240618,1,1440,1,,1,12000.0,600.0,11400.0
5000010474,20240618,1,521,1,,1,10800.0,1080.0,9720.0
5000011359,20240618,1,524,1,,1,12000.0,600.0,11400.0
5000012401,20240618,2,1099,1,,2,15750.0,3150.0,28350.0
5000012402,20240618,1,1099,1,,1,12600.0,1260.0,11340.0
5000012403,20240618,2,1099,1,,1,15000.0,750.0,14250.0
5000012737,20240618,1,1332,2,1.0,1,12000.0,0.0,12000.0
5000012738,20240618,2,1332,2,1.0,1,15000.0,750.0,14250.0
5000014031,20240618,1,238,2,4.0,1,10800.0,216.0,10584.0
5000015659,20240618,2,148,1,,1,15000.0,1500.0,13500.0
5000015660,20240618,2,148,1,,3,15000.0,2250.0,42750.0
5000015675,20240618,1,158,1,,2,10800.0,432.0,21168.0
5000015821,20240618,1,554,1,,3,10800.0,0.0,32400.0
5000000891,20240619,1,1433,1,,3,12000.0,3600.0,32400.0
5000002991,20240619,1,292,1,,1,12000.0,0.0,12000.0
5000003476,20240619,1,1305,1,,2,12000.0,0.0,24000.0
5000004390,20240619,1,358,1,,2,12000.0,1200.0,22800.0
5000004823,20240619,2,243,1,,1,15000.0,1500.0,13500.0
5000005775,20240619,2,829,1,,2,16500.0,1650.0,31350.0
5000008178,20240619,2,721,2,3.0,2,13500.0,2700.0,24300.0
5000009310,20240619,1,1040,1,,3,12000.0,0.0,36000.0
5000010216,20240619,1,1388,1,,2,12000.0,2400.0,21600.0
5000011260,20240619,1,78,2,4.0,1,12600.0,0.0,12600.0
5000011261,20240619,1,78,2,4.0,3,13200.0,1980.0,37620.0
5000011815,20240619,2,1441,1,,3,15750.0,0.0,47250.0
5000012082,20240619,2,806,2,2.0,2,16500.0,1650.0,31350.0
5000012152,20240619,1,205,1,,2,12000.0,2400.0,21600.0
5000012153,20240619,1,205,1,,2,12000.0,0.0,24000.0
5000014442,20240619,2,394,1,,3,13500.0,2025.0,38475.0
5000014910,20240619,1,1178,1,,3,12600.0,1890.0,35910.0
5000014911,20240619,2,1178,1,,1,15000.0,300.0,14700.0
5000015681,20240619,1,95,1,,1,12000.0,240.0,11760.0
5000015712,20240619,1,362,2,4.0,1,13200.0,1320.0,11880.0
5000000691,20240620,1,367,1,,2,12000.0,0.0,24000.0
5000000753,20240620,1,1039,2,4.0,2,10800.0,2160.0,19440.0
5000000754,20240620,1,1039,2,4.0,1,12600.0,1260.0,11340.0
5000000820,20240620,1,1145,1,,3,10800.0,648.0,31752.0
5000002074,20240620,1,208,1,,1,12000.0,1200.0,10800.0
5000002867,20240620,1,1476,2,2.0,3,12600.0,1890.0,35910.0
5000002884,20240620,1,796,1,,2,12000.0,480.0,23520.0
5000003048,20240620,2,118,1,,1,13500.0,675.0,12825.0
5000004683,20240620,2,390,2,4.0,2,15000.0,3000.0,27000.0
5000005179,20240620,2,613,1,,2,15000.0,1500.0,28500.0
5000005716,20240620,1,1223,1,,1,12600.0,252.0,12348.0
5000006285,20240620,1,1040,1,,1,12000.0,1200.0,10800.0
5000006286,20240620,2,1040,1,,1,15000.0,750.0,14250.0
5000006287,20240620,1,1040,1,,3,13200.0,792.0,38808.0
5000006626,20240620,2,400,1,,1,15000.0,1500.0,13500.0
5000008302,20240620,2,1087,2,3.0,2,16500.0,3300.0,29700.0
5000008480,20240620,1,1194,1,,1,12000.0,1200.0,10800.0
5000008520,20240620,2,967,1,,3,16500.0,0.0,49500.0
5000008521,20240620,1,967,1,,1,12000.0,600.0,11400.0
5000009302,20240620,1,570,1,,1,12000.0,600.0,11400.0
5000009499,20240620,1,1253,1,,1,12600.0,1260.0,11340.0
5000009500,20240620,2,1253,1,,1,15000.0,1500.0,13500.0
5000009817,20240620,2,547,1,,3,15000.0,2250.0,42750.0
5000009818,20240620,1,547,1,,1,12000.0,1200.0,10800.0
5000010938,20240620,1,806,2,1.0,1,12000.0,600.0,11400.0
5000010939,20240620,1,806,2,1.0,3,10800.0,1620.0,30780.0
5000011653,20240620,2,1221,1,,1,15000.0,1500.0,13500.0
5000011654,20240620,2,1221,1,,3,15000.0,900.0,44100.0
5000012195,20240620,1,589,2,3.0,2,12000.0,0.0,24000.0
5000012250,20240620,1,566,1,,2,12000.0,1200.0,22800.0
5000014960,20240620,2,353,1,,3,15000.0,900.0,44100.0
5000015220,20240620,1,554,1,,1,13200.0,660.0,12540.0
5000015221,20240620,2,554,1,,3,15000.0,4500.0,40500.0
5000015897,20240620,2,42,1,,1,16500.0,825.0,15675.0
5000015921,20240620,1,627,2,2.0,1,12000.0,0.0,12000.0
5000000368,20240621,1,969,1,,1,12000.0,1200.0,10800.0
5000000369,20240621,1,969,1,,1,12000.0,1200.0,10800.0
5000000511,20240621,2,766,1,,2,15000.0,0.0,30000.0
5000000913,20240621,1,1169,1,,3,13200.0,0.0,39600.0
5000000914,20240621,1,1169,1,,3,13200.0,3960.0,35640.0
5000000915,20240621,2,1169,1,,2,15000.0,1500.0,28500.0
5000001636,20240621,1,880,1,,3,12000.0,720.0,35280.0
5000002060,20240621,1,1190,1,,3,12000.0,720.0,35280.0
5000002265,20240621,1,10,2,4.0,2,12000.0,0.0,24000.0
5000002266,20240621,1,10,2,4.0,3,12000.0,1800.0,34200.0
5000003077,20240621,1,424,1,,3,12600.0,0.0,37800.0
5000003294,20240621,1,921,1,,2,12000.0,0.0,24000.0
5000003393,20240621,1,1057,1,,3,12600.0,3780.0,34020.0
5000006232,20240621,1,837,1,,3,12600.0,756.0,37044.0
5000006638,20240621,1,362,2,2.0,1,12000.0,600.0,11400.0
5000007883,20240621,1,941,2,1.0,1,12000.0,600.0,11400.0
5000007884,20240621,1,941,2,1.0,1,12000.0,1200.0,10800.0
5000008436,20240621,1,1359,1,,1,13200.0,264.0,12936.0
5000010772,20240621,1,14,1,,3,12600.0,3780.0,34020.0
5000010825,20240621,1,1499,1,,2,12000.0,480.0,23520.0
5000011426,20240621,1,1224,1,,2,12000.0,1200.0,22800.0
5000011427,20240621,2,1224,1,,3,15000.0,0.0,45000.0
5000012326,20240621,2,1270,2,2.0,2,13500.0,1350.0,25650.0
5000015108,20240621,1,295,2,3.0,3,12000.0,1800.0,34200.0
5000015166,20240621,2,1085,1,,1,15000.0,0.0,15000.0
5000015167,20240621,2,1085,1,,3,15000.0,900.0,44100.0
5000015168,20240621,2,1085,1,,2,13500.0,1350.0,25650.0
5000016012,20240621,2,650,1,,3,15750.0,2362.5,44887.5
5000016013,20240621,1,650,1,,3,13200.0,1980.0,37620.0
5000002760,20240622,1,944,2,4.0,3,13200.0,3960.0,35640.0
5000002761,20240622,2,944,2,4.0,3,13500.0,2025.0,38475.0
5000005243,20240622,1,41,2,2.0,3,10800.0,1620.0,30780.0
5000007031,20240622,2,179,1,,3,15000.0,900.0,44100.0
5000007154,20240622,2,1076,2,1.0,2,15000.0,600.0,29400.0
5000008274,20240622,1,1019,2,2.0,3,10800.0,3240.0,29160.0
5000009006,20240622,1,1347,1,,2,12600.0,0.0,25200.0
5000009618,20240622,1,1030,1,,1,12000.0,600.0,11400.0
5000010118,20240622,2,148,1,,3,15000.0,4500.0,40500.0
5000010425,20240622,2,194,1,,2,13500.0,0.0,27000.0
5000012451,20240622,2,1137,1,,3,13500.0,2025.0,38475.0
5000013686,20240622,1,1317,1,,2,12600.0,0.0,25200.0
5000014024,20240622,2,892,1,,2,13500.0,2700.0,24300.0
5000014025,20240622,2,892,1,,3,15000.0,2250.0,42750.0
5000014083,20240622,2,1489,1,,1,15750.0,1575.0,14175.0
5000015467,20240622,1,508,1,,2,12000.0,480.0,23520.0
5000015622,20240622,1,548,1,,3,12000.0,720.0,35280.0
5000015715,20240622,1,856,2,2.0,1,12000.0,240.0,11760.0
5000002257,20240623,1,333,2,4.0,2,12000.0,480.0,23520.0
5000003284,20240623,2,826,2,1.0,3,15750.0,2362.5,44887.5
5000003673,20240623,1,1181,1,,1,12600.0,0.0,12600.0
5000003676,20240623,2,1491,1,,1,15000.0,750.0,14250.0
5000003677,20240623,1,1491,1,,2,10800.0,2160.0,19440.0
5000003678,20240623,1,1491,1,,1,12000.0,240.0,11760.0
5000004245,20240623,2,912,1,,3,15000.0,4500.0,40500.0
5000004246,20240623,1,912,1,,1,10800.0,540.0,10260.0
5000004884,20240623,2,313,1,,1,15750.0,0.0,15750.0
5000006756,20240623,1,811,1,,1,12000.0,0.0,12000.0
5000006757,20240623,1,811,1,,1,12000.0,600.0,11400.0
5000007271,20240623,2,75,2,3.0,3,15000.0,2250.0,42750.0
5000008565,20240623,1,1037,1,,2,10800.0,2160.0,19440.0
5000008762,20240623,1,801,2,3.0,2,10800.0,0.0,21600.0
5000009111,20240623,1,322,1,,3,13200.0,1980.0,37620.0
5000009256,20240623,2,916,1,,2,13500.0,1350.0,25650.0
5000009873,20240623,1,377,2,1.0,3,13200.0,3960.0,35640.0
5000011330,20240623,1,159,1,,3,12000.0,1800.0,34200.0
5000011331,20240623,2,159,1,,1,16500.0,0.0,16500.0
5000011379,20240623,2,331,2,1.0,2,15000.0,1500.0,28500.0
5000013363,20240623,1,1266,1,,1,10800.0,1080.0,9720.0
5000013607,20240623,2,1468,2,2.0,2,13500.0,2700.0,24300.0
5000013608,20240623,2,1468,2,2.0,1,15000.0,1500.0,13500.0
5000014409,20240623,2,282,1,,3,15000.0,900.0,44100.0
5000014410,20240623,1,282,1,,3,12000.0,1800.0,34200.0
5000014411,20240623,1,282,1,,2,12000.0,1200.0,22800.0
5000014835,20240623,2,6,2,3.0,1,15000.0,0.0,15000.0
5000015778,20240623,2,1252,1,,1,13500.0,675.0,12825.0
5000015779,20240623,1,1252,1,,3,10800.0,0.0,32400.0
5000000735,20240624,1,999,2,3.0,3,12000.0,0.0,36000.0
5000001102,20240624,1,685,1,,1,10800.0,216.0,10584.0
5000001103,20240624,1,685,1,,2,12000.0,480.0,23520.0
5000001104,20240624,1,685,1,,3,12000.0,720.0,35280.0
5000002233,20240624,2,1467,2,3.0,1,16500.0,0.0,16500.0
5000002263,20240624,2,982,2,3.0,3,15000.0,4500.0,40500.0
5000003337,20240624,1,260,1,,3,13200.0,0.0,39600.0
5000003428,20240624,1,395,1,,2,12000.0,0.0,24000.0
5000003669,20240624,2,369,1,,3,16500.0,4950.0,44550.0
5000003670,20240624,1,369,1,,3,12600.0,756.0,37044.0
5000004850,20240624,1,496,1,,2,12000.0,1200.0,22800.0
5000006124,20240624,1,315,1,,3,10800.0,0.0,32400.0
5000006995,20240624,2,1339,1,,1,15000.0,0.0,15000.0
5000007248,20240624,2,694,1,,3,15750.0,945.0,46305.0
5000008130,20240624,1,55,2,1.0,3,12000.0,3600.0,32400.0
5000009032,20240624,1,1321,1,,2,13200.0,1320.0,25080.0
5000010306,20240624,1,1477,2,1.0,3,12000.0,720.0,35280.0
5000010667,20240624,2,179,1,,3,15000.0,4500.0,40500.0
5000010854,20240624,1,475,1,,2,12000.0,2400.0,21600.0
5000010855,20240624,1,488,1,,2,12000.0,0.0,24000.0
5000012118,20240624,1,296,2,1.0,1,13200.0,660.0,12540.0
5000013027,20240624,2,1296,2,2.0,2,15000.0,1500.0,28500.0
5000013040,20240624,1,839,1,,1,10800.0,216.0,10584.0
5000014210,20240624,2,1102,1,,1,16500.0,825.0,15675.0
5000014676,20240624,1,128,1,,1,12000.0,0.0,12000.0
5000014677,20240624,2,128,1,,1,13500.0,1350.0,12150.0
5000001736,20240625,2,500,1,,2,15000.0,1500.0,28500.0
5000002569,20240625,2,782,2,2.0,1,15750.0,787.5,14962.5
5000005016,20240625,2,77,1,,2,16500.0,0.0,33000.0
5000005017,20240625,1,77,1,,3,12000.0,1800.0,34200.0
5000005018,20240625,1,77,1,,1,12000.0,1200.0,10800.0
5000005964,20240625,1,1450,2,4.0,1,12000.0,0.0,12000.0
5000006641,20240625,2,20,1,,2,13500.0,1350.0,25650.0
5000006642,20240625,2,20,1,,3,15000.0,900.0,44100.0
5000007353,20240625,2,990,1,,2,15000.0,3000.0,27000.0
5000007354,20240625,2,990,1,,1,15000.0,1500.0,13500.0
5000007875,20240625,1,9,2,3.0,1,12600.0,0.0,12600.0
5000007876,20240625,2,9,2,3.0,1,15000.0,300.0,14700.0
5000007877,20240625,2,9,2,3.0,3,15000.0,900.0,44100.0
5000009386,20240625,1,1076,2,3.0,3,13200.0,3960.0,35640.0
5000009387,20240625,1,1076,2,3.0,1,12000.0,600.0,11400.0
5000010043,20240625,1,971,1,,2,12000.0,0.0,24000.0
5000010044,20240625,1,971,1,,2,12000.0,0.0,24000.0
5000010281,20240625,2,753,1,,1,16500.0,330.0,16170.0
5000010282,20240625,1,753,1,,3,12000.0,3600.0,32400.0
5000010546,20240625,2,1169,1,,2,15000.0,3000.0,27000.0
5000010660,20240625,1,176,1,,2,13200.0,0.0,26400.0
5000010661,20240625,2,176,1,,2,13500.0,0.0,27000.0
5000011684,20240625,1,284,1,,3,12000.0,0.0,36000.0
5000012450,20240625,2,828,1,,3,15000.0,900.0,44100.0
5000013112,20240625,1,978,2,1.0,2,12600.0,504.0,24696.0
5000013200,20240625,1,1384,1,,1,12600.0,630.0,11970.0
5000014154,20240625,2,354,1,,2,16500.0,1650.0,31350.0
5000014543,20240625,1,4,1,,1,12000.0,240.0,11760.0
5000014780,20240625,2,441,1,,1,13500.0,675.0,12825.0
5000015191,20240625,2,538,1,,2,15000.0,3000.0,27000.0
5000000937,20240626,2,1242,1,,3,15750.0,2362.5,44887.5
5000001098,20240626,1,1475,2,3.0,1,12000.0,1200.0,10800.0
5000001361,20240626,1,183,1,,3,12600.0,756.0,37044.0
5000001362,20240626,2,183,1,,1,15000.0,1500.0,13500.0
5000001418,20240626,2,66,1,,1,15750.0,0.0,15750.0
5000001419,20240626,2,66,1,,1,15000.0,300.0,14700.0
5000002686,20240626,1,477,2,1.0,1,13200.0,264.0,12936.0
5000004068,20240626,1,817,2,3.0,3,10800.0,648.0,31752.0
5000005030,20240626,1,739,1,,1,13200.0,0.0,13200.0
5000005031,20240626,2,739,1,,3,15000.0,2250.0,42750.0
5000006435,20240626,1,1206,1,,2,13200.0,0.0,26400.0
5000008244,20240626,1,820,2,4.0,3,10800.0,648.0,31752.0
5000008245,20240626,1,820,2,4.0,3,12000.0,3600.0,32400.0
5000008972,20240626,2,942,2,3.0,3,15000.0,4500.0,40500.0
5000009254,20240626,1,231,1,,3,12000.0,3600.0,32400.0
5000010016,20240626,2,373,2,4.0,2,15000.0,600.0,29400.0
5000010017,20240626,2,373,2,4.0,1,15000.0,1500.0,13500.0
5000010039,20240626,1,1011,1,,3,12000.0,1800.0,34200.0
5000010657,20240626,2,520,1,,1,15750.0,1575.0,14175.0
5000012564,20240626,1,304,2,4.0,1,12600.0,1260.0,11340.0
5000012565,20240626,1,304,2,4.0,3,12000.0,720.0,35280.0
5000013154,20240626,2,1231,1,,1,15000.0,0.0,15000.0
5000013155,20240626,2,1231,1,,2,15000.0,0.0,30000.0
5000013572,20240626,2,313,1,,2,15000.0,1500.0,28500.0
5000013573,20240626,1,313,1,,2,13200.0,2640.0,23760.0
5000014460,20240626,2,463,1,,3,15000.0,0.0,45000.0
5000015963,20240626,1,51,2,2.0,1,12000.0,1200.0,10800.0
5000000558,20240627,2,1415,1,,2,15000.0,3000.0,27000.0
5000000559,20240627,1,1415,1,,1,12000.0,600.0,11400.0
5000000646,20240627,2,481,1,,3,15000.0,2250.0,42750.0
5000001751,20240627,1,326,1,,1,10800.0,1080.0,9720.0
5000002810,20240627,2,353,1,,2,16500.0,1650.0,31350.0
5000005487,20240627,1,1249,2,2.0,3,12000.0,3600.0,32400.0
5000006406,20240627,2,635,2,1.0,3,15000.0,900.0,44100.0
5000007067,20240627,2,741,1,,1,15000.0,300.0,14700.0
5000009665,20240627,1,552,2,4.0,2,12000.0,2400.0,21600.0
5000011314,20240627,1,488,2,4.0,1,12000.0,600.0,11400.0
5000011315,20240627,2,488,2,4.0,1,15000.0,0.0,15000.0
5000012668,20240627,2,85,1,,2,15000.0,0.0,30000.0
5000000398,20240628,2,240,2,2.0,1,15000.0,0.0,15000.0
5000001637,20240628,2,1116,1,,2,15750.0,0.0,31500.0
5000003084,20240628,1,1427,1,,3,12000.0,3600.0,32400.0
5000003279,20240628,2,996,2,2.0,3,15000.0,4500.0,40500.0
5000003500,20240628,2,1143,2,2.0,3,13500.0,0.0,40500.0
5000003501,20240628,2,1143,2,2.0,1,15000.0,1500.0,13500.0
5000004464,20240628,2,608,1,,3,15000.0,900.0,44100.0
5000004806,20240628,1,199,1,,3,10800.0,648.0,31752.0
5000004807,20240628,1,199,1,,2,12000.0,480.0,23520.0
5000005932,20240628,2,41,2,4.0,1,15750.0,315.0,15435.0
5000006317,20240628,2,23,2,1.0,2,15000.0,3000.0,27000.0
5000006318,20240628,1,23,2,1.0,3,12000.0,3600.0,32400.0
5000006319,20240628,1,23,2,1.0,3,10800.0,648.0,31752.0
5000006780,20240628,1,262,1,,2,12000.0,1200.0,22800.0
5000007087,20240628,1,713,1,,2,12000.0,2400.0,21600.0
5000008222,20240628,1,347,2,3.0,1,12600.0,0.0,12600.0
5000008223,20240628,2,347,2,3.0,2,16500.0,1650.0,31350.0
5000008543,20240628,2,453,2,4.0,2,15000.0,0.0,30000.0
5000009459,20240628,1,419,1,,2,12000.0,2400.0,21600.0
5000010275,20240628,2,883,2,2.0,3,13500.0,2025.0,38475.0
5000010276,20240628,1,883,2,2.0,3,12000.0,0.0,36000.0
5000010761,20240628,2,1315,1,,1,15750.0,1575.0,14175.0
5000011280,20240628,2,647,1,,3,15000.0,0.0,45000.0
5000011281,20240628,1,647,1,,1,12000.0,0.0,12000.0
5000011355,20240628,1,1449,2,1.0,2,12000.0,480.0,23520.0
5000011698,20240628,2,849,2,2.0,3,16500.0,4950.0,44550.0
5000011727,20240628,2,818,1,,3,15000.0,900.0,44100.0
5000011904,20240628,1,13,2,1.0,2,12000.0,2400.0,21600.0
5000011982,20240628,1,611,1,,3,10800.0,648.0,31752.0
5000011983,20240628,2,611,1,,3,15000.0,4500.0,40500.0
5000013948,20240628,2,296,2,4.0,3,16500.0,2475.0,47025.0
5000014168,20240628,1,669,1,,2,12000.0,1200.0,22800.0
5000014182,20240628,2,1169,2,4.0,1,15000.0,300.0,14700.0
5000014373,20240628,1,1437,1,,3,12000.0,1800.0,34200.0
5000015808,20240628,2,1279,2,1.0,3,15000.0,2250.0,42750.0
5000016142,20240628,1,943,1,,3,10800.0,3240.0,29160.0
5000016143,20240628,1,943,1,,1,12600.0,252.0,12348.0
5000016144,20240628,1,943,1,,1,12000.0,240.0,11760.0
5000000783,20240629,2,903,1,,3,15000.0,2250.0,42750.0
5000000784,20240629,2,903,1,,1,15750.0,787.5,14962.5
5000000941,20240629,1,1116,1,,3,12000.0,720.0,35280.0
5000000942,20240629,1,1116,1,,3,12000.0,3600.0,32400.0
5000000988,20240629,1,751,2,1.0,2,12000.0,0.0,24000.0
5000001773,20240629,2,213,1,,2,15750.0,0.0,31500.0
5000001774,20240629,1,213,1,,2,12000.0,1200.0,22800.0
5000002343,20240629,1,921,2,4.0,3,12600.0,1890.0,35910.0
5000002385,20240629,1,361,2,3.0,2,12600.0,0.0,25200.0
5000004158,20240629,1,574,2,1.0,1,12000.0,240.0,11760.0
5000009036,20240629,1,979,2,4.0,3,13200.0,0.0,39600.0
5000009037,20240629,2,979,2,4.0,2,15000.0,600.0,29400.0
5000010165,20240629,1,45,2,4.0,3,12000.0,720.0,35280.0
5000012127,20240629,2,1234,2,1.0,3,15000.0,0.0,45000.0
5000012128,20240629,1,1234,2,1.0,3,12600.0,756.0,37044.0
5000013468,20240629,1,1451,2,3.0,2,12000.0,0.0,24000.0
5000014384,20240629,1,743,2,4.0,2,10800.0,432.0,21168.0
5000015128,20240629,2,868,2,3.0,2,15000.0,3000.0,27000.0
5000003116,20240630,1,17,1,,2,13200.0,528.0,25872.0
5000003558,20240630,2,1312,1,,1,15000.0,750.0,14250.0
5000003984,20240630,2,294,1,,1,13500.0,675.0,12825.0
5000006416,20240630,2,160,2,3.0,1,15000.0,0.0,15000.0
5000007304,20240630,1,1090,1,,2,12000.0,0.0,24000.0
5000007305,20240630,2,1090,1,,3,15000.0,2250.0,42750.0
5000007366,20240630,2,665,2,1.0,1,15750.0,315.0,15435.0
5000008706,20240630,1,508,1,,3,12000.0,3600.0,32400.0
5000008707,20240630,1,508,1,,3,10800.0,0.0,32400.0
5000008778,20240630,1,1133,1,,3,12000.0,0.0,36000.0
5000010491,20240630,1,475,1,,1,12600.0,252.0,12348.0
5000010492,20240630,1,475,1,,2,12000.0,0.0,24000.0
5000011057,20240630,1,1339,2,1.0,1,12600.0,252.0,12348.0
5000011407,20240630,1,1247,1,,2,12000.0,2400.0,21600.0
5000011408,20240630,1,1247,1,,3,12000.0,1800.0,34200.0
5000011503,20240630,1,1129,1,,1,10800.0,0.0,10800.0
5000011504,20240630,2,1129,1,,1,15000.0,0.0,15000.0
5000013002,20240630,1,578,1,,2,10800.0,0.0,21600.0
5000013082,20240630,1,404,2,2.0,2,12000.0,480.0,23520.0
5000013356,20240630,1,725,1,,3,10800.0,3240.0,29160.0
5000013418,20240630,1,413,1,,1,12000.0,240.0,11760.0
5000013491,20240630,1,164,1,,1,12600.0,1260.0,11340.0
5000015244,20240630,1,394,2,1.0,2,12000.0,480.0,23520.0
5000000086,20240701,1,958,1,,3,12000.0,1800.0,34200.0
5000000087,20240701,2,958,1,,2,15000.0,0.0,30000.0
5000000161,20240701,1,1091,1,,3,13200.0,0.0,39600.0
5000000212,20240701,2,110,2,1.0,3,15750.0,4725.0,42525.0
5000001235,20240701,2,1414,1,,1,15000.0,1500.0,13500.0
5000001653,20240701,1,1207,1,,3,12000.0,1800.0,34200.0
5000001975,20240701,2,311,2,4.0,1,15000.0,750.0,14250.0
5000002621,20240701,1,1469,1,,1,12000.0,240.0,11760.0
5000003217,20240701,1,583,1,,3,10800.0,648.0,31752.0
5000003218,20240701,1,583,1,,3,12000.0,1800.0,34200.0
5000003734,20240701,1,638,1,,1,10800.0,0.0,10800.0
5000003735,20240701,1,638,1,,1,12600.0,1260.0,11340.0
5000003736,20240701,2,638,1,,1,15750.0,315.0,15435.0
5000004425,20240701,2,1483,2,4.0,3,13500.0,4050.0,36450.0
5000005880,20240701,2,335,2,3.0,2,15000.0,3000.0,27000.0
5000006094,20240701,2,1015,2,2.0,3,15000.0,4500.0,40500.0
5000006095,20240701,1,1015,2,2.0,2,12000.0,1200.0,22800.0
5000006374,20240701,1,850,1,,2,12000.0,1200.0,22800.0
5000007719,20240701,1,147,2,4.0,1,12600.0,630.0,11970.0
5000007744,20240701,2,98,1,,1,15750.0,0.0,15750.0
5000008277,20240701,1,281,1,,2,12000.0,2400.0,21600.0
5000008573,20240701,2,340,1,,2,15000.0,0.0,30000.0
5000008574,20240701,1,340,1,,1,13200.0,660.0,12540.0
5000013497,20240701,2,995,2,4.0,2,15750.0,630.0,30870.0
5000013645,20240701,2,878,2,4.0,3,16500.0,0.0,49500.0
5000014309,20240701,1,529,2,4.0,1,12000.0,0.0,12000.0
5000014605,20240701,2,541,1,,2,15750.0,3150.0,28350.0
5000014606,20240701,2,541,1,,2,13500.0,0.0,27000.0
5000014887,20240701,1,1405,1,,1,12000.0,240.0,11760.0
5000014946,20240701,1,1127,2,1.0,2,12000.0,480.0,23520.0
5000015744,20240701,2,719,1,,2,13500.0,2700.0,24300.0
5000000837,20240702,1,165,2,4.0,3,13200.0,792.0,38808.0
5000001292,20240702,1,917,2,1.0,1,12600.0,1260.0,11340.0
5000002059,20240702,1,91,1,,3,12000.0,3600.0,32400.0
5000002153,20240702,2,852,1,,3,15000.0,900.0,44100.0
5000003652,20240702,2,511,2,1.0,3,13500.0,4050.0,36450.0
5000003875,20240702,1,54,1,,2,10800.0,432.0,21168.0
5000003876,20240702,1,54,1,,3,12600.0,3780.0,34020.0
5000005304,20240702,2,1149,1,,1,15000.0,0.0,15000.0
5000006169,20240702,2,555,1,,3,15000.0,2250.0,42750.0
5000007123,20240702,1,212,1,,2,12000.0,0.0,24000.0
5000007124,20240702,1,212,1,,2,12000.0,1200.0,22800.0
5000007418,20240702,2,365,1,,1,15750.0,0.0,15750.0
5000007433,20240702,2,1324,2,4.0,2,15750.0,1575.0,29925.0
5000007434,20240702,2,1324,2,4.0,1,15000.0,300.0,14700.0
5000008174,20240702,1,658,1,,3,12000.0,720.0,35280.0
5000008948,20240702,1,419,2,4.0,2,12000.0,0.0,24000.0
5000011686,20240702,1,689,1,,3,12600.0,756.0,37044.0
5000011881,20240702,1,1005,1,,2,12000.0,480.0,23520.0
5000012210,20240702,1,488,1,,1,12000.0,0.0,12000.0
5000012496,20240702,1,1464,2,3.0,2,12000.0,480.0,23520.0
5000012497,20240702,1,1464,2,3.0,2,12000.0,480.0,23520.0
5000013459,20240702,1,295,2,3.0,3,13200.0,792.0,38808.0
5000002801,20240703,1,5,1,,1,12000.0,240.0,11760.0
5000002805,20240703,1,1062,1,,1,10800.0,216.0,10584.0
5000002826,20240703,1,663,1,,2,12000.0,480.0,23520.0
5000002827,20240703,1,663,1,,1,12600.0,252.0,12348.0
5000002849,20240703,1,747,1,,1,13200.0,264.0,12936.0
5000003779,20240703,1,276,1,,2,12000.0,0.0,24000.0
5000003780,20240703,2,276,1,,1,15000.0,300.0,14700.0
5000005971,20240703,2,1024,2,4.0,1,15000.0,750.0,14250.0
5000007003,20240703,1,77,1,,3,12000.0,3600.0,32400.0
5000008194,20240703,2,1120,1,,2,15000.0,0.0,30000.0
5000008195,20240703,1,1120,1,,1,13200.0,1320.0,11880.0
5000008227,20240703,2,726,1,,3,15000.0,900.0,44100.0
5000008272,20240703,2,516,1,,1,15000.0,750.0,14250.0
5000008530,20240703,1,336,1,,2,10800.0,432.0,21168.0
5000009745,20240703,2,1353,1,,1,13500.0,1350.0,12150.0
5000012556,20240703,1,1302,1,,1,12000.0,240.0,11760.0
5000012557,20240703,2,1302,1,,1,15000.0,0.0,15000.0
5000012558,20240703,1,1302,1,,3,12000.0,3600.0,32400.0
5000013897,20240703,1,187,1,,3,12000.0,0.0,36000.0
5000013898,20240703,1,187,1,,2,12000.0,0.0,24000.0
5000014782,20240703,1,1095,2,2.0,1,12000.0,0.0,12000.0
5000000294,20240704,1,176,1,,1,10800.0,540.0,10260.0
5000000295,20240704,1,176,1,,2,12000.0,2400.0,21600.0
5000000960,20240704,1,121,1,,3,12000.0,3600.0,32400.0
5000001597,20240704,2,215,1,,3,13500.0,0.0,40500.0
5000002019,20240704,1,884,1,,2,12000.0,2400.0,21600.0
5000002333,20240704,1,147,2,4.0,3,12000.0,0.0,36000.0
5000002946,20240704,1,502,2,1.0,1,12000.0,0.0,12000.0
5000003585,20240704,1,394,2,3.0,1,12000.0,1200.0,10800.0
5000003601,20240704,1,1147,1,,2,12000.0,480.0,23520.0
5000003602,20240704,1,1147,1,,2,13200.0,0.0,26400.0
5000004118,20240704,1,584,1,,2,12000.0,480.0,23520.0
5000004119,20240704,1,584,1,,2,12000.0,0.0,24000.0
5000005249,20240704,2,806,1,,2,16500.0,1650.0,31350.0
5000005379,20240704,1,501,1,,1,12000.0,600.0,11400.0
5000005380,20240704,2,501,1,,1,13500.0,1350.0,12150.0
5000007072,20240704,2,1440,2,3.0,2,15000.0,600.0,29400.0
5000008309,20240704,2,585,1,,1,16500.0,1650.0,14850.0
5000008366,20240704,2,1307,1,,2,13500.0,0.0,27000.0
5000008367,20240704,1,1307,1,,3,10800.0,0.0,32400.0
5000008368,20240704,1,1307,1,,1,12000.0,1200.0,10800.0
5000008544,20240704,2,995,1,,3,16500.0,990.0,48510.0
5000010256,20240704,2,1136,2,2.0,1,13500.0,1350.0,12150.0
5000010257,20240704,1,1136,2,2.0,2,13200.0,2640.0,23760.0
5000010442,20240704,1,370,1,,2,12000.0,1200.0,22800.0
5000010559,20240704,1,232,1,,2,12000.0,0.0,24000.0
5000010714,20240704,1,1098,2,2.0,3,12000.0,720.0,35280.0
5000010715,20240704,1,1098,2,2.0,1,12000.0,240.0,11760.0
5000011123,20240704,1,1062,1,,2,13200.0,0.0,26400.0
5000011124,20240704,2,1062,1,,1,15000.0,300.0,14700.0
5000011501,20240704,1,1074,1,,2,12000.0,2400.0,21600.0
5000011871,20240704,1,604,1,,3,12000.0,1800.0,34200.0
5000011872,20240704,2,604,1,,1,15000.0,0.0,15000.0
5000012883,20240704,2,216,1,,3,15000.0,4500.0,40500.0
5000013966,20240704,1,650,2,4.0,2,12000.0,480.0,23520.0
5000001555,20240705,1,802,1,,2,12600.0,0.0,25200.0
5000001556,20240705,2,802,1,,3,15000.0,0.0,45000.0
5000002159,20240705,1,715,2,2.0,2,12000.0,1200.0,22800.0
5000002532,20240705,2,562,2,3.0,3,15000.0,0.0,45000.0
5000003291,20240705,1,1479,1,,1,12000.0,0.0,12000.0
5000004444,20240705,2,1102,1,,2,15000.0,3000.0,27000.0
5000005121,20240705,1,1270,1,,3,12000.0,1800.0,34200.0
5000005214,20240705,2,1275,2,1.0,2,16500.0,1650.0,31350.0
5000005539,20240705,2,1487,1,,1,13500.0,675.0,12825.0
5000005540,20240705,1,1487,1,,1,10800.0,216.0,10584.0
5000005940,20240705,1,423,1,,2,13200.0,0.0,26400.0
5000007058,20240705,2,1409,2,2.0,3,15000.0,0.0,45000.0
5000007513,20240705,2,905,1,,3,15000.0,900.0,44100.0
5000007514,20240705,1,905,1,,2,12000.0,2400.0,21600.0
5000009462,20240705,1,399,1,,1,12000.0,0.0,12000.0
5000009658,20240705,1,1062,2,4.0,2,12000.0,0.0,24000.0
5000009700,20240705,1,1265,1,,3,12000.0,720.0,35280.0
5000009789,20240705,2,678,2,1.0,3,13500.0,4050.0,36450.0
5000010942,20240705,1,951,2,3.0,3,12000.0,720.0,35280.0
5000012516,20240705,2,165,2,2.0,1,13500.0,270.0,13230.0
5000012576,20240705,2,375,2,1.0,3,15000.0,900.0,44100.0
5000012577,20240705,2,375,2,1.0,3,13500.0,810.0,39690.0
5000012992,20240705,2,558,2,4.0,2,15000.0,0.0,30000.0
5000014053,20240705,2,534,2,4.0,3,13500.0,4050.0,36450.0
5000014054,20240705,1,534,2,4.0,3,12000.0,1800.0,34200.0
5000015117,20240705,1,735,2,1.0,3,10800.0,1620.0,30780.0
5000015118,20240705,2,735,2,1.0,1,15000.0,0.0,15000.0
5000015119,20240705,2,735,2,1.0,3,15000.0,900.0,44100.0
5000015929,20240705,2,820,1,,3,13500.0,4050.0,36450.0
5000015930,20240705,1,820,1,,2,12600.0,1260.0,23940.0
5000016000,20240705,1,1336,1,,3,12000.0,1800.0,34200.0
5000000570,20240706,2,464,1,,1,13500.0,1350.0,12150.0
5000000571,20240706,1,464,1,,2,12000.0,480.0,23520.0
5000001726,20240706,2,945,2,1.0,2,15000.0,600.0,29400.0
5000002616,20240706,2,451,2,3.0,3,15750.0,0.0,47250.0
5000003384,20240706,2,441,1,,3,15000.0,4500.0,40500.0
5000003636,20240706,2,85,1,,3,15000.0,2250.0,42750.0
5000003637,20240706,1,85,1,,3,12600.0,0.0,37800.0
5000003988,20240706,1,559,1,,3,12000.0,720.0,35280.0
5000004228,20240706,2,142,1,,3,16500.0,990.0,48510.0
5000004229,20240706,2,142,1,,3,15000.0,0.0,45000.0
5000004330,20240706,1,69,2,1.0,3,12000.0,1800.0,34200.0
5000005762,20240706,2,1395,2,2.0,2,13500.0,1350.0,25650.0
5000006997,20240706,2,408,2,3.0,3,13500.0,810.0,39690.0
5000007152,20240706,2,101,1,,2,15000.0,600.0,29400.0
5000007200,20240706,1,1160,1,,1,12000.0,1200.0,10800.0
5000007285,20240706,2,236,1,,3,15750.0,945.0,46305.0
5000007401,20240706,2,229,1,,2,15000.0,3000.0,27000.0
5000007402,20240706,1,229,1,,3,12600.0,3780.0,34020.0
5000008869,20240706,2,445,1,,1,13500.0,0.0,13500.0
5000008870,20240706,1,445,1,,2,12000.0,1200.0,22800.0
5000009787,20240706,2,1019,1,,2,15750.0,0.0,31500.0
5000010914,20240706,2,459,2,1.0,1,15000.0,1500.0,13500.0
5000013208,20240706,2,893,1,,2,15000.0,0.0,30000.0
5000013410,20240706,1,1048,1,,1,12000.0,0.0,12000.0
5000013411,20240706,2,1048,1,,1,16500.0,1650.0,14850.0
5000013412,20240706,1,1048,1,,3,12600.0,756.0,37044.0
5000013514,20240706,1,1204,2,4.0,1,12000.0,1200.0,10800.0
5000014187,20240706,2,907,2,3.0,2,15000.0,0.0,30000.0
5000014199,20240706,2,1280,1,,3,15000.0,2250.0,42750.0
5000014663,20240706,2,1404,2,2.0,2,13500.0,540.0,26460.0
5000015966,20240706,2,247,2,3.0,1,15000.0,300.0,14700.0
5000001366,20240707,1,1404,1,,2,12000.0,480.0,23520.0
5000001415,20240707,2,1379,1,,2,15000.0,600.0,29400.0
5000001457,20240707,1,604,1,,1,10800.0,216.0,10584.0
5000001860,20240707,1,1374,2,2.0,3,12000.0,720.0,35280.0
5000001861,20240707,2,1374,2,2.0,3,15750.0,4725.0,42525.0
5000001862,20240707,2,1374,2,2.0,2,15750.0,0.0,31500.0
5000002379,20240707,2,1117,1,,2,15000.0,3000.0,27000.0
5000002476,20240707,2,274,1,,1,15750.0,787.5,14962.5
5000002702,20240707,2,202,1,,1,15000.0,300.0,14700.0
5000002703,20240707,1,202,1,,2,10800.0,432.0,21168.0
5000002704,20240707,1,202,1,,3,13200.0,1980.0,37620.0
5000004565,20240707,2,1370,2,2.0,3,15000.0,4500.0,40500.0
5000007379,20240707,2,693,2,2.0,3,15000.0,4500.0,40500.0
5000007462,20240707,2,1479,2,2.0,3,13500.0,810.0,39690.0
5000008681,20240707,1,329,1,,1,12600.0,630.0,11970.0
5000008899,20240707,1,589,1,,3,12000.0,1800.0,34200.0
5000009963,20240707,1,789,1,,3,12000.0,0.0,36000.0
5000010158,20240707,2,1046,2,4.0,3,16500.0,2475.0,47025.0
5000011263,20240707,1,1229,1,,1,13200.0,0.0,13200.0
5000011332,20240707,2,385,1,,3,15000.0,2250.0,42750.0
5000011333,20240707,2,385,1,,3,16500.0,2475.0,47025.0
5000011735,20240707,1,986,2,3.0,3,12600.0,3780.0,34020.0
5000011736,20240707,1,986,2,3.0,2,13200.0,1320.0,25080.0
5000011854,20240707,2,1038,2,4.0,1,15000.0,1500.0,13500.0
5000012063,20240707,2,923,1,,3,16500.0,4950.0,44550.0
5000000232,20240708,1,251,1,,1,12000.0,1200.0,10800.0
5000001809,20240708,1,279,2,4.0,1,12000.0,1200.0,10800.0
5000001810,20240708,1,279,2,4.0,1,10800.0,216.0,10584.0
5000001907,20240708,1,491,1,,1,12600.0,0.0,12600.0
5000003594,20240708,2,55,2,1.0,3,16500.0,990.0,48510.0
5000009365,20240708,2,872,1,,3,15000.0,0.0,45000.0
5000009708,20240708,2,862,1,,2,16500.0,660.0,32340.0
5000009868,20240708,2,1189,2,3.0,3,15000.0,2250.0,42750.0
5000009869,20240708,2,1189,2,3.0,3,16500.0,990.0,48510.0
5000009870,20240708,1,1189,2,3.0,2,13200.0,2640.0,23760.0
5000010329,20240708,1,1356,1,,3,12000.0,1800.0,34200.0
5000012216,20240708,1,286,2,4.0,2,12600.0,1260.0,23940.0
5000012886,20240708,1,842,1,,1,10800.0,0.0,10800.0
5000012935,20240708,2,909,2,1.0,3,15750.0,2362.5,44887.5
5000012936,20240708,1,909,2,1.0,2,12000.0,2400.0,21600.0
5000012972,20240708,1,637,1,,3,12000.0,0.0,36000.0
5000013606,20240708,1,196,1,,3,12000.0,720.0,35280.0
5000013747,20240708,1,864,1,,2,10800.0,2160.0,19440.0
5000015289,20240708,1,737,1,,1,12000.0,1200.0,10800.0
5000015290,20240708,2,737,1,,1,15000.0,750.0,14250.0
5000015506,20240708,1,82,1,,2,10800.0,1080.0,20520.0
5000015961,20240708,1,357,2,3.0,2,12000.0,2400.0,21600.0
5000016076,20240708,2,476,1,,2,16500.0,1650.0,31350.0
5000000171,20240709,2,279,2,3.0,3,15000.0,4500.0,40500.0
5000000172,20240709,1,279,2,3.0,1,12000.0,1200.0,10800.0
5000000483,20240709,2,636,2,3.0,2,15000.0,600.0,29400.0
5000000567,20240709,1,189,1,,1,12000.0,240.0,11760.0
5000000833,20240709,1,136,2,3.0,3,12600.0,0.0,37800.0
5000000834,20240709,1,136,2,3.0,1,12600.0,1260.0,11340.0
5000000835,20240709,1,136,2,3.0,3,12000.0,1800.0,34200.0
5000001324,20240709,2,1207,2,4.0,1,15000.0,0.0,15000.0
5000001652,20240709,1,15,1,,2,12000.0,0.0,24000.0
5000001927,20240709,1,963,2,3.0,2,12000.0,480.0,23520.0
5000001928,20240709,2,963,2,3.0,3,13500.0,810.0,39690.0
5000001966,20240709,2,76,2,3.0,1,15000.0,300.0,14700.0
5000001967,20240709,2,76,2,3.0,2,15000.0,1500.0,28500.0
5000005104,20240709,1,1294,1,,3,12000.0,720.0,35280.0
5000005465,20240709,1,879,2,1.0,3,12000.0,0.0,36000.0
5000005869,20240709,1,1365,1,,2,12000.0,2400.0,21600.0
5000005870,20240709,2,1365,1,,3,15000.0,0.0,45000.0
5000006247,20240709,1,703,2,3.0,1,12600.0,252.0,12348.0
5000006393,20240709,2,1121,1,,2,15000.0,1500.0,28500.0
5000007110,20240709,2,1259,2,1.0,2,15000.0,3000.0,27000.0
5000007111,20240709,2,1259,2,1.0,1,15000.0,300.0,14700.0
5000009069,20240709,2,791,1,,3,15750.0,945.0,46305.0
5000010362,20240709,2,69,1,,2,15000.0,600.0,29400.0
5000010363,20240709,1,1449,1,,2,12000.0,1200.0,22800.0
5000010613,20240709,2,1091,1,,1,13500.0,1350.0,12150.0
5000011882,20240709,1,1274,1,,2,12600.0,1260.0,23940.0
5000011883,20240709,1,1274,1,,3,13200.0,1980.0,37620.0
5000012081,20240709,1,168,1,,3,12000.0,1800.0,34200.0
5000014149,20240709,2,895,2,1.0,1,15000.0,300.0,14700.0
5000014618,20240709,1,208,2,1.0,1,12000.0,600.0,11400.0
5000014767,20240709,1,1178,1,,2,12000.0,480.0,23520.0
5000015664,20240709,2,319,2,4.0,1,15750.0,315.0,15435.0
5000000569,20240710,1,790,1,,3,12000.0,0.0,36000.0
5000000911,20240710,1,567,2,2.0,2,10800.0,0.0,21600.0
5000000981,20240710,1,1295,1,,1,12000.0,1200.0,10800.0
5000001662,20240710,2,293,1,,1,15000.0,0.0,15000.0
5000001663,20240710,1,293,1,,3,10800.0,1620.0,30780.0
5000002697,20240710,1,196,1,,1,12000.0,600.0,11400.0
5000002906,20240710,2,998,2,2.0,3,15750.0,0.0,47250.0
5000003645,20240710,1,264,1,,2,12000.0,1200.0,22800.0
5000003646,20240710,1,264,1,,1,10800.0,216.0,10584.0
5000004489,20240710,1,323,1,,1,12000.0,240.0,11760.0
5000004490,20240710,1,323,1,,1,12000.0,1200.0,10800.0
5000004646,20240710,2,976,2,4.0,3,16500.0,990.0,48510.0
5000005178,20240710,1,78,2,1.0,1,12600.0,630.0,11970.0
5000005248,20240710,1,831,1,,2,12000.0,2400.0,21600.0
5000005719,20240710,2,1204,2,1.0,3,15000.0,2250.0,42750.0
5000005780,20240710,1,1441,1,,1,12000.0,600.0,11400.0
5000006584,20240710,2,1226,1,,1,15000.0,0.0,15000.0
5000007701,20240710,1,1079,2,2.0,2,12000.0,2400.0,21600.0
5000007702,20240710,1,1079,2,2.0,3,13200.0,792.0,38808.0
5000008841,20240710,2,1491,1,,2,15000.0,0.0,30000.0
5000008992,20240710,1,1222,1,,3,12000.0,1800.0,34200.0
5000011697,20240710,1,322,2,4.0,2,12000.0,480.0,23520.0
5000012191,20240710,2,21,1,,2,15000.0,600.0,29400.0
5000012199,20240710,2,785,2,1.0,3,15000.0,900.0,44100.0
5000012431,20240710,1,49,1,,3,12000.0,720.0,35280.0
5000014177,20240710,1,1232,2,3.0,2,12000.0,1200.0,22800.0
5000015999,20240710,2,530,2,2.0,3,15000.0,4500.0,40500.0
5000000384,20240711,2,500,1,,2,15000.0,600.0,29400.0
5000001194,20240711,2,1058,1,,3,16500.0,2475.0,47025.0
5000001195,20240711,1,1058,1,,2,12000.0,2400.0,21600.0
5000001463,20240711,2,774,2,2.0,3,13500.0,2025.0,38475.0
5000001723,20240711,2,1152,1,,3,15000.0,900.0,44100.0
5000001864,20240711,1,1226,1,,1,12000.0,600.0,11400.0
5000001897,20240711,1,1041,2,1.0,2,12000.0,0.0,24000.0
5000002375,20240711,1,1254,1,,1,10800.0,540.0,10260.0
5000002582,20240711,1,349,1,,3,12000.0,3600.0,32400.0
5000003331,20240711,2,508,1,,3,15750.0,0.0,47250.0
5000003398,20240711,2,1271,1,,1,13500.0,0.0,13500.0
5000003399,20240711,1,1271,1,,3,12600.0,3780.0,34020.0
5000003796,20240711,2,85,2,4.0,3,15750.0,0.0,47250.0
5000004305,20240711,2,1459,1,,2,15000.0,1500.0,28500.0
5000004642,20240711,1,1197,2,3.0,2,12000.0,1200.0,22800.0
5000004643,20240711,1,1197,2,3.0,1,12000.0,0.0,12000.0
5000004800,20240711,2,232,1,,3,15750.0,2362.5,44887.5
5000004878,20240711,2,542,1,,3,15750.0,945.0,46305.0
5000006029,20240711,2,1021,2,2.0,3,13500.0,0.0,40500.0
5000006030,20240711,2,1021,2,2.0,1,16500.0,825.0,15675.0
5000007106,20240711,1,1105,1,,3,12000.0,3600.0,32400.0
5000007107,20240711,1,1105,1,,2,13200.0,528.0,25872.0
5000007108,20240711,1,1105,1,,3,10800.0,0.0,32400.0
5000007655,20240711,1,574,1,,2,12000.0,0.0,24000.0
5000008125,20240711,1,1230,1,,2,12000.0,0.0,24000.0
5000008126,20240711,1,1230,1,,3,12000.0,3600.0,32400.0
5000009101,20240711,2,565,2,1.0,3,15000.0,0.0,45000.0
5000009102,20240711,1,565,2,1.0,1,12000.0,1200.0,10800.0
5000011966,20240711,2,418,2,1.0,1,15750.0,1575.0,14175.0
5000012469,20240711,1,819,1,,2,12600.0,504.0,24696.0
5000012542,20240711,1,1294,1,,1,12000.0,0.0,12000.0
5000001036,20240712,2,904,1,,3,13500.0,4050.0,36450.0
5000001037,20240712,2,904,1,,3,15000.0,0.0,45000.0
5000002089,20240712,1,1469,1,,3,12000.0,720.0,35280.0
5000002090,20240712,2,1469,1,,2,15750.0,0.0,31500.0
5000003718,20240712,2,877,2,4.0,3,15000.0,0.0,45000.0
5000003719,20240712,1,877,2,4.0,2,12000.0,1200.0,22800.0
5000005825,20240712,1,37,1,,3,12000.0,1800.0,34200.0
5000007440,20240712,1,1234,1,,1,12600.0,252.0,12348.0
5000007885,20240712,1,1467,1,,2,12000.0,2400.0,21600.0
5000010374,20240712,1,801,1,,2,12000.0,2400.0,21600.0
5000010411,20240712,2,216,1,,2,15000.0,600.0,29400.0
5000012924,20240712,1,436,1,,2,10800.0,1080.0,20520.0
5000012925,20240712,1,436,1,,2,12000.0,480.0,23520.0
5000012950,20240712,1,368,2,2.0,1,13200.0,264.0,12936.0
5000013019,20240712,1,252,1,,3,12000.0,3600.0,32400.0
5000013020,20240712,2,252,1,,2,15750.0,0.0,31500.0
5000013546,20240712,2,889,1,,2,15000.0,600.0,29400.0
5000013706,20240712,1,334,2,1.0,2,10800.0,432.0,21168.0
5000013774,20240712,2,376,1,,1,15000.0,750.0,14250.0
5000001087,20240713,1,1494,1,,2,10800.0,1080.0,20520.0
5000003042,20240713,1,102,2,3.0,2,10800.0,432.0,21168.0
5000004519,20240713,2,1308,2,3.0,1,15000.0,1500.0,13500.0
5000004634,20240713,1,1386,1,,2,12600.0,504.0,24696.0
5000005844,20240713,1,1234,1,,3,12000.0,720.0,35280.0
5000006223,20240713,1,1002,1,,2,12000.0,1200.0,22800.0
5000008323,20240713,1,1427,2,2.0,1,12000.0,600.0,11400.0
5000008806,20240713,2,543,2,3.0,1,15000.0,750.0,14250.0
5000008967,20240713,1,1228,2,2.0,2,12000.0,2400.0,21600.0
5000008968,20240713,2,1228,2,2.0,1,13500.0,675.0,12825.0
5000009886,20240713,2,1281,1,,2,15000.0,3000.0,27000.0
5000009887,20240713,2,1281,1,,2,15750.0,3150.0,28350.0
5000011796,20240713,2,891,2,1.0,1,15000.0,1500.0,13500.0
5000013588,20240713,1,1318,1,,2,12000.0,0.0,24000.0
5000014096,20240713,1,876,2,2.0,2,12600.0,0.0,25200.0
5000015038,20240713,2,937,2,2.0,2,15750.0,0.0,31500.0
5000015039,20240713,1,937,2,2.0,1,13200.0,264.0,12936.0
5000015040,20240713,1,937,2,2.0,2,10800.0,2160.0,19440.0
5000000030,20240714,2,1151,1,,1,13500.0,270.0,13230.0
5000000031,20240714,1,1151,1,,2,13200.0,2640.0,23760.0
5000000032,20240714,2,1151,1,,3,15000.0,0.0,45000.0
5000000218,20240714,1,389,1,,1,12600.0,252.0,12348.0
5000002176,20240714,2,585,2,4.0,2,15000.0,1500.0,28500.0
5000002969,20240714,1,320,1,,3,12000.0,1800.0,34200.0
5000002970,20240714,1,320,1,,3,12000.0,0.0,36000.0
5000002971,20240714,1,320,1,,3,12600.0,1890.0,35910.0
5000003141,20240714,1,1472,1,,2,10800.0,432.0,21168.0
5000003935,20240714,1,1256,1,,3,13200.0,1980.0,37620.0
5000005500,20240714,1,489,2,4.0,3,12600.0,1890.0,35910.0
5000005501,20240714,1,489,2,4.0,1,10800.0,216.0,10584.0
5000005502,20240714,2,489,2,4.0,1,15000.0,1500.0,13500.0
5000005862,20240714,2,1338,2,2.0,2,16500.0,3300.0,29700.0
5000006254,20240714,1,824,1,,3,12600.0,3780.0,34020.0
5000007765,20240714,2,1333,1,,3,13500.0,2025.0,38475.0
5000008980,20240714,1,445,2,4.0,3,12000.0,0.0,36000.0
5000009123,20240714,2,1296,1,,2,15750.0,0.0,31500.0
5000009124,20240714,1,1296,1,,1,12000.0,0.0,12000.0
5000009125,20240714,1,1296,1,,2,12000.0,0.0,24000.0
5000009236,20240714,2,642,1,,1,15000.0,0.0,15000.0
5000009834,20240714,1,1302,1,,2,12600.0,2520.0,22680.0
5000010398,20240714,2,686,1,,3,15000.0,0.0,45000.0
5000010479,20240714,2,900,1,,3,13500.0,0.0,40500.0
5000010721,20240714,1,27,1,,2,10800.0,432.0,21168.0
5000011112,20240714,2,1182,1,,2,15000.0,600.0,29400.0
5000012849,20240714,1,786,1,,1,12000.0,1200.0,10800.0
5000013456,20240714,1,624,1,,3,12000.0,1800.0,34200.0
5000013473,20240714,1,903,1,,1,12000.0,600.0,11400.0
5000002240,20240715,1,1147,2,3.0,1,12600.0,0.0,12600.0
5000003770,20240715,2,918,2,3.0,1,15000.0,750.0,14250.0
5000004137,20240715,1,1261,1,,1,12000.0,1200.0,10800.0
5000005491,20240715,1,488,1,,2,12000.0,1200.0,22800.0
5000006172,20240715,1,349,2,3.0,3,12000.0,1800.0,34200.0
5000006173,20240715,1,349,2,3.0,1,10800.0,216.0,10584.0
5000007060,20240715,2,941,1,,3,15000.0,4500.0,40500.0
5000007061,20240715,2,941,1,,2,15750.0,1575.0,29925.0
5000007453,20240715,2,233,2,4.0,3,15000.0,0.0,45000.0
5000007454,20240715,2,233,2,4.0,3,15000.0,900.0,44100.0
5000007998,20240715,1,849,1,,2,12000.0,2400.0,21600.0
5000008457,20240715,1,1491,2,2.0,3,13200.0,0.0,39600.0
5000008557,20240715,1,426,2,3.0,1,12000.0,240.0,11760.0
5000009851,20240715,2,772,2,1.0,2,16500.0,3300.0,29700.0
5000011385,20240715,1,843,2,2.0,3,10800.0,1620.0,30780.0
5000013270,20240715,2,1405,2,4.0,2,15000.0,600.0,29400.0
5000013285,20240715,1,22,1,,1,12000.0,1200.0,10800.0
5000013286,20240715,2,22,1,,1,15000.0,300.0,14700.0
5000014763,20240715,1,1088,1,,1,12000.0,1200.0,10800.0
5000014764,20240715,2,1088,1,,3,15000.0,2250.0,42750.0
5000014765,20240715,2,1088,1,,3,15000.0,900.0,44100.0
5000015714,20240715,2,1165,1,,1,15000.0,300.0,14700.0
5000000304,20240716,1,197,1,,3,10800.0,3240.0,29160.0
5000001532,20240716,1,244,1,,2,12000.0,2400.0,21600.0
5000001533,20240716,1,244,1,,3,10800.0,0.0,32400.0
5000001534,20240716,1,244,1,,3,12600.0,0.0,37800.0
5000001945,20240716,1,395,1,,2,12000.0,0.0,24000.0
5000001946,20240716,1,395,1,,1,12000.0,1200.0,10800.0
5000002503,20240716,1,649,1,,2,12600.0,0.0,25200.0
5000003129,20240716,2,375,1,,1,15000.0,300.0,14700.0
5000004160,20240716,2,413,1,,3,15000.0,2250.0,42750.0
5000004492,20240716,1,1469,1,,3,12600.0,0.0,37800.0
5000006321,20240716,2,1043,2,2.0,1,13500.0,1350.0,12150.0
5000006341,20240716,1,425,1,,3,12600.0,756.0,37044.0
5000006407,20240716,1,823,1,,1,12000.0,240.0,11760.0
5000006552,20240716,1,231,1,,2,10800.0,1080.0,20520.0
5000006692,20240716,1,1269,1,,3,13200.0,3960.0,35640.0
5000006693,20240716,2,1269,1,,3,15000.0,900.0,44100.0
5000006776,20240716,2,1123,2,1.0,1,15000.0,0.0,15000.0
5000007084,20240716,1,1273,1,,3,12000.0,3600.0,32400.0
5000007085,20240716,1,1273,1,,1,12000.0,600.0,11400.0
5000007086,20240716,1,1273,1,,3,12000.0,720.0,35280.0
5000007672,20240716,1,870,2,4.0,3,12000.0,720.0,35280.0
5000007897,20240716,2,182,2,1.0,3,15750.0,4725.0,42525.0
5000007898,20240716,2,182,2,1.0,3,15000.0,0.0,45000.0
5000010069,20240716,1,592,2,2.0,1,12600.0,1260.0,11340.0
5000010171,20240716,2,699,1,,2,13500.0,0.0,27000.0
5000012079,20240716,1,1378,2,2.0,1,12000.0,1200.0,10800.0
5000012080,20240716,1,1378,2,2.0,3,12000.0,0.0,36000.0
5000015044,20240716,1,890,2,4.0,1,13200.0,660.0,12540.0
5000000305,20240717,1,731,1,,3,12000.0,720.0,35280.0
5000001521,20240717,1,1071,2,3.0,3,12600.0,0.0,37800.0
5000003233,20240717,1,667,2,2.0,3,12000.0,720.0,35280.0
5000003516,20240717,2,859,1,,2,16500.0,1650.0,31350.0
5000003517,20240717,2,859,1,,1,15750.0,0.0,15750.0
5000004230,20240717,1,970,1,,2,12000.0,1200.0,22800.0
5000005955,20240717,2,1017,2,4.0,1,15000.0,750.0,14250.0
5000007326,20240717,1,1235,1,,3,12000.0,3600.0,32400.0
5000007347,20240717,1,372,2,2.0,2,12000.0,0.0,24000.0
5000007804,20240717,2,477,2,2.0,1,15000.0,300.0,14700.0
5000007805,20240717,1,477,2,2.0,3,12000.0,720.0,35280.0
5000007822,20240717,1,1222,1,,3,12000.0,720.0,35280.0
5000007823,20240717,1,1222,1,,2,12000.0,2400.0,21600.0
5000010429,20240717,2,189,2,1.0,2,15750.0,1575.0,29925.0
5000010430,20240717,1,189,2,1.0,1,12000.0,600.0,11400.0
5000010638,20240717,1,813,1,,3,10800.0,648.0,31752.0
5000011350,20240717,2,1244,1,,2,16500.0,660.0,32340.0
5000011351,20240717,1,1244,1,,3,12000.0,720.0,35280.0
5000011671,20240717,1,846,2,4.0,2,10800.0,2160.0,19440.0
5000012913,20240717,2,397,1,,2,15000.0,600.0,29400.0
5000012914,20240717,1,397,1,,1,13200.0,264.0,12936.0
5000013882,20240717,2,115,1,,1,15000.0,750.0,14250.0
5000014052,20240717,2,714,2,4.0,2,13500.0,2700.0,24300.0
5000000249,20240718,1,804,1,,3,12600.0,756.0,37044.0
5000000250,20240718,1,804,1,,2,12000.0,1200.0,22800.0
5000001232,20240718,1,1290,2,1.0,1,10800.0,540.0,10260.0
5000002295,20240718,2,561,2,1.0,3,15000.0,900.0,44100.0
5000002296,20240718,1,561,2,1.0,2,12600.0,0.0,25200.0
5000003140,20240718,1,1089,1,,3,13200.0,1980.0,37620.0
5000003482,20240718,1,293,1,,3,13200.0,792.0,38808.0
5000005724,20240718,2,756,1,,2,13500.0,1350.0,25650.0
5000008638,20240718,1,336,1,,1,12600.0,1260.0,11340.0
5000008639,20240718,1,336,1,,2,12000.0,480.0,23520.0
5000009164,20240718,1,116,1,,3,12000.0,3600.0,32400.0
5000009649,20240718,2,130,2,1.0,2,15000.0,600.0,29400.0
5000009650,20240718,1,130,2,1.0,3,12000.0,720.0,35280.0
5000010897,20240718,1,124,2,1.0,2,10800.0,0.0,21600.0
5000011266,20240718,2,450,1,,3,15000.0,4500.0,40500.0
5000011267,20240718,1,450,1,,2,13200.0,0.0,26400.0
5000011772,20240718,2,667,2,3.0,1,16500.0,330.0,16170.0
5000012113,20240718,1,1129,1,,2,12000.0,480.0,23520.0
5000012114,20240718,1,1129,1,,3,12000.0,720.0,35280.0
5000012282,20240718,1,972,1,,2,13200.0,1320.0,25080.0
5000012461,20240718,2,582,2,1.0,2,15000.0,1500.0,28500.0
5000013209,20240718,1,945,1,,3,13200.0,1980.0,37620.0
5000013239,20240718,2,824,2,3.0,1,13500.0,675.0,12825.0
5000013240,20240718,1,824,2,3.0,3,12000.0,0.0,36000.0
5000013632,20240718,1,858,2,4.0,2,12000.0,1200.0,22800.0
5000013633,20240718,2,858,2,4.0,3,15750.0,4725.0,42525.0
5000015199,20240718,2,928,2,2.0,1,15000.0,0.0,15000.0
5000000288,20240719,1,1430,1,,2,12600.0,2520.0,22680.0
5000000457,20240719,1,217,1,,1,12000.0,0.0,12000.0
5000000458,20240719,1,217,1,,2,13200.0,0.0,26400.0
5000001357,20240719,1,113,1,,2,12000.0,0.0,24000.0
5000001716,20240719,2,318,2,4.0,2,13500.0,1350.0,25650.0
5000001852,20240719,2,235,1,,1,15000.0,1500.0,13500.0
5000003375,20240719,2,1008,1,,2,15000.0,1500.0,28500.0
5000003826,20240719,1,899,2,2.0,3,12000.0,720.0,35280.0
5000003858,20240719,1,184,1,,3,10800.0,1620.0,30780.0
5000004273,20240719,2,572,2,3.0,2,15000.0,600.0,29400.0
5000004406,20240719,2,533,2,4.0,2,15000.0,0.0,30000.0
5000004407,20240719,1,533,2,4.0,3,10800.0,1620.0,30780.0
5000004844,20240719,2,1092,2,2.0,2,15000.0,3000.0,27000.0
5000006303,20240719,2,1394,2,4.0,1,15000.0,0.0,15000.0
5000006304,20240719,2,1394,2,4.0,1,15000.0,750.0,14250.0
5000006348,20240719,2,1330,1,,2,15750.0,0.0,31500.0
5000006349,20240719,2,1330,1,,2,15000.0,600.0,29400.0
5000007557,20240719,1,232,1,,1,12000.0,1200.0,10800.0
5000007571,20240719,1,524,2,1.0,1,12000.0,0.0,12000.0
5000007572,20240719,1,524,2,1.0,3,12000.0,720.0,35280.0
5000007861,20240719,1,279,1,,1,12000.0,240.0,11760.0
5000008038,20240719,1,789,1,,3,12000.0,0.0,36000.0
5000008713,20240719,1,1336,1,,3,13200.0,1980.0,37620.0
5000008986,20240719,2,1137,1,,1,13500.0,675.0,12825.0
5000009723,20240719,2,936,1,,1,15000.0,0.0,15000.0
5000009724,20240719,2,936,1,,1,15000.0,1500.0,13500.0
5000009725,20240719,2,936,1,,3,13500.0,4050.0,36450.0
5000011895,20240719,2,228,2,3.0,2,15000.0,0.0,30000.0
5000014150,20240719,1,1337,1,,3,12600.0,3780.0,34020.0
5000014151,20240719,2,1337,1,,2,15000.0,0.0,30000.0
5000016141,20240719,2,1147,2,4.0,2,15000.0,1500.0,28500.0
5000000375,20240720,2,732,2,1.0,1,15000.0,300.0,14700.0
5000000376,20240720,1,732,2,1.0,1,12600.0,0.0,12600.0
5000000983,20240720,1,1006,1,,3,10800.0,0.0,32400.0
5000000984,20240720,1,1006,1,,1,10800.0,540.0,10260.0
5000001069,20240720,1,642,2,1.0,1,12000.0,600.0,11400.0
5000001070,20240720,1,642,2,1.0,3,12000.0,720.0,35280.0
5000001450,20240720,2,1054,1,,3,16500.0,2475.0,47025.0
5000001451,20240720,2,1054,1,,1,15750.0,0.0,15750.0
5000002989,20240720,1,397,2,3.0,1,12000.0,600.0,11400.0
5000002990,20240720,2,397,2,3.0,2,15000.0,0.0,30000.0
5000003031,20240720,2,312,2,1.0,3,15750.0,2362.5,44887.5
5000005608,20240720,1,1340,2,3.0,3,12000.0,1800.0,34200.0
5000005609,20240720,1,1340,2,3.0,3,12600.0,1890.0,35910.0
5000005966,20240720,1,957,1,,2,12000.0,1200.0,22800.0
5000006182,20240720,1,329,1,,3,12600.0,756.0,37044.0
5000007127,20240720,2,328,2,1.0,3,15750.0,0.0,47250.0
5000007593,20240720,2,1435,1,,1,15000.0,0.0,15000.0
5000007594,20240720,2,1435,1,,1,15000.0,300.0,14700.0
5000008874,20240720,1,916,2,4.0,3,12000.0,1800.0,34200.0
5000008875,20240720,2,916,2,4.0,3,15000.0,4500.0,40500.0
5000009156,20240720,2,1240,1,,3,15000.0,900.0,44100.0
5000009157,20240720,1,1240,1,,1,12000.0,240.0,11760.0
5000013106,20240720,1,1181,1,,3,12000.0,0.0,36000.0
5000013742,20240720,1,1300,2,2.0,1,12000.0,240.0,11760.0
5000013743,20240720,2,1300,2,2.0,3,13500.0,4050.0,36450.0
5000014300,20240720,2,1141,2,4.0,1,15000.0,0.0,15000.0
5000014901,20240720,1,1107,2,4.0,3,12000.0,1800.0,34200.0
5000015262,20240720,2,181,2,2.0,3,16500.0,4950.0,44550.0
5000002755,20240721,1,729,2,1.0,2,12000.0,0.0,24000.0
5000004332,20240721,2,83,1,,3,15000.0,0.0,45000.0
5000004429,20240721,1,809,2,4.0,1,12000.0,240.0,11760.0
5000005332,20240721,2,47,1,,2,15000.0,1500.0,28500.0
5000006826,20240721,1,820,1,,1,13200.0,264.0,12936.0
5000006827,20240721,1,820,1,,3,12600.0,1890.0,35910.0
5000007630,20240721,1,1375,1,,2,12000.0,2400.0,21600.0
5000009174,20240721,2,1456,1,,2,13500.0,1350.0,25650.0
5000009524,20240721,1,407,2,2.0,1,12000.0,0.0,12000.0
5000010038,20240721,2,314,1,,3,16500.0,0.0,49500.0
5000010164,20240721,1,809,1,,3,13200.0,3960.0,35640.0
5000010439,20240721,1,1391,2,1.0,3,12600.0,756.0,37044.0
5000010440,20240721,2,1391,2,1.0,1,15750.0,315.0,15435.0
5000011543,20240721,1,1044,2,4.0,2,12000.0,2400.0,21600.0
5000011544,20240721,1,1044,2,4.0,2,13200.0,2640.0,23760.0
5000012486,20240721,1,1498,1,,1,12600.0,1260.0,11340.0
5000012487,20240721,1,1498,1,,3,12000.0,1800.0,34200.0
5000012488,20240721,2,1498,1,,2,15750.0,3150.0,28350.0
5000012839,20240721,2,1297,1,,2,15000.0,600.0,29400.0
5000012951,20240721,1,961,2,2.0,3,12000.0,720.0,35280.0
5000013545,20240721,2,1159,2,1.0,3,15750.0,945.0,46305.0
5000014359,20240721,2,1004,2,4.0,3,15000.0,4500.0,40500.0
5000014360,20240721,2,1004,2,4.0,1,15750.0,787.5,14962.5
5000014885,20240721,1,1439,1,,1,12600.0,630.0,11970.0
5000014886,20240721,1,1439,1,,3,12000.0,720.0,35280.0
5000015813,20240721,2,1094,2,4.0,1,15000.0,300.0,14700.0
5000015814,20240721,2,1094,2,4.0,3,15000.0,4500.0,40500.0
5000015815,20240721,1,1094,2,4.0,1,12000.0,600.0,11400.0
5000016152,20240721,2,1392,2,1.0,1,15000.0,0.0,15000.0
5000000101,20240722,1,1271,2,3.0,1,12000.0,240.0,11760.0
5000001018,20240722,2,1041,1,,3,15000.0,4500.0,40500.0
5000001961,20240722,2,652,2,2.0,3,13500.0,810.0,39690.0
5000002180,20240722,2,932,1,,1,15000.0,300.0,14700.0
5000002181,20240722,2,932,1,,1,15000.0,0.0,15000.0
5000002376,20240722,2,1126,1,,3,15000.0,4500.0,40500.0
5000002377,20240722,1,1126,1,,2,12000.0,1200.0,22800.0
5000003537,20240722,2,216,1,,2,15750.0,3150.0,28350.0
5000003894,20240722,1,1153,2,4.0,2,10800.0,2160.0,19440.0
5000003895,20240722,1,1153,2,4.0,2,12000.0,1200.0,22800.0
5000004864,20240722,1,1068,2,4.0,3,12000.0,720.0,35280.0
5000005343,20240722,1,1369,1,,3,12600.0,1890.0,35910.0
5000005672,20240722,2,563,2,2.0,2,15750.0,1575.0,29925.0
5000005949,20240722,2,940,1,,3,15000.0,0.0,45000.0
5000005950,20240722,2,940,1,,1,15000.0,1500.0,13500.0
5000006311,20240722,2,657,1,,3,15000.0,0.0,45000.0
5000006312,20240722,1,657,1,,3,12600.0,756.0,37044.0
5000006313,20240722,1,657,1,,1,10800.0,0.0,10800.0
5000006955,20240722,2,412,1,,3,15000.0,900.0,44100.0
5000007384,20240722,2,1302,1,,1,16500.0,825.0,15675.0
5000007385,20240722,1,1302,1,,1,10800.0,1080.0,9720.0
5000007386,20240722,2,1302,1,,3,13500.0,810.0,39690.0
5000008962,20240722,2,606,1,,2,15750.0,1575.0,29925.0
5000008984,20240722,2,958,1,,1,15000.0,0.0,15000.0
5000011197,20240722,1,14,1,,3,12000.0,3600.0,32400.0
5000011198,20240722,1,14,1,,2,12000.0,1200.0,22800.0
5000011740,20240722,1,1094,2,1.0,1,12000.0,600.0,11400.0
5000011741,20240722,1,1094,2,1.0,2,12600.0,2520.0,22680.0
5000011877,20240722,2,694,2,1.0,1,15000.0,750.0,14250.0
5000011964,20240722,1,213,1,,3,12000.0,3600.0,32400.0
5000013017,20240722,2,565,1,,1,15000.0,300.0,14700.0
5000014520,20240722,1,820,1,,2,12600.0,504.0,24696.0
5000014717,20240722,1,1032,2,4.0,1,12000.0,1200.0,10800.0
5000015529,20240722,2,75,1,,1,15750.0,1575.0,14175.0
5000000468,20240723,2,755,1,,2,16500.0,0.0,33000.0
5000000594,20240723,1,410,2,2.0,2,12000.0,0.0,24000.0
5000000605,20240723,2,1109,1,,2,15000.0,3000.0,27000.0
5000000606,20240723,1,1109,1,,3,12000.0,720.0,35280.0
5000000607,20240723,1,1109,1,,2,10800.0,0.0,21600.0
5000000865,20240723,2,758,1,,1,15000.0,300.0,14700.0
5000001282,20240723,2,671,2,2.0,3,15000.0,900.0,44100.0
5000002201,20240723,1,136,2,1.0,2,12000.0,2400.0,21600.0
5000002401,20240723,1,915,2,2.0,3,10800.0,0.0,32400.0
5000005494,20240723,1,339,1,,3,12000.0,1800.0,34200.0
5000005495,20240723,1,339,1,,2,12000.0,0.0,24000.0
5000005535,20240723,2,11,1,,2,15000.0,1500.0,28500.0
5000006027,20240723,1,246,1,,1,12000.0,600.0,11400.0
5000006408,20240723,2,49,2,1.0,3,15000.0,0.0,45000.0
5000006956,20240723,2,384,1,,3,16500.0,0.0,49500.0
5000007475,20240723,1,88,1,,2,12600.0,0.0,25200.0
5000007810,20240723,1,1206,1,,1,13200.0,0.0,13200.0
5000007928,20240723,2,477,1,,2,15000.0,600.0,29400.0
5000008718,20240723,2,1034,1,,1,15000.0,750.0,14250.0
5000009068,20240723,1,654,1,,1,12600.0,0.0,12600.0
5000011419,20240723,1,497,2,4.0,2,12000.0,480.0,23520.0
5000011420,20240723,1,497,2,4.0,3,12000.0,3600.0,32400.0
5000011421,20240723,1,497,2,4.0,2,10800.0,1080.0,20520.0
5000012858,20240723,1,795,1,,3,12000.0,0.0,36000.0
5000013031,20240723,2,1238,1,,1,15000.0,300.0,14700.0
5000014849,20240723,1,393,1,,1,12000.0,600.0,11400.0
5000015068,20240723,2,1063,1,,3,15750.0,945.0,46305.0
5000000647,20240724,2,1303,2,3.0,1,15000.0,1500.0,13500.0
5000000648,20240724,2,1303,2,3.0,2,15000.0,600.0,29400.0
5000000866,20240724,2,1297,1,,3,15000.0,0.0,45000.0
5000001293,20240724,1,884,1,,3,12600.0,0.0,37800.0
5000001821,20240724,1,147,1,,1,12000.0,600.0,11400.0
5000002301,20240724,1,557,1,,1,12600.0,0.0,12600.0
5000002417,20240724,1,312,2,1.0,1,12000.0,600.0,11400.0
5000004202,20240724,1,271,2,3.0,2,13200.0,0.0,26400.0
5000004287,20240724,2,231,1,,1,15000.0,1500.0,13500.0
5000004919,20240724,1,1106,2,2.0,3,12000.0,3600.0,32400.0
5000006222,20240724,1,650,1,,3,12000.0,0.0,36000.0
5000006725,20240724,1,1013,1,,3,10800.0,648.0,31752.0
5000006893,20240724,1,1496,2,1.0,3,12000.0,0.0,36000.0
5000009191,20240724,2,1332,1,,1,16500.0,0.0,16500.0
5000009192,20240724,1,1332,1,,3,10800.0,648.0,31752.0
5000009495,20240724,2,113,1,,3,15000.0,2250.0,42750.0
5000009496,20240724,2,113,1,,3,15750.0,0.0,47250.0
5000010235,20240724,2,452,2,1.0,3,15000.0,0.0,45000.0
5000012512,20240724,1,741,2,1.0,1,12000.0,1200.0,10800.0
5000013691,20240724,1,1384,1,,3,12600.0,1890.0,35910.0
5000015822,20240724,2,1424,1,,1,13500.0,270.0,13230.0
5000000073,20240725,2,1423,1,,2,15000.0,1500.0,28500.0
5000000659,20240725,2,1228,1,,3,15750.0,945.0,46305.0
5000001368,20240725,1,691,1,,3,12000.0,720.0,35280.0
5000001465,20240725,1,1127,2,2.0,2,10800.0,432.0,21168.0
5000001466,20240725,1,1127,2,2.0,3,12000.0,3600.0,32400.0
5000001656,20240725,1,570,1,,2,12000.0,2400.0,21600.0
5000003301,20240725,1,1358,1,,1,10800.0,1080.0,9720.0
5000005119,20240725,1,99,2,3.0,3,12000.0,1800.0,34200.0
5000005120,20240725,1,99,2,3.0,3,13200.0,0.0,39600.0
5000006236,20240725,1,1076,1,,3,12000.0,1800.0,34200.0
5000006492,20240725,1,34,2,2.0,2,12000.0,480.0,23520.0
5000006658,20240725,1,1304,1,,2,12000.0,480.0,23520.0
5000006752,20240725,1,1123,2,2.0,1,10800.0,540.0,10260.0
5000007566,20240725,2,1163,1,,3,15000.0,2250.0,42750.0
5000007819,20240725,1,362,2,4.0,3,12000.0,720.0,35280.0
5000008200,20240725,1,815,1,,2,12000.0,0.0,24000.0
5000009057,20240725,1,915,2,3.0,3,10800.0,1620.0,30780.0
5000009058,20240725,2,915,2,3.0,1,15750.0,315.0,15435.0
5000009506,20240725,1,492,2,4.0,2,12000.0,1200.0,22800.0
5000011570,20240725,1,722,1,,3,12600.0,0.0,37800.0
5000012267,20240725,1,1083,1,,2,12000.0,0.0,24000.0
5000012268,20240725,1,1083,1,,2,12000.0,480.0,23520.0
5000012269,20240725,2,1083,1,,1,15000.0,0.0,15000.0
5000013811,20240725,1,1124,1,,2,13200.0,0.0,26400.0
5000015410,20240725,1,789,1,,1,12000.0,0.0,12000.0
5000000183,20240726,2,317,1,,2,13500.0,540.0,26460.0
5000005661,20240726,2,900,1,,3,15000.0,900.0,44100.0
5000006524,20240726,1,142,2,4.0,2,12000.0,2400.0,21600.0
5000006556,20240726,2,1138,2,1.0,3,15000.0,2250.0,42750.0
5000006928,20240726,1,930,1,,1,13200.0,660.0,12540.0
5000006929,20240726,1,930,1,,3,12000.0,0.0,36000.0
5000007119,20240726,1,535,2,1.0,3,10800.0,648.0,31752.0
5000008040,20240726,1,1340,2,4.0,1,10800.0,540.0,10260.0
5000009921,20240726,2,1173,1,,3,16500.0,2475.0,47025.0
5000009922,20240726,2,1173,1,,2,15750.0,1575.0,29925.0
5000009932,20240726,2,1293,1,,3,13500.0,2025.0,38475.0
5000009937,20240726,2,544,2,3.0,3,16500.0,4950.0,44550.0
5000009938,20240726,2,544,2,3.0,2,15000.0,1500.0,28500.0
5000010148,20240726,1,689,2,4.0,3,12000.0,1800.0,34200.0
5000010909,20240726,1,778,1,,2,13200.0,528.0,25872.0
5000011876,20240726,1,439,1,,3,13200.0,0.0,39600.0
5000012600,20240726,1,1347,2,3.0,2,12000.0,1200.0,22800.0
5000012601,20240726,2,1347,2,3.0,1,15750.0,787.5,14962.5
5000014132,20240726,1,730,2,2.0,3,12600.0,756.0,37044.0
5000014841,20240726,1,987,1,,1,12000.0,240.0,11760.0
5000000724,20240727,2,619,1,,1,15000.0,750.0,14250.0
5000001208,20240727,1,403,2,3.0,1,12000.0,0.0,12000.0
5000001840,20240727,1,261,1,,1,12000.0,240.0,11760.0
5000002420,20240727,2,645,2,2.0,3,15000.0,900.0,44100.0
5000002456,20240727,2,434,2,3.0,3,16500.0,0.0,49500.0
5000002460,20240727,2,450,2,2.0,2,15000.0,1500.0,28500.0
5000002510,20240727,1,454,1,,1,12000.0,0.0,12000.0
5000003265,20240727,1,375,2,3.0,3,12000.0,0.0,36000.0
5000003381,20240727,1,180,1,,1,12600.0,252.0,12348.0
5000003412,20240727,1,268,1,,3,12000.0,3600.0,32400.0
5000003413,20240727,1,268,1,,3,12000.0,1800.0,34200.0
5000004875,20240727,2,725,1,,1,15000.0,0.0,15000.0
5000004876,20240727,1,725,1,,3,12000.0,0.0,36000.0
5000006711,20240727,2,418,1,,3,15000.0,0.0,45000.0
5000007480,20240727,1,1351,1,,2,12000.0,1200.0,22800.0
5000007520,20240727,1,1386,1,,1,12000.0,600.0,11400.0
5000007521,20240727,1,1386,1,,3,13200.0,1980.0,37620.0
5000008057,20240727,1,10,1,,2,12000.0,480.0,23520.0
5000008058,20240727,1,10,1,,1,13200.0,0.0,13200.0
5000008059,20240727,2,10,1,,1,15000.0,1500.0,13500.0
5000008951,20240727,1,1480,1,,2,12000.0,2400.0,21600.0
5000009385,20240727,2,695,1,,3,15000.0,4500.0,40500.0
5000010172,20240727,1,552,1,,1,10800.0,0.0,10800.0
5000010173,20240727,2,552,1,,2,16500.0,1650.0,31350.0
5000010249,20240727,2,616,1,,3,15000.0,900.0,44100.0
5000010250,20240727,1,616,1,,3,13200.0,1980.0,37620.0
5000010279,20240727,2,303,1,,3,13500.0,2025.0,38475.0
5000010386,20240727,1,1440,1,,2,12000.0,1200.0,22800.0
5000010637,20240727,1,1355,2,4.0,2,10800.0,432.0,21168.0
5000010852,20240727,2,656,1,,3,15000.0,4500.0,40500.0
5000010853,20240727,1,656,1,,3,12000.0,3600.0,32400.0
5000011531,20240727,2,1124,2,1.0,1,15000.0,0.0,15000.0
5000011685,20240727,2,576,1,,3,15000.0,2250.0,42750.0
5000012747,20240727,2,152,1,,3,15000.0,900.0,44100.0
5000012748,20240727,1,152,1,,3,10800.0,1620.0,30780.0
5000013009,20240727,1,127,1,,1,12000.0,0.0,12000.0
5000013010,20240727,2,127,1,,2,15000.0,600.0,29400.0
5000001585,20240728,1,633,1,,3,12000.0,0.0,36000.0
5000001586,20240728,1,633,1,,1,10800.0,540.0,10260.0
5000002323,20240728,2,685,2,4.0,2,15000.0,600.0,29400.0
5000002324,20240728,2,685,2,4.0,3,15000.0,900.0,44100.0
5000002518,20240728,1,772,2,4.0,3,10800.0,648.0,31752.0
5000002717,20240728,1,1120,2,2.0,3,12600.0,3780.0,34020.0
5000002718,20240728,2,1120,2,2.0,1,15750.0,315.0,15435.0
5000003674,20240728,2,841,1,,1,15000.0,750.0,14250.0
5000004456,20240728,1,31,1,,3,13200.0,0.0,39600.0
5000004457,20240728,1,31,1,,2,12600.0,2520.0,22680.0
5000005442,20240728,2,505,2,2.0,1,15000.0,750.0,14250.0
5000011589,20240728,2,385,2,1.0,2,16500.0,1650.0,31350.0
5000011590,20240728,1,385,2,1.0,1,12000.0,240.0,11760.0
5000012106,20240728,2,1408,1,,1,15000.0,0.0,15000.0
5000012107,20240728,1,1408,1,,3,10800.0,1620.0,30780.0
5000012606,20240728,1,736,1,,3,12000.0,3600.0,32400.0
5000013727,20240728,1,980,2,2.0,2,12000.0,2400.0,21600.0
5000014172,20240728,2,96,1,,3,15000.0,0.0,45000.0
5000014752,20240728,2,747,2,3.0,2,15750.0,630.0,30870.0
5000014753,20240728,2,747,2,3.0,3,15000.0,4500.0,40500.0
5000015205,20240728,2,1401,1,,3,15000.0,900.0,44100.0
5000015309,20240728,1,1350,1,,3,10800.0,648.0,31752.0
5000015310,20240728,1,1350,1,,1,12600.0,1260.0,11340.0
5000015617,20240728,1,1384,1,,3,12000.0,0.0,36000.0
5000015618,20240728,2,1384,1,,3,16500.0,4950.0,44550.0
5000015619,20240728,1,1384,1,,2,12600.0,1260.0,23940.0
5000015838,20240728,2,1443,1,,2,15000.0,600.0,29400.0
5000015839,20240728,2,1443,1,,1,15000.0,0.0,15000.0
5000016047,20240728,2,1305,1,,1,13500.0,0.0,13500.0
5000003276,20240729,1,593,1,,3,12600.0,756.0,37044.0
5000003277,20240729,2,593,1,,3,15000.0,900.0,44100.0
5000003278,20240729,2,593,1,,3,15750.0,2362.5,44887.5
5000004726,20240729,1,634,1,,3,12000.0,0.0,36000.0
5000005815,20240729,1,1459,1,,3,12000.0,1800.0,34200.0
5000006190,20240729,2,1191,1,,1,15000.0,0.0,15000.0
5000006342,20240729,2,157,2,1.0,1,13500.0,0.0,13500.0
5000006343,20240729,1,157,2,1.0,2,12000.0,2400.0,21600.0
5000007394,20240729,2,22,1,,1,13500.0,675.0,12825.0
5000008988,20240729,2,1143,2,2.0,2,13500.0,2700.0,24300.0
5000009759,20240729,1,1317,1,,2,12600.0,504.0,24696.0
5000009795,20240729,2,1268,1,,1,15000.0,300.0,14700.0
5000011842,20240729,1,107,1,,2,12000.0,1200.0,22800.0
5000011960,20240729,1,705,1,,1,12000.0,600.0,11400.0
5000011961,20240729,2,705,1,,3,15000.0,0.0,45000.0
5000011962,20240729,2,705,1,,2,15750.0,630.0,30870.0
5000012452,20240729,2,1098,1,,3,15000.0,900.0,44100.0
5000012453,20240729,2,1098,1,,1,13500.0,0.0,13500.0
5000012454,20240729,1,1098,1,,2,10800.0,2160.0,19440.0
5000014248,20240729,1,1281,2,2.0,2,12000.0,2400.0,21600.0
5000014590,20240729,1,27,1,,2,13200.0,0.0,26400.0
5000015318,20240729,1,63,1,,3,13200.0,792.0,38808.0
5000015319,20240729,2,63,1,,1,15000.0,1500.0,13500.0
5000000141,20240730,1,467,1,,1,10800.0,0.0,10800.0
5000000142,20240730,1,467,1,,1,12600.0,252.0,12348.0
5000000251,20240730,1,1495,1,,1,12000.0,600.0,11400.0
5000000844,20240730,1,232,2,4.0,3,12600.0,756.0,37044.0
5000001066,20240730,2,1226,2,2.0,2,13500.0,0.0,27000.0
5000001772,20240730,1,732,1,,2,12000.0,2400.0,21600.0
5000001871,20240730,1,242,2,3.0,2,13200.0,0.0,26400.0
5000001872,20240730,1,242,2,3.0,2,12000.0,0.0,24000.0
5000001999,20240730,2,185,1,,2,13500.0,2700.0,24300.0
5000002435,20240730,2,221,1,,2,15000.0,1500.0,28500.0
5000005677,20240730,2,80,2,3.0,1,15750.0,1575.0,14175.0
5000005678,20240730,2,80,2,3.0,3,16500.0,0.0,49500.0
5000006001,20240730,1,332,1,,2,12000.0,480.0,23520.0
5000006002,20240730,2,332,1,,3,16500.0,2475.0,47025.0
5000006003,20240730,2,332,1,,2,15750.0,0.0,31500.0
5000006701,20240730,1,145,2,1.0,3,12000.0,3600.0,32400.0
5000007138,20240730,1,260,1,,1,12000.0,600.0,11400.0
5000007211,20240730,1,995,1,,3,12000.0,1800.0,34200.0
5000007325,20240730,1,1191,1,,1,12000.0,240.0,11760.0
5000009883,20240730,1,1324,1,,2,12000.0,1200.0,22800.0
5000010345,20240730,1,614,2,2.0,2,10800.0,1080.0,20520.0
5000011329,20240730,1,442,2,3.0,2,12600.0,2520.0,22680.0
5000012409,20240730,2,698,1,,2,15000.0,3000.0,27000.0
5000013108,20240730,1,647,2,1.0,2,12600.0,1260.0,23940.0
5000013631,20240730,1,284,2,4.0,3,12000.0,1800.0,34200.0
5000015349,20240730,2,833,2,2.0,2,15000.0,0.0,30000.0
5000016022,20240730,1,217,1,,1,12000.0,240.0,11760.0
5000016023,20240730,1,217,1,,1,12000.0,240.0,11760.0
5000001162,20240731,1,691,1,,1,10800.0,540.0,10260.0
5000001820,20240731,2,964,1,,1,15000.0,0.0,15000.0
5000002586,20240731,1,414,1,,3,10800.0,0.0,32400.0
5000005116,20240731,1,345,1,,3,12000.0,3600.0,32400.0
5000005583,20240731,2,1236,2,2.0,1,15750.0,315.0,15435.0
5000006142,20240731,1,1183,2,3.0,2,12600.0,504.0,24696.0
5000006143,20240731,1,1183,2,3.0,2,12000.0,1200.0,22800.0
5000007461,20240731,2,746,1,,3,15750.0,2362.5,44887.5
5000007623,20240731,1,754,1,,2,12000.0,480.0,23520.0
5000007625,20240731,1,466,2,1.0,1,10800.0,540.0,10260.0
5000007626,20240731,2,466,2,1.0,2,15000.0,600.0,29400.0
5000007848,20240731,1,932,1,,2,12000.0,480.0,23520.0
5000007849,20240731,1,932,1,,3,12000.0,720.0,35280.0
5000007899,20240731,2,316,2,1.0,3,15750.0,2362.5,44887.5
5000011381,20240731,1,760,1,,1,12000.0,600.0,11400.0
5000011382,20240731,1,760,1,,3,12000.0,720.0,35280.0
5000011383,20240731,1,760,1,,1,10800.0,216.0,10584.0
5000012876,20240731,1,423,1,,2,13200.0,528.0,25872.0
5000012877,20240731,1,423,1,,1,12600.0,252.0,12348.0
5000013558,20240731,1,522,1,,3,12000.0,3600.0,32400.0
5000014070,20240731,2,1245,1,,2,15750.0,630.0,30870.0
5000014071,20240731,2,1245,1,,3,13500.0,0.0,40500.0
5000014072,20240731,1,1245,1,,1,12000.0,1200.0,10800.0
5000015294,20240731,2,1375,2,1.0,3,15750.0,4725.0,42525.0
5000015295,20240731,2,1375,2,1.0,2,15000.0,600.0,29400.0
5000002762,20240801,1,1499,2,4.0,3,12000.0,720.0,35280.0
5000002763,20240801,1,1499,2,4.0,3,12000.0,0.0,36000.0
5000004055,20240801,1,1196,1,,2,12000.0,1200.0,22800.0
5000004056,20240801,2,1196,1,,1,15000.0,1500.0,13500.0
5000004341,20240801,1,1369,2,3.0,1,13200.0,660.0,12540.0
5000004342,20240801,2,1369,2,3.0,2,15000.0,600.0,29400.0
5000004480,20240801,1,1139,1,,1,12000.0,600.0,11400.0
5000004481,20240801,2,1139,1,,2,16500.0,1650.0,31350.0
5000004649,20240801,1,331,1,,2,10800.0,0.0,21600.0
5000004953,20240801,2,1491,1,,3,15750.0,2362.5,44887.5
5000004954,20240801,2,1491,1,,1,15000.0,1500.0,13500.0
5000004955,20240801,2,1491,1,,1,15000.0,750.0,14250.0
5000005562,20240801,1,359,1,,1,12000.0,240.0,11760.0
5000006183,20240801,1,140,2,3.0,2,13200.0,528.0,25872.0
5000006527,20240801,2,1211,1,,2,16500.0,1650.0,31350.0
5000007287,20240801,2,879,1,,2,15000.0,600.0,29400.0
5000008172,20240801,1,596,1,,1,12000.0,0.0,12000.0
5000009867,20240801,1,861,1,,1,10800.0,540.0,10260.0
5000011322,20240801,1,1279,2,4.0,3,10800.0,1620.0,30780.0
5000012408,20240801,2,251,2,4.0,1,13500.0,0.0,13500.0
5000013074,20240801,1,1026,2,4.0,2,12000.0,2400.0,21600.0
5000013750,20240801,2,1175,1,,2,15000.0,0.0,30000.0
5000013751,20240801,2,1175,1,,1,15000.0,750.0,14250.0
5000013872,20240801,1,39,2,3.0,2,12000.0,0.0,24000.0
5000014479,20240801,2,830,1,,3,13500.0,810.0,39690.0
5000015056,20240801,1,1129,2,3.0,3,12600.0,1890.0,35910.0
5000015454,20240801,1,667,1,,3,10800.0,1620.0,30780.0
5000015455,20240801,1,667,1,,3,12000.0,720.0,35280.0
5000015837,20240801,2,6,1,,3,15000.0,4500.0,40500.0
5000000504,20240802,2,902,2,1.0,2,15000.0,0.0,30000.0
5000001392,20240802,1,642,1,,2,12600.0,1260.0,23940.0
5000003740,20240802,1,1474,1,,3,12000.0,0.0,36000.0
5000005526,20240802,2,930,1,,3,15000.0,900.0,44100.0
5000006456,20240802,2,1279,1,,3,13500.0,0.0,40500.0
5000006557,20240802,1,1104,1,,1,12000.0,240.0,11760.0
5000006558,20240802,1,1104,1,,1,12000.0,240.0,11760.0
5000007639,20240802,1,1278,1,,1,12000.0,1200.0,10800.0
5000007640,20240802,1,1278,1,,3,13200.0,1980.0,37620.0
5000009292,20240802,1,903,2,1.0,2,12000.0,1200.0,22800.0
5000010696,20240802,1,545,2,3.0,3,13200.0,1980.0,37620.0
5000011784,20240802,1,1346,1,,2,12000.0,1200.0,22800.0
5000012047,20240802,1,490,1,,3,12000.0,0.0,36000.0
5000012257,20240802,2,264,1,,2,15750.0,3150.0,28350.0
5000013528,20240802,2,615,1,,2,13500.0,0.0,27000.0
5000014319,20240802,2,470,2,4.0,3,15000.0,2250.0,42750.0
5000014320,20240802,1,470,2,4.0,2,12600.0,1260.0,23940.0
5000014347,20240802,1,366,1,,1,10800.0,0.0,10800.0
5000014348,20240802,1,366,1,,2,12000.0,1200.0,22800.0
5000014610,20240802,2,826,2,1.0,3,13500.0,0.0,40500.0
5000014883,20240802,1,1319,2,3.0,1,12000.0,1200.0,10800.0
5000015009,20240802,1,590,2,2.0,1,10800.0,1080.0,9720.0
5000015237,20240802,1,1069,2,3.0,2,10800.0,2160.0,19440.0
5000015539,20240802,1,1426,1,,3,12000.0,0.0,36000.0
5000015607,20240802,2,1250,2,2.0,2,15000.0,0.0,30000.0
5000015608,20240802,1,1250,2,2.0,2,12000.0,1200.0,22800.0
5000000633,20240803,2,613,2,1.0,1,15000.0,750.0,14250.0
5000001464,20240803,1,547,1,,2,12000.0,0.0,24000.0
5000001498,20240803,1,1470,1,,3,10800.0,3240.0,29160.0
5000002665,20240803,2,322,1,,3,15000.0,2250.0,42750.0
5000002984,20240803,2,826,1,,3,15000.0,4500.0,40500.0
5000002985,20240803,2,826,1,,2,13500.0,2700.0,24300.0
5000003385,20240803,1,44,1,,2,10800.0,0.0,21600.0
5000003539,20240803,2,173,2,2.0,2,15000.0,0.0,30000.0
5000004113,20240803,1,1493,2,4.0,2,12000.0,1200.0,22800.0
5000004114,20240803,1,1493,2,4.0,1,12000.0,0.0,12000.0
5000004138,20240803,2,739,1,,2,15750.0,3150.0,28350.0
5000004253,20240803,2,506,2,1.0,2,15000.0,0.0,30000.0
5000005296,20240803,2,72,1,,2,15750.0,0.0,31500.0
5000005297,20240803,1,72,1,,3,12000.0,0.0,36000.0
5000006401,20240803,1,301,1,,2,12000.0,1200.0,22800.0
5000007128,20240803,1,618,1,,3,12000.0,3600.0,32400.0
5000007683,20240803,2,297,1,,2,13500.0,2700.0,24300.0
5000007684,20240803,2,297,1,,1,15000.0,750.0,14250.0
5000008563,20240803,2,705,1,,1,13500.0,1350.0,12150.0
5000008564,20240803,1,705,1,,2,12000.0,0.0,24000.0
5000008696,20240803,2,986,1,,1,15000.0,300.0,14700.0
5000010138,20240803,1,817,1,,1,12600.0,630.0,11970.0
5000010188,20240803,1,996,1,,1,12600.0,252.0,12348.0
5000011298,20240803,1,93,1,,3,12000.0,3600.0,32400.0
5000012074,20240803,1,1427,1,,1,12000.0,600.0,11400.0
5000012687,20240803,1,980,2,3.0,3,12000.0,1800.0,34200.0
5000012688,20240803,1,980,2,3.0,1,12000.0,0.0,12000.0
5000012812,20240803,2,117,1,,2,15000.0,0.0,30000.0
5000014358,20240803,1,1439,2,2.0,3,10800.0,3240.0,29160.0
5000015437,20240803,2,603,1,,1,15000.0,1500.0,13500.0
5000015438,20240803,2,603,1,,1,15000.0,0.0,15000.0
5000015538,20240803,2,1399,2,2.0,2,15000.0,0.0,30000.0
5000015903,20240803,1,1147,1,,2,12000.0,2400.0,21600.0
5000015904,20240803,1,1147,1,,2,12000.0,480.0,23520.0
5000000964,20240804,2,958,1,,2,15000.0,600.0,29400.0
5000000965,20240804,2,958,1,,2,13500.0,1350.0,25650.0
5000001025,20240804,1,4,1,,1,12000.0,1200.0,10800.0
5000002352,20240804,2,347,2,4.0,2,15000.0,1500.0,28500.0
5000002493,20240804,1,1360,1,,1,12000.0,240.0,11760.0
5000002494,20240804,2,1360,1,,1,13500.0,675.0,12825.0
5000003323,20240804,1,995,1,,3,12000.0,720.0,35280.0
5000003324,20240804,2,995,1,,2,15750.0,3150.0,28350.0
5000003336,20240804,1,1380,2,2.0,1,12000.0,0.0,12000.0
5000003460,20240804,2,594,2,4.0,2,15000.0,600.0,29400.0
5000005482,20240804,1,1166,1,,2,12000.0,480.0,23520.0
5000008651,20240804,2,1424,2,2.0,1,15750.0,1575.0,14175.0
5000008652,20240804,1,1424,2,2.0,1,12000.0,600.0,11400.0
5000009028,20240804,1,1425,1,,1,12000.0,1200.0,10800.0
5000009223,20240804,1,354,2,3.0,1,13200.0,264.0,12936.0
5000011096,20240804,2,1233,1,,1,15000.0,750.0,14250.0
5000011132,20240804,2,288,2,1.0,3,13500.0,4050.0,36450.0
5000011648,20240804,1,1404,1,,3,12000.0,3600.0,32400.0
5000011649,20240804,1,1404,1,,2,12000.0,2400.0,21600.0
5000012366,20240804,2,822,1,,1,15000.0,300.0,14700.0
5000012367,20240804,1,822,1,,2,12000.0,0.0,24000.0
5000013073,20240804,1,851,1,,1,12000.0,240.0,11760.0
5000015015,20240804,1,789,2,1.0,2,12600.0,504.0,24696.0
5000000463,20240805,1,1410,1,,1,12000.0,1200.0,10800.0
5000000621,20240805,2,1393,1,,2,16500.0,1650.0,31350.0
5000000622,20240805,1,1393,1,,2,12000.0,0.0,24000.0
5000000623,20240805,2,1393,1,,3,15000.0,900.0,44100.0
5000000752,20240805,2,691,2,4.0,2,15000.0,3000.0,27000.0
5000000787,20240805,1,376,2,3.0,3,12000.0,720.0,35280.0
5000001314,20240805,2,582,1,,3,15000.0,900.0,44100.0
5000001315,20240805,1,582,1,,2,10800.0,1080.0,20520.0
5000001806,20240805,1,218,2,2.0,1,10800.0,540.0,10260.0
5000002342,20240805,2,1133,2,2.0,2,15000.0,1500.0,28500.0
5000003901,20240805,1,53,2,4.0,1,12000.0,600.0,11400.0
5000004614,20240805,1,1290,1,,2,12000.0,480.0,23520.0
5000007280,20240805,2,128,2,3.0,2,15000.0,1500.0,28500.0
5000007979,20240805,1,596,1,,2,10800.0,432.0,21168.0
5000008220,20240805,2,740,1,,2,15000.0,1500.0,28500.0
5000008542,20240805,1,459,2,4.0,3,12600.0,0.0,37800.0
5000008631,20240805,1,1347,1,,2,12000.0,480.0,23520.0
5000009394,20240805,2,1015,2,1.0,3,15000.0,900.0,44100.0
5000010448,20240805,1,447,1,,3,13200.0,792.0,38808.0
5000010735,20240805,1,776,1,,2,12000.0,2400.0,21600.0
5000012412,20240805,2,699,2,2.0,3,13500.0,810.0,39690.0
5000012440,20240805,1,1378,2,4.0,2,12600.0,2520.0,22680.0
5000012441,20240805,1,1378,2,4.0,3,12000.0,720.0,35280.0
5000013156,20240805,1,861,1,,2,12000.0,1200.0,22800.0
5000013157,20240805,1,861,1,,2,12000.0,1200.0,22800.0
5000013992,20240805,1,422,2,1.0,2,10800.0,1080.0,20520.0
5000015718,20240805,2,121,2,3.0,3,16500.0,0.0,49500.0
5000002020,20240806,1,865,2,3.0,3,12000.0,1800.0,34200.0
5000002362,20240806,1,1069,1,,3,10800.0,0.0,32400.0
5000002363,20240806,2,1069,1,,2,15000.0,1500.0,28500.0
5000002480,20240806,2,535,1,,1,16500.0,330.0,16170.0
5000003115,20240806,1,239,1,,2,12000.0,2400.0,21600.0
5000004780,20240806,1,727,2,1.0,3,10800.0,648.0,31752.0
5000005004,20240806,2,1500,1,,3,15000.0,4500.0,40500.0
5000006559,20240806,1,302,1,,2,12000.0,1200.0,22800.0
5000009698,20240806,2,821,2,1.0,2,16500.0,3300.0,29700.0
5000010199,20240806,2,874,2,1.0,3,15000.0,900.0,44100.0
5000010619,20240806,2,1392,1,,1,16500.0,1650.0,14850.0
5000010848,20240806,2,1475,1,,1,16500.0,1650.0,14850.0
5000010849,20240806,2,1475,1,,2,16500.0,0.0,33000.0
5000012235,20240806,1,1253,1,,2,12000.0,1200.0,22800.0
5000012236,20240806,1,1253,1,,3,12000.0,0.0,36000.0
5000012237,20240806,1,1253,1,,2,12600.0,2520.0,22680.0
5000012546,20240806,2,1152,2,2.0,2,15750.0,630.0,30870.0
5000012578,20240806,1,378,1,,2,10800.0,432.0,21168.0
5000013070,20240806,1,1274,1,,2,10800.0,432.0,21168.0
5000013071,20240806,2,1274,1,,1,15750.0,1575.0,14175.0
5000013191,20240806,2,1226,2,2.0,2,15000.0,0.0,30000.0
5000001537,20240807,1,659,2,4.0,3,12000.0,0.0,36000.0
5000002319,20240807,1,471,2,1.0,3,12600.0,3780.0,34020.0
5000002320,20240807,2,471,2,1.0,3,15000.0,2250.0,42750.0
5000002321,20240807,1,471,2,1.0,2,12000.0,480.0,23520.0
5000003757,20240807,1,1370,1,,2,10800.0,432.0,21168.0
5000003942,20240807,2,920,1,,3,15000.0,4500.0,40500.0
5000004223,20240807,1,1430,2,4.0,2,12600.0,0.0,25200.0
5000004315,20240807,1,1351,2,3.0,3,12000.0,0.0,36000.0
5000006440,20240807,1,357,2,4.0,1,12000.0,1200.0,10800.0
5000007068,20240807,2,507,2,4.0,3,15000.0,2250.0,42750.0
5000007976,20240807,2,148,1,,3,13500.0,4050.0,36450.0
5000012864,20240807,1,284,1,,3,12000.0,1800.0,34200.0
5000014446,20240807,2,530,1,,3,16500.0,0.0,49500.0
5000014447,20240807,2,530,1,,3,15000.0,0.0,45000.0
5000015001,20240807,1,558,2,4.0,1,12000.0,600.0,11400.0
5000015002,20240807,2,558,2,4.0,2,13500.0,2700.0,24300.0
5000015159,20240807,2,860,1,,3,16500.0,2475.0,47025.0
5000015160,20240807,2,860,1,,1,13500.0,1350.0,12150.0
5000015189,20240807,1,60,1,,2,12000.0,2400.0,21600.0
5000015610,20240807,1,112,1,,3,12000.0,3600.0,32400.0
5000004530,20240808,1,457,1,,1,12000.0,0.0,12000.0
5000004531,20240808,1,457,1,,3,12000.0,720.0,35280.0
5000004851,20240808,1,657,1,,3,12600.0,1890.0,35910.0
5000007131,20240808,1,670,2,4.0,3,12600.0,3780.0,34020.0
5000007132,20240808,1,670,2,4.0,1,12600.0,0.0,12600.0
5000007712,20240808,2,1377,1,,3,15000.0,4500.0,40500.0
5000007713,20240808,2,1377,1,,2,15750.0,0.0,31500.0
5000007895,20240808,2,519,1,,2,13500.0,1350.0,25650.0
5000008102,20240808,1,1171,2,3.0,1,12000.0,240.0,11760.0
5000010488,20240808,1,866,2,1.0,3,12600.0,3780.0,34020.0
5000010920,20240808,1,1296,2,2.0,1,12600.0,0.0,12600.0
5000011696,20240808,2,1009,1,,2,15000.0,0.0,30000.0
5000012446,20240808,1,244,2,1.0,2,12000.0,1200.0,22800.0
5000015360,20240808,1,1457,1,,2,12000.0,2400.0,21600.0
5000015361,20240808,1,1457,1,,1,12000.0,1200.0,10800.0
5000015502,20240808,2,199,1,,3,15000.0,900.0,44100.0
5000015503,20240808,2,199,1,,3,15000.0,900.0,44100.0
5000015504,20240808,2,199,1,,1,13500.0,0.0,13500.0
5000015760,20240808,2,1327,1,,1,16500.0,825.0,15675.0
5000000021,20240809,1,1426,2,3.0,3,12000.0,720.0,35280.0
5000000931,20240809,1,1147,2,3.0,2,13200.0,1320.0,25080.0
5000000982,20240809,2,1123,1,,1,15000.0,1500.0,13500.0
5000001123,20240809,2,1006,1,,2,15000.0,1500.0,28500.0
5000001732,20240809,2,144,1,,1,15000.0,0.0,15000.0
5000002645,20240809,2,1454,2,2.0,2,15000.0,600.0,29400.0
5000003049,20240809,1,891,1,,3,12000.0,3600.0,32400.0
5000006322,20240809,2,829,1,,3,15000.0,0.0,45000.0
5000007007,20240809,2,711,2,2.0,1,16500.0,1650.0,14850.0
5000007766,20240809,1,1209,1,,3,12000.0,3600.0,32400.0
5000007920,20240809,2,1117,2,4.0,2,15000.0,3000.0,27000.0
5000009018,20240809,1,501,2,2.0,1,12000.0,240.0,11760.0
5000011254,20240809,1,1301,1,,2,12000.0,0.0,24000.0
5000011362,20240809,2,425,1,,2,16500.0,3300.0,29700.0
5000011363,20240809,2,425,1,,1,13500.0,270.0,13230.0
5000011496,20240809,1,337,2,4.0,3,13200.0,3960.0,35640.0
5000011776,20240809,2,1004,1,,1,15750.0,0.0,15750.0
5000013335,20240809,2,1259,1,,3,15750.0,2362.5,44887.5
5000013454,20240809,1,981,2,1.0,2,13200.0,2640.0,23760.0
5000015026,20240809,2,1137,2,4.0,2,15000.0,600.0,29400.0
5000015508,20240809,1,916,1,,1,12000.0,0.0,12000.0
5000015509,20240809,1,916,1,,3,12000.0,720.0,35280.0
5000015510,20240809,2,916,1,,2,15000.0,3000.0,27000.0
5000015549,20240809,2,1178,1,,2,15000.0,3000.0,27000.0
5000015826,20240809,1,153,1,,2,12600.0,0.0,25200.0
5000015827,20240809,1,153,1,,1,12000.0,0.0,12000.0
5000015828,20240809,1,153,1,,3,12000.0,720.0,35280.0
5000000077,20240810,2,729,1,,2,15000.0,3000.0,27000.0
5000001261,20240810,1,1416,1,,2,12000.0,1200.0,22800.0
5000003995,20240810,2,1062,1,,2,15000.0,0.0,30000.0
5000004166,20240810,1,233,1,,1,12000.0,1200.0,10800.0
5000004167,20240810,1,233,1,,2,12000.0,1200.0,22800.0
5000004623,20240810,1,88,1,,2,12000.0,1200.0,22800.0
5000005406,20240810,1,1158,1,,2,12000.0,0.0,24000.0
5000005962,20240810,1,522,2,3.0,3,12000.0,0.0,36000.0
5000005963,20240810,2,522,2,3.0,3,15750.0,945.0,46305.0
5000007756,20240810,1,612,2,2.0,1,12600.0,252.0,12348.0
5000009257,20240810,1,613,1,,3,12600.0,1890.0,35910.0
5000009258,20240810,1,613,1,,3,13200.0,792.0,38808.0
5000010461,20240810,2,616,2,4.0,3,15000.0,900.0,44100.0
5000010462,20240810,2,616,2,4.0,1,15750.0,0.0,15750.0
5000011465,20240810,2,503,2,4.0,1,15000.0,750.0,14250.0
5000011466,20240810,2,503,2,4.0,2,13500.0,2700.0,24300.0
5000011469,20240810,2,634,1,,3,13500.0,0.0,40500.0
5000011470,20240810,2,634,1,,3,15000.0,4500.0,40500.0
5000012307,20240810,1,987,1,,3,12000.0,1800.0,34200.0
5000013664,20240810,1,1158,2,3.0,1,12600.0,1260.0,11340.0
5000016017,20240810,2,682,2,1.0,1,15750.0,0.0,15750.0
5000016099,20240810,1,123,2,4.0,1,10800.0,216.0,10584.0
5000000072,20240811,2,1360,2,2.0,3,13500.0,0.0,40500.0
5000000466,20240811,1,494,1,,1,12600.0,1260.0,11340.0
5000000467,20240811,1,494,1,,1,12000.0,1200.0,10800.0
5000003063,20240811,1,886,2,4.0,2,12000.0,0.0,24000.0
5000005429,20240811,2,784,1,,3,15000.0,2250.0,42750.0
5000005430,20240811,1,784,1,,1,12000.0,1200.0,10800.0
5000006573,20240811,1,898,1,,2,12600.0,0.0,25200.0
5000007700,20240811,1,523,1,,2,12000.0,1200.0,22800.0
5000008021,20240811,2,716,2,3.0,1,15000.0,750.0,14250.0
5000008523,20240811,2,1331,1,,1,15000.0,1500.0,13500.0
5000008524,20240811,2,1331,1,,1,15000.0,300.0,14700.0
5000009016,20240811,2,398,1,,3,15750.0,2362.5,44887.5
5000009383,20240811,1,1148,2,1.0,1,12600.0,1260.0,11340.0
5000009384,20240811,1,1148,2,1.0,1,12000.0,240.0,11760.0
5000010923,20240811,1,1114,1,,3,12000.0,1800.0,34200.0
5000012464,20240811,1,894,2,3.0,3,12000.0,720.0,35280.0
5000014489,20240811,2,1202,1,,2,15000.0,0.0,30000.0
5000015223,20240811,1,895,2,3.0,3,12000.0,720.0,35280.0
5000015224,20240811,1,895,2,3.0,1,10800.0,0.0,10800.0
5000015225,20240811,1,895,2,3.0,2,12000.0,2400.0,21600.0
5000016130,20240811,2,213,1,,2,16500.0,660.0,32340.0
5000000791,20240812,2,639,2,1.0,3,16500.0,2475.0,47025.0
5000003526,20240812,2,282,2,3.0,3,15000.0,900.0,44100.0
5000004159,20240812,2,1165,2,1.0,2,15000.0,0.0,30000.0
5000004887,20240812,1,1326,1,,2,12000.0,0.0,24000.0
5000004888,20240812,1,1326,1,,3,12000.0,3600.0,32400.0
5000005260,20240812,2,228,1,,1,15750.0,1575.0,14175.0
5000005261,20240812,1,228,1,,1,12000.0,0.0,12000.0
5000005935,20240812,1,642,2,4.0,2,12000.0,0.0,24000.0
5000006358,20240812,1,920,2,2.0,3,10800.0,1620.0,30780.0
5000006359,20240812,1,920,2,2.0,2,10800.0,432.0,21168.0
5000006759,20240812,2,544,1,,2,16500.0,1650.0,31350.0
5000007778,20240812,1,569,1,,2,12000.0,1200.0,22800.0
5000008098,20240812,1,574,2,3.0,3,12000.0,0.0,36000.0
5000008740,20240812,1,737,2,4.0,1,13200.0,264.0,12936.0
5000008949,20240812,1,1231,2,1.0,1,12000.0,0.0,12000.0
5000010100,20240812,1,1178,2,1.0,3,12000.0,0.0,36000.0
5000012227,20240812,1,669,1,,3,10800.0,0.0,32400.0
5000012228,20240812,1,669,1,,1,12000.0,600.0,11400.0
5000012768,20240812,2,570,2,3.0,3,15000.0,0.0,45000.0
5000013471,20240812,1,935,1,,1,10800.0,540.0,10260.0
5000014143,20240812,1,385,1,,1,10800.0,216.0,10584.0
5000014420,20240812,1,982,1,,2,12000.0,480.0,23520.0
5000015713,20240812,1,604,1,,3,12000.0,0.0,36000.0
5000000341,20240813,2,843,1,,1,15000.0,300.0,14700.0
5000000595,20240813,1,495,1,,3,12000.0,720.0,35280.0
5000001172,20240813,1,99,2,2.0,2,12600.0,0.0,25200.0
5000001322,20240813,1,276,1,,3,12000.0,1800.0,34200.0
5000004288,20240813,2,122,2,1.0,2,16500.0,660.0,32340.0
5000004803,20240813,1,407,1,,2,10800.0,2160.0,19440.0
5000004828,20240813,1,199,1,,3,12000.0,720.0,35280.0
5000004829,20240813,2,199,1,,2,15750.0,1575.0,29925.0
5000007289,20240813,2,924,2,3.0,3,15750.0,945.0,46305.0
5000008067,20240813,1,1096,1,,1,10800.0,1080.0,9720.0
5000009289,20240813,1,842,1,,2,10800.0,0.0,21600.0
5000009290,20240813,1,842,1,,2,12000.0,0.0,24000.0
5000011797,20240813,1,1172,1,,2,10800.0,0.0,21600.0
5000013242,20240813,1,534,1,,2,12000.0,0.0,24000.0
5000014258,20240813,2,310,2,3.0,3,15000.0,0.0,45000.0
5000015003,20240813,2,134,1,,1,13500.0,675.0,12825.0
5000000488,20240814,1,356,1,,3,12000.0,0.0,36000.0
5000000529,20240814,1,293,1,,3,13200.0,3960.0,35640.0
5000000530,20240814,1,293,1,,1,12600.0,1260.0,11340.0
5000001048,20240814,2,987,1,,3,15000.0,2250.0,42750.0
5000001739,20240814,2,1371,1,,2,15000.0,3000.0,27000.0
5000002425,20240814,1,1001,2,3.0,3,10800.0,0.0,32400.0
5000002842,20240814,1,1323,2,3.0,2,12000.0,480.0,23520.0
5000004268,20240814,2,1397,1,,3,15000.0,2250.0,42750.0
5000004269,20240814,2,1397,1,,3,15000.0,4500.0,40500.0
5000005263,20240814,1,50,1,,3,12000.0,0.0,36000.0
5000005783,20240814,1,384,1,,3,12000.0,1800.0,34200.0
5000006121,20240814,2,688,2,2.0,2,15000.0,0.0,30000.0
5000006122,20240814,2,688,2,2.0,3,16500.0,4950.0,44550.0
5000006454,20240814,2,1111,2,3.0,3,15000.0,4500.0,40500.0
5000006455,20240814,1,1111,2,3.0,1,12000.0,600.0,11400.0
5000006510,20240814,1,547,2,3.0,2,12000.0,2400.0,21600.0
5000008246,20240814,2,425,1,,3,15000.0,4500.0,40500.0
5000008525,20240814,1,527,2,2.0,3,10800.0,0.0,32400.0
5000010062,20240814,2,410,2,3.0,1,15000.0,1500.0,13500.0
5000010255,20240814,1,3,1,,1,12000.0,240.0,11760.0
5000010303,20240814,1,890,1,,3,12600.0,3780.0,34020.0
5000010304,20240814,1,890,1,,3,12000.0,0.0,36000.0
5000010305,20240814,1,890,1,,1,12000.0,1200.0,10800.0
5000012922,20240814,1,114,2,2.0,1,10800.0,0.0,10800.0
5000000525,20240815,2,1,2,2.0,2,15000.0,600.0,29400.0
5000001702,20240815,1,1092,2,2.0,1,12000.0,0.0,12000.0
5000001787,20240815,1,716,1,,1,12000.0,0.0,12000.0
5000002260,20240815,2,793,2,4.0,3,16500.0,2475.0,47025.0
5000002261,20240815,1,793,2,4.0,2,12000.0,480.0,23520.0
5000002957,20240815,1,411,2,3.0,3,13200.0,1980.0,37620.0
5000003714,20240815,2,1449,2,3.0,1,15000.0,300.0,14700.0
5000003934,20240815,2,1418,1,,1,15000.0,750.0,14250.0
5000005012,20240815,2,543,1,,2,15000.0,0.0,30000.0
5000006899,20240815,1,1334,2,1.0,1,12000.0,1200.0,10800.0
5000006959,20240815,2,1480,2,3.0,3,15000.0,4500.0,40500.0
5000007686,20240815,1,1387,2,2.0,2,13200.0,528.0,25872.0
5000008969,20240815,1,948,1,,2,12000.0,0.0,24000.0
5000009855,20240815,1,414,2,3.0,3,12000.0,3600.0,32400.0
5000010418,20240815,1,185,1,,1,13200.0,0.0,13200.0
5000010471,20240815,2,1484,1,,2,15750.0,0.0,31500.0
5000012238,20240815,2,722,2,3.0,3,13500.0,2025.0,38475.0
5000012239,20240815,1,722,2,3.0,3,13200.0,792.0,38808.0
5000013676,20240815,1,1428,2,2.0,2,13200.0,528.0,25872.0
5000015770,20240815,1,1040,2,2.0,2,10800.0,1080.0,20520.0
5000000428,20240816,2,380,1,,2,16500.0,3300.0,29700.0
5000000811,20240816,1,1154,1,,2,12000.0,480.0,23520.0
5000001968,20240816,1,1435,1,,1,12000.0,1200.0,10800.0
5000002987,20240816,2,810,2,3.0,3,15000.0,900.0,44100.0
5000003468,20240816,1,405,1,,1,12000.0,1200.0,10800.0
5000005311,20240816,2,28,1,,3,16500.0,0.0,49500.0
5000005611,20240816,1,1432,2,4.0,1,12000.0,600.0,11400.0
5000005663,20240816,2,869,2,3.0,2,15000.0,1500.0,28500.0
5000007350,20240816,1,164,1,,1,12000.0,0.0,12000.0
5000007689,20240816,2,192,1,,1,15000.0,750.0,14250.0
5000007690,20240816,2,192,1,,1,15000.0,300.0,14700.0
5000008071,20240816,2,65,2,4.0,1,13500.0,270.0,13230.0
5000008956,20240816,2,201,2,3.0,2,15750.0,3150.0,28350.0
5000008957,20240816,2,201,2,3.0,2,15000.0,3000.0,27000.0
5000010231,20240816,1,92,1,,3,13200.0,792.0,38808.0
5000012448,20240816,1,1255,1,,3,12000.0,1800.0,34200.0
5000013617,20240816,1,51,1,,1,10800.0,0.0,10800.0
5000013618,20240816,2,51,1,,2,13500.0,1350.0,25650.0
5000014106,20240816,2,140,2,1.0,1,15750.0,1575.0,14175.0
5000014107,20240816,1,140,2,1.0,2,12600.0,504.0,24696.0
5000015326,20240816,1,664,1,,1,12000.0,240.0,11760.0
5000015327,20240816,2,664,1,,3,15000.0,4500.0,40500.0
5000000582,20240817,1,143,2,4.0,3,12000.0,0.0,36000.0
5000001003,20240817,2,1428,1,,3,15000.0,900.0,44100.0
5000001234,20240817,1,611,1,,1,10800.0,540.0,10260.0
5000001346,20240817,2,319,1,,2,15000.0,0.0,30000.0
5000001347,20240817,2,319,1,,3,15750.0,4725.0,42525.0
5000002429,20240817,1,1045,1,,3,12000.0,0.0,36000.0
5000002430,20240817,1,1045,1,,2,10800.0,1080.0,20520.0
5000002473,20240817,1,1169,2,1.0,3,12000.0,720.0,35280.0
5000002671,20240817,1,1493,1,,1,12000.0,240.0,11760.0
5000003588,20240817,2,1157,2,1.0,2,15750.0,0.0,31500.0
5000003589,20240817,2,1157,2,1.0,1,15000.0,300.0,14700.0
5000007647,20240817,2,1434,1,,2,15000.0,1500.0,28500.0
5000007648,20240817,2,1434,1,,1,15000.0,300.0,14700.0
5000011399,20240817,2,1338,1,,2,15000.0,3000.0,27000.0
5000011942,20240817,2,1482,1,,3,15000.0,4500.0,40500.0
5000012498,20240817,1,760,2,3.0,2,12600.0,1260.0,23940.0
5000012499,20240817,2,760,2,3.0,2,15000.0,1500.0,28500.0
5000013161,20240817,2,501,1,,1,15000.0,1500.0,13500.0
5000015589,20240817,2,447,2,2.0,3,15000.0,0.0,45000.0
5000015796,20240817,2,427,1,,2,13500.0,540.0,26460.0
5000000471,20240818,2,1261,1,,3,15000.0,900.0,44100.0
5000002254,20240818,1,946,1,,1,12000.0,600.0,11400.0
5000002345,20240818,1,1099,1,,1,12000.0,600.0,11400.0
5000004724,20240818,2,555,1,,1,13500.0,0.0,13500.0
5000004725,20240818,2,555,1,,3,13500.0,810.0,39690.0
5000005385,20240818,2,1073,1,,2,15000.0,0.0,30000.0
5000005533,20240818,1,611,1,,2,10800.0,1080.0,20520.0
5000006574,20240818,1,819,2,2.0,1,13200.0,1320.0,11880.0
5000007476,20240818,2,994,2,3.0,1,15750.0,315.0,15435.0
5000008256,20240818,1,1360,1,,2,12000.0,2400.0,21600.0
5000008257,20240818,2,1360,1,,2,15000.0,0.0,30000.0
5000008258,20240818,1,1360,1,,1,12000.0,600.0,11400.0
5000008267,20240818,2,442,2,1.0,3,15750.0,0.0,47250.0
5000010057,20240818,1,360,1,,1,13200.0,264.0,12936.0
5000010058,20240818,1,360,1,,3,12000.0,720.0,35280.0
5000010327,20240818,1,203,2,4.0,2,12000.0,2400.0,21600.0
5000011127,20240818,1,695,2,2.0,3,13200.0,1980.0,37620.0
5000011311,20240818,1,819,1,,3,12600.0,0.0,37800.0
5000012892,20240818,1,487,2,4.0,3,12000.0,3600.0,32400.0
5000014253,20240818,1,1086,1,,2,10800.0,432.0,21168.0
5000015311,20240818,1,400,2,3.0,1,12000.0,240.0,11760.0
5000000542,20240819,2,1121,1,,2,15000.0,600.0,29400.0
5000000543,20240819,1,1121,1,,3,13200.0,3960.0,35640.0
5000003182,20240819,1,1062,1,,2,10800.0,432.0,21168.0
5000003335,20240819,1,798,1,,1,12000.0,240.0,11760.0
5000004111,20240819,1,667,1,,2,12000.0,2400.0,21600.0
5000004271,20240819,1,1447,1,,2,12600.0,504.0,24696.0
5000004272,20240819,2,1447,1,,2,15750.0,0.0,31500.0
5000005047,20240819,1,1140,1,,1,12000.0,240.0,11760.0
5000005761,20240819,1,1119,1,,3,12000.0,3600.0,32400.0
5000006767,20240819,1,661,1,,3,12000.0,3600.0,32400.0
5000007372,20240819,1,1215,1,,3,12600.0,1890.0,35910.0
5000007833,20240819,2,322,1,,2,16500.0,0.0,33000.0
5000011490,20240819,1,19,1,,2,10800.0,0.0,21600.0
5000013404,20240819,2,597,1,,3,15000.0,0.0,45000.0
5000013405,20240819,2,597,1,,2,13500.0,540.0,26460.0
5000014868,20240819,1,505,2,1.0,3,12000.0,3600.0,32400.0
5000014942,20240819,1,1093,1,,2,12000.0,0.0,24000.0
5000000872,20240820,1,157,1,,3,12000.0,0.0,36000.0
5000001552,20240820,1,514,1,,3,10800.0,648.0,31752.0
5000002055,20240820,2,952,1,,1,15750.0,0.0,15750.0
5000002262,20240820,1,864,2,3.0,1,12000.0,600.0,11400.0
5000003019,20240820,1,831,2,2.0,2,12000.0,0.0,24000.0
5000004155,20240820,1,603,2,2.0,1,13200.0,660.0,12540.0
5000007231,20240820,1,1428,1,,2,10800.0,1080.0,20520.0
5000007232,20240820,1,1428,1,,2,12000.0,480.0,23520.0
5000007377,20240820,1,277,1,,1,12000.0,1200.0,10800.0
5000009460,20240820,2,1377,2,1.0,3,15000.0,2250.0,42750.0
5000010513,20240820,1,1008,1,,1,12000.0,240.0,11760.0
5000010514,20240820,1,1008,1,,2,12000.0,2400.0,21600.0
5000013143,20240820,1,634,2,1.0,1,10800.0,216.0,10584.0
5000013687,20240820,2,798,2,4.0,3,15750.0,2362.5,44887.5
5000013688,20240820,1,798,2,4.0,1,12000.0,1200.0,10800.0
5000013689,20240820,1,149,1,,1,12000.0,1200.0,10800.0
5000014058,20240820,2,947,1,,3,15000.0,900.0,44100.0
5000014314,20240820,1,703,1,,2,12000.0,2400.0,21600.0
5000014529,20240820,2,1416,1,,2,15000.0,600.0,29400.0
5000015353,20240820,1,904,2,3.0,2,12600.0,2520.0,22680.0
5000015450,20240820,2,1306,2,2.0,3,15000.0,0.0,45000.0
5000015719,20240820,1,86,1,,2,12000.0,480.0,23520.0
5000015840,20240820,2,49,2,1.0,3,16500.0,4950.0,44550.0
5000000499,20240821,1,172,1,,1,12600.0,630.0,11970.0
5000001159,20240821,1,1335,2,3.0,2,10800.0,2160.0,19440.0
5000003823,20240821,2,695,1,,2,15000.0,1500.0,28500.0
5000003824,20240821,2,695,1,,2,15000.0,3000.0,27000.0
5000003825,20240821,2,695,1,,3,13500.0,810.0,39690.0
5000004281,20240821,2,1306,1,,3,15000.0,4500.0,40500.0
5000004282,20240821,2,1306,1,,1,15000.0,1500.0,13500.0
5000004485,20240821,2,1424,1,,1,15000.0,1500.0,13500.0
5000005073,20240821,2,615,2,3.0,3,15000.0,900.0,44100.0
5000005117,20240821,1,92,1,,3,12000.0,0.0,36000.0
5000005370,20240821,1,434,1,,1,10800.0,216.0,10584.0
5000005371,20240821,1,434,1,,2,12600.0,504.0,24696.0
5000006138,20240821,2,488,1,,1,15000.0,0.0,15000.0
5000006139,20240821,2,488,1,,2,15750.0,0.0,31500.0
5000006228,20240821,1,806,2,4.0,3,10800.0,3240.0,29160.0
5000006540,20240821,2,1240,2,2.0,3,13500.0,2025.0,38475.0
5000009933,20240821,1,380,1,,2,12000.0,0.0,24000.0
5000010590,20240821,1,113,2,4.0,3,12000.0,1800.0,34200.0
5000010930,20240821,2,354,1,,1,13500.0,270.0,13230.0
5000011661,20240821,1,380,2,3.0,2,12000.0,480.0,23520.0
5000011662,20240821,1,380,2,3.0,3,12000.0,0.0,36000.0
5000011669,20240821,1,117,2,1.0,1,12000.0,240.0,11760.0
5000011952,20240821,1,1105,1,,3,13200.0,792.0,38808.0
5000012533,20240821,1,965,1,,1,12600.0,630.0,11970.0
5000012534,20240821,1,965,1,,2,12000.0,0.0,24000.0
5000015121,20240821,2,433,2,2.0,2,15000.0,1500.0,28500.0
5000015122,20240821,1,433,2,2.0,1,12600.0,0.0,12600.0
5000015907,20240821,1,543,2,4.0,3,12000.0,0.0,36000.0
5000000952,20240822,1,1041,2,2.0,2,13200.0,528.0,25872.0
5000001479,20240822,1,660,1,,1,12000.0,240.0,11760.0
5000001480,20240822,1,660,1,,1,12600.0,0.0,12600.0
5000001747,20240822,2,276,2,3.0,2,15000.0,1500.0,28500.0
5000001982,20240822,2,1496,1,,1,15000.0,0.0,15000.0
5000001983,20240822,2,1496,1,,1,15000.0,300.0,14700.0
5000003882,20240822,1,1198,1,,2,12600.0,0.0,25200.0
5000003883,20240822,2,1198,1,,2,15000.0,1500.0,28500.0
5000004080,20240822,1,177,2,1.0,3,12000.0,720.0,35280.0
5000004081,20240822,2,177,2,1.0,1,15000.0,300.0,14700.0
5000004094,20240822,1,1428,2,3.0,3,12000.0,720.0,35280.0
5000004504,20240822,1,260,1,,3,12000.0,1800.0,34200.0
5000005053,20240822,1,488,2,3.0,1,12000.0,600.0,11400.0
5000005109,20240822,1,850,1,,2,12000.0,480.0,23520.0
5000005110,20240822,2,850,1,,1,13500.0,270.0,13230.0
5000005189,20240822,1,346,1,,3,12000.0,1800.0,34200.0
5000005655,20240822,2,1398,2,2.0,3,15000.0,0.0,45000.0
5000005656,20240822,1,1398,2,2.0,1,12000.0,0.0,12000.0
5000005982,20240822,2,359,1,,3,15000.0,2250.0,42750.0
5000007227,20240822,2,544,1,,1,13500.0,675.0,12825.0
5000007319,20240822,2,1164,2,1.0,1,13500.0,270.0,13230.0
5000007320,20240822,1,1164,2,1.0,2,12000.0,480.0,23520.0
5000009526,20240822,2,398,1,,1,15000.0,300.0,14700.0
5000009527,20240822,2,724,2,2.0,2,13500.0,1350.0,25650.0
5000009593,20240822,1,250,1,,1,12000.0,0.0,12000.0
5000009594,20240822,2,250,1,,3,13500.0,4050.0,36450.0
5000010120,20240822,2,1102,2,2.0,2,13500.0,0.0,27000.0
5000010475,20240822,2,1,1,,1,15000.0,1500.0,13500.0
5000010518,20240822,1,1339,2,2.0,1,12000.0,1200.0,10800.0
5000010806,20240822,2,543,1,,3,15000.0,900.0,44100.0
5000010807,20240822,1,543,1,,2,12000.0,1200.0,22800.0
5000010808,20240822,2,543,1,,2,13500.0,0.0,27000.0
5000012731,20240822,2,1289,1,,1,13500.0,270.0,13230.0
5000014050,20240822,1,878,1,,2,10800.0,0.0,21600.0
5000002655,20240823,1,1062,1,,3,13200.0,1980.0,37620.0
5000003139,20240823,2,1488,2,2.0,1,15000.0,750.0,14250.0
5000003852,20240823,1,1409,2,2.0,1,12000.0,1200.0,10800.0
5000003853,20240823,2,1409,2,2.0,2,15000.0,0.0,30000.0
5000003854,20240823,2,1409,2,2.0,1,15000.0,750.0,14250.0
5000005667,20240823,1,915,2,2.0,2,12000.0,1200.0,22800.0
5000005668,20240823,2,915,2,2.0,1,15000.0,750.0,14250.0
5000006604,20240823,2,1304,2,3.0,1,15750.0,0.0,15750.0
5000006653,20240823,1,665,2,4.0,2,12000.0,1200.0,22800.0
5000007275,20240823,1,319,1,,1,12600.0,630.0,11970.0
5000008000,20240823,1,38,2,1.0,1,10800.0,1080.0,9720.0
5000008720,20240823,2,419,1,,2,13500.0,0.0,27000.0
5000008746,20240823,2,20,1,,2,13500.0,540.0,26460.0
5000008747,20240823,2,20,1,,1,15000.0,300.0,14700.0
5000010291,20240823,1,98,1,,1,10800.0,0.0,10800.0
5000010472,20240823,1,1340,1,,3,12000.0,720.0,35280.0
5000011114,20240823,1,1093,2,3.0,3,12000.0,1800.0,34200.0
5000011751,20240823,2,475,2,3.0,2,15000.0,3000.0,27000.0
5000011957,20240823,1,75,1,,1,12000.0,240.0,11760.0
5000012426,20240823,1,1161,1,,2,10800.0,1080.0,20520.0
5000013095,20240823,1,661,1,,2,12000.0,2400.0,21600.0
5000014749,20240823,1,1236,2,1.0,3,12000.0,3600.0,32400.0
5000014750,20240823,2,1236,2,1.0,2,16500.0,1650.0,31350.0
5000015025,20240823,1,178,2,2.0,2,12000.0,2400.0,21600.0
5000000870,20240824,1,31,2,4.0,2,12000.0,480.0,23520.0
5000001163,20240824,1,780,1,,3,12000.0,720.0,35280.0
5000001164,20240824,2,780,1,,1,15750.0,787.5,14962.5
5000001462,20240824,1,220,2,4.0,3,13200.0,0.0,39600.0
5000002797,20240824,1,921,2,1.0,3,12000.0,0.0,36000.0
5000002798,20240824,1,921,2,1.0,1,12000.0,1200.0,10800.0
5000003136,20240824,2,1008,2,1.0,1,15000.0,300.0,14700.0
5000004199,20240824,1,588,1,,3,10800.0,648.0,31752.0
5000004309,20240824,2,253,1,,2,15000.0,600.0,29400.0
5000004310,20240824,2,253,1,,2,15000.0,1500.0,28500.0
5000005333,20240824,1,901,2,4.0,3,12600.0,0.0,37800.0
5000006026,20240824,1,879,2,1.0,1,12600.0,0.0,12600.0
5000007047,20240824,1,991,2,3.0,1,12600.0,0.0,12600.0
5000007512,20240824,1,1485,2,2.0,1,12600.0,630.0,11970.0
5000009726,20240824,1,902,2,4.0,2,13200.0,0.0,26400.0
5000009727,20240824,1,902,2,4.0,2,12000.0,1200.0,22800.0
5000010273,20240824,1,1395,1,,3,12000.0,1800.0,34200.0
5000010502,20240824,1,275,1,,3,12600.0,0.0,37800.0
5000010503,20240824,1,275,1,,2,12000.0,1200.0,22800.0
5000011794,20240824,1,877,1,,3,12600.0,3780.0,34020.0
5000012072,20240824,2,768,1,,2,15750.0,630.0,30870.0
5000012133,20240824,1,317,1,,3,12000.0,3600.0,32400.0
5000012246,20240824,2,897,2,4.0,3,16500.0,0.0,49500.0
5000012247,20240824,2,897,2,4.0,1,15000.0,750.0,14250.0
5000012642,20240824,1,607,2,2.0,3,12000.0,720.0,35280.0
5000012643,20240824,1,607,2,2.0,3,12000.0,0.0,36000.0
5000013077,20240824,2,1322,1,,2,15000.0,600.0,29400.0
5000014855,20240824,1,150,1,,3,10800.0,0.0,32400.0
5000000014,20240825,1,1148,1,,3,12000.0,0.0,36000.0
5000000015,20240825,2,1148,1,,3,15000.0,4500.0,40500.0
5000000016,20240825,1,1148,1,,1,12600.0,0.0,12600.0
5000000544,20240825,2,696,2,1.0,3,15000.0,2250.0,42750.0
5000001771,20240825,2,646,1,,1,15000.0,1500.0,13500.0
5000001849,20240825,2,1134,1,,2,13500.0,1350.0,25650.0
5000003204,20240825,1,709,2,2.0,1,12000.0,600.0,11400.0
5000003305,20240825,2,1123,1,,1,15750.0,0.0,15750.0
5000003679,20240825,2,787,2,2.0,1,15000.0,300.0,14700.0
5000003680,20240825,2,787,2,2.0,2,15000.0,600.0,29400.0
5000003849,20240825,1,204,1,,1,12000.0,240.0,11760.0
5000003850,20240825,2,204,1,,3,13500.0,4050.0,36450.0
5000003947,20240825,1,1079,1,,2,12000.0,1200.0,22800.0
5000004326,20240825,2,1312,2,2.0,1,15000.0,750.0,14250.0
5000004882,20240825,1,433,1,,3,12000.0,0.0,36000.0
5000004883,20240825,2,433,1,,2,15750.0,630.0,30870.0
5000006473,20240825,1,867,1,,1,12000.0,240.0,11760.0
5000006474,20240825,1,867,1,,2,10800.0,432.0,21168.0
5000006937,20240825,2,1475,2,1.0,3,16500.0,0.0,49500.0
5000006938,20240825,2,1475,2,1.0,3,15000.0,4500.0,40500.0
5000007090,20240825,1,1070,1,,2,12000.0,1200.0,22800.0
5000008296,20240825,1,1286,1,,3,10800.0,1620.0,30780.0
5000008297,20240825,1,1286,1,,1,12000.0,0.0,12000.0
5000009005,20240825,1,1252,1,,1,12000.0,0.0,12000.0
5000009720,20240825,2,894,1,,1,15750.0,0.0,15750.0
5000009721,20240825,2,894,1,,1,13500.0,0.0,13500.0
5000011023,20240825,2,1241,1,,1,15000.0,1500.0,13500.0
5000011024,20240825,1,1241,1,,1,10800.0,540.0,10260.0
5000012099,20240825,1,196,2,3.0,3,12000.0,1800.0,34200.0
5000012829,20240825,1,552,2,3.0,3,13200.0,1980.0,37620.0
5000013560,20240825,1,543,1,,3,12600.0,3780.0,34020.0
5000013805,20240825,2,1381,1,,3,15000.0,4500.0,40500.0
5000014374,20240825,1,612,2,3.0,2,12000.0,0.0,24000.0
5000015234,20240825,1,1232,1,,2,12000.0,480.0,23520.0
5000000699,20240826,1,577,1,,2,12000.0,0.0,24000.0
5000000700,20240826,1,577,1,,1,12000.0,0.0,12000.0
5000001828,20240826,1,1187,1,,1,12000.0,240.0,11760.0
5000001829,20240826,2,1187,1,,1,15000.0,1500.0,13500.0
5000002035,20240826,1,991,2,3.0,1,12000.0,1200.0,10800.0
5000003884,20240826,1,334,2,2.0,2,12000.0,0.0,24000.0
5000003885,20240826,2,334,2,2.0,1,15750.0,315.0,15435.0
5000004140,20240826,2,1228,1,,1,15000.0,300.0,14700.0
5000004141,20240826,1,1228,1,,3,12000.0,720.0,35280.0
5000004604,20240826,2,1176,1,,2,13500.0,540.0,26460.0
5000004605,20240826,2,1176,1,,3,15000.0,4500.0,40500.0
5000005187,20240826,1,1235,2,2.0,3,12000.0,3600.0,32400.0
5000005188,20240826,2,1235,2,2.0,1,15000.0,750.0,14250.0
5000005622,20240826,2,1034,2,1.0,1,15000.0,0.0,15000.0
5000005623,20240826,1,1034,2,1.0,3,12600.0,0.0,37800.0
5000006168,20240826,1,242,1,,2,10800.0,1080.0,20520.0
5000006385,20240826,1,233,1,,2,13200.0,1320.0,25080.0
5000006910,20240826,2,914,2,4.0,1,15000.0,300.0,14700.0
5000006977,20240826,2,451,2,2.0,1,15000.0,0.0,15000.0
5000006978,20240826,2,451,2,2.0,2,13500.0,2700.0,24300.0
5000008196,20240826,1,168,1,,2,12000.0,480.0,23520.0
5000010983,20240826,1,539,1,,1,12000.0,240.0,11760.0
5000011731,20240826,2,963,2,1.0,2,15750.0,630.0,30870.0
5000011885,20240826,2,952,2,4.0,2,13500.0,1350.0,25650.0
5000012058,20240826,2,899,1,,3,16500.0,990.0,48510.0
5000012277,20240826,1,772,1,,2,12000.0,1200.0,22800.0
5000012278,20240826,2,772,1,,2,15750.0,1575.0,29925.0
5000013310,20240826,2,386,1,,2,13500.0,540.0,26460.0
5000014690,20240826,1,394,1,,2,12000.0,0.0,24000.0
5000000697,20240827,1,1055,1,,2,12000.0,1200.0,22800.0
5000000698,20240827,2,1055,1,,2,15750.0,1575.0,29925.0
5000002171,20240827,1,1066,1,,2,12000.0,0.0,24000.0
5000002711,20240827,1,1098,2,2.0,3,10800.0,0.0,32400.0
5000002712,20240827,2,1098,2,2.0,2,15750.0,630.0,30870.0
5000004191,20240827,1,1388,2,2.0,1,10800.0,1080.0,9720.0
5000004523,20240827,2,992,1,,1,15000.0,0.0,15000.0
5000004862,20240827,1,1253,1,,1,12000.0,240.0,11760.0
5000004863,20240827,1,1253,1,,1,10800.0,0.0,10800.0
5000005170,20240827,1,530,1,,2,12000.0,1200.0,22800.0
5000006257,20240827,1,1186,2,4.0,3,12000.0,3600.0,32400.0
5000006514,20240827,1,605,1,,1,13200.0,0.0,13200.0
5000006515,20240827,1,605,1,,2,12000.0,2400.0,21600.0
5000006516,20240827,1,605,1,,1,12000.0,600.0,11400.0
5000006613,20240827,1,424,1,,3,12000.0,3600.0,32400.0
5000007190,20240827,1,1309,1,,1,12600.0,252.0,12348.0
5000008772,20240827,1,1434,2,2.0,1,13200.0,660.0,12540.0
5000008940,20240827,2,521,1,,1,15000.0,300.0,14700.0
5000009165,20240827,2,902,1,,3,13500.0,4050.0,36450.0
5000009166,20240827,1,902,1,,3,12000.0,1800.0,34200.0
5000009533,20240827,1,1457,2,1.0,2,12600.0,0.0,25200.0
5000010643,20240827,1,829,1,,3,12000.0,3600.0,32400.0
5000010812,20240827,1,47,2,4.0,1,12600.0,0.0,12600.0
5000010813,20240827,1,47,2,4.0,3,12600.0,1890.0,35910.0
5000010873,20240827,2,274,1,,3,15750.0,2362.5,44887.5
5000012455,20240827,2,1055,2,3.0,1,13500.0,1350.0,12150.0
5000012787,20240827,2,281,2,3.0,2,15000.0,1500.0,28500.0
5000013651,20240827,1,1445,1,,2,12000.0,2400.0,21600.0
5000014303,20240827,1,1452,1,,2,12000.0,2400.0,21600.0
5000014304,20240827,1,1452,1,,2,12000.0,0.0,24000.0
5000014305,20240827,2,1452,1,,1,15000.0,300.0,14700.0
5000014678,20240827,1,1298,2,3.0,2,12000.0,2400.0,21600.0
5000014900,20240827,2,804,1,,1,15000.0,1500.0,13500.0
5000015451,20240827,1,94,1,,3,10800.0,0.0,32400.0
5000016082,20240827,1,355,2,3.0,3,12000.0,720.0,35280.0
5000016083,20240827,1,355,2,3.0,1,12000.0,240.0,11760.0
5000016084,20240827,1,355,2,3.0,1,10800.0,540.0,10260.0
5000001116,20240828,1,1371,1,,1,12600.0,630.0,11970.0
5000001117,20240828,1,1371,1,,2,12600.0,2520.0,22680.0
5000001273,20240828,1,1392,1,,2,12600.0,0.0,25200.0
5000002607,20240828,2,197,2,2.0,1,15000.0,1500.0,13500.0
5000004587,20240828,1,1290,2,4.0,1,12600.0,0.0,12600.0
5000004588,20240828,2,1290,2,4.0,1,13500.0,270.0,13230.0
5000005067,20240828,2,553,2,1.0,3,15000.0,0.0,45000.0
5000006828,20240828,2,824,1,,3,15000.0,4500.0,40500.0
5000006969,20240828,2,1048,2,4.0,2,15000.0,3000.0,27000.0
5000007364,20240828,1,1132,2,1.0,2,12000.0,480.0,23520.0
5000008929,20240828,2,190,1,,2,15000.0,0.0,30000.0
5000009535,20240828,2,483,1,,2,15750.0,0.0,31500.0
5000009536,20240828,2,483,1,,1,15750.0,0.0,15750.0
5000010029,20240828,1,1236,1,,3,12000.0,0.0,36000.0
5000011164,20240828,2,1155,2,1.0,1,15000.0,300.0,14700.0
5000011375,20240828,1,362,1,,3,12000.0,0.0,36000.0
5000012003,20240828,1,173,1,,3,13200.0,0.0,39600.0
5000012923,20240828,2,1315,2,3.0,3,15000.0,2250.0,42750.0
5000013466,20240828,1,1445,2,2.0,3,12000.0,3600.0,32400.0
5000013467,20240828,2,1445,2,2.0,2,15750.0,0.0,31500.0
5000013622,20240828,1,348,2,4.0,3,10800.0,1620.0,30780.0
5000013623,20240828,1,348,2,4.0,3,12000.0,3600.0,32400.0
5000014334,20240828,2,145,2,2.0,2,15750.0,630.0,30870.0
5000014335,20240828,2,145,2,2.0,3,15000.0,0.0,45000.0
5000015953,20240828,2,1169,1,,3,15000.0,2250.0,42750.0
5000000473,20240829,1,503,1,,3,12000.0,0.0,36000.0
5000000876,20240829,2,1469,1,,2,15750.0,1575.0,29925.0
5000000877,20240829,1,1469,1,,1,12000.0,600.0,11400.0
5000000910,20240829,2,1289,2,2.0,3,15000.0,4500.0,40500.0
5000003213,20240829,2,217,2,1.0,2,16500.0,1650.0,31350.0
5000005696,20240829,2,9,1,,2,15000.0,1500.0,28500.0
5000006409,20240829,1,422,1,,3,12000.0,3600.0,32400.0
5000007854,20240829,1,945,2,4.0,3,12000.0,3600.0,32400.0
5000009117,20240829,2,1238,1,,3,15000.0,0.0,45000.0
5000010095,20240829,1,377,1,,2,12000.0,1200.0,22800.0
5000010317,20240829,1,1440,2,4.0,2,12000.0,480.0,23520.0
5000010318,20240829,1,1440,2,4.0,1,12000.0,240.0,11760.0
5000011180,20240829,1,319,1,,1,10800.0,0.0,10800.0
5000012272,20240829,1,985,2,1.0,1,12000.0,0.0,12000.0
5000012273,20240829,2,985,2,1.0,3,15000.0,2250.0,42750.0
5000013011,20240829,1,1372,1,,1,12000.0,600.0,11400.0
5000013424,20240829,2,739,1,,1,15750.0,787.5,14962.5
5000013550,20240829,2,1348,1,,1,15750.0,0.0,15750.0
5000014019,20240829,2,433,2,2.0,2,15000.0,0.0,30000.0
5000014508,20240829,1,725,2,4.0,3,12000.0,0.0,36000.0
5000015041,20240829,2,194,1,,2,13500.0,540.0,26460.0
5000015042,20240829,1,194,1,,3,12600.0,3780.0,34020.0
5000000300,20240830,1,569,2,2.0,2,12000.0,2400.0,21600.0
5000000717,20240830,1,970,2,1.0,3,12600.0,3780.0,34020.0
5000000980,20240830,2,440,1,,3,15000.0,900.0,44100.0
5000001724,20240830,2,1471,1,,2,15000.0,1500.0,28500.0
5000004109,20240830,1,1372,2,1.0,1,10800.0,1080.0,9720.0
5000004110,20240830,1,1372,2,1.0,3,10800.0,0.0,32400.0
5000004153,20240830,1,1321,1,,1,12000.0,1200.0,10800.0
5000004171,20240830,2,1038,2,1.0,3,15000.0,4500.0,40500.0
5000004403,20240830,2,415,1,,1,15000.0,750.0,14250.0
5000004710,20240830,1,924,1,,2,12000.0,1200.0,22800.0
5000005028,20240830,1,625,1,,1,13200.0,660.0,12540.0
5000009592,20240830,2,425,2,1.0,1,15000.0,1500.0,13500.0
5000010130,20240830,1,1410,1,,1,12000.0,600.0,11400.0
5000011694,20240830,2,964,1,,3,15750.0,2362.5,44887.5
5000011695,20240830,2,964,1,,3,15000.0,2250.0,42750.0
5000011936,20240830,1,87,1,,2,12000.0,0.0,24000.0
5000012312,20240830,2,1117,2,3.0,2,15000.0,3000.0,27000.0
5000012313,20240830,2,1117,2,3.0,1,13500.0,270.0,13230.0
5000012612,20240830,2,33,2,4.0,1,15000.0,1500.0,13500.0
5000012613,20240830,2,33,2,4.0,2,15000.0,3000.0,27000.0
5000012614,20240830,1,33,2,4.0,3,12000.0,3600.0,32400.0
5000000563,20240831,1,673,1,,3,12000.0,3600.0,32400.0
5000001219,20240831,2,774,1,,2,15000.0,0.0,30000.0
5000001220,20240831,1,774,1,,2,10800.0,0.0,21600.0
5000002472,20240831,1,1313,1,,3,12600.0,3780.0,34020.0
5000003034,20240831,2,472,2,4.0,2,15750.0,1575.0,29925.0
5000004656,20240831,1,1436,2,3.0,2,13200.0,0.0,26400.0
5000004858,20240831,1,691,2,2.0,3,12600.0,3780.0,34020.0
5000006992,20240831,1,630,2,1.0,2,12000.0,480.0,23520.0
5000007678,20240831,1,1326,1,,2,12000.0,2400.0,21600.0
5000008197,20240831,1,746,2,2.0,1,10800.0,540.0,10260.0
5000009558,20240831,1,1465,2,4.0,1,12000.0,600.0,11400.0
5000010106,20240831,1,884,1,,3,12000.0,1800.0,34200.0
5000010229,20240831,1,657,2,4.0,2,10800.0,432.0,21168.0
5000011913,20240831,1,253,1,,2,12000.0,1200.0,22800.0
5000012155,20240831,1,1390,1,,2,12000.0,0.0,24000.0
5000012774,20240831,1,1170,2,4.0,1,13200.0,1320.0,11880.0
5000013134,20240831,1,17,1,,1,12000.0,240.0,11760.0
5000013183,20240831,1,897,2,2.0,3,12000.0,0.0,36000.0
5000013401,20240831,1,998,1,,2,12600.0,504.0,24696.0
5000013738,20240831,2,1485,1,,1,15000.0,0.0,15000.0
5000013739,20240831,2,1485,1,,3,13500.0,4050.0,36450.0
5000014027,20240831,1,486,1,,2,12000.0,1200.0,22800.0
5000014028,20240831,2,486,1,,3,15000.0,0.0,45000.0
5000014029,20240831,2,486,1,,1,13500.0,1350.0,12150.0
5000014724,20240831,2,1130,2,1.0,3,13500.0,4050.0,36450.0
5000000756,20240901,2,1373,2,1.0,2,15000.0,1500.0,28500.0
5000000758,20240901,2,1372,2,1.0,3,15750.0,0.0,47250.0
5000002023,20240901,1,642,2,1.0,1,12000.0,600.0,11400.0
5000002596,20240901,2,1004,1,,3,13500.0,4050.0,36450.0
5000003078,20240901,2,1364,1,,2,15000.0,0.0,30000.0
5000003509,20240901,2,1046,1,,2,15000.0,600.0,29400.0
5000003846,20240901,2,812,2,2.0,2,15000.0,1500.0,28500.0
5000003946,20240901,1,1272,2,3.0,1,10800.0,0.0,10800.0
5000005471,20240901,2,1431,1,,1,15000.0,1500.0,13500.0
5000005660,20240901,2,824,1,,3,15000.0,2250.0,42750.0
5000007429,20240901,2,1103,2,4.0,1,13500.0,675.0,12825.0
5000007699,20240901,2,973,2,3.0,3,15000.0,2250.0,42750.0
5000009986,20240901,1,1031,1,,2,12000.0,480.0,23520.0
5000010084,20240901,2,906,2,4.0,1,15000.0,300.0,14700.0
5000010943,20240901,2,34,2,3.0,1,16500.0,825.0,15675.0
5000011672,20240901,1,1311,2,2.0,1,12000.0,0.0,12000.0
5000013184,20240901,1,1315,1,,3,12000.0,3600.0,32400.0
5000013185,20240901,1,1315,1,,3,12000.0,1800.0,34200.0
5000014228,20240901,1,1177,2,4.0,2,12000.0,0.0,24000.0
5000014229,20240901,1,1177,2,4.0,1,12600.0,0.0,12600.0
5000014340,20240901,2,944,2,2.0,1,15000.0,750.0,14250.0
5000014938,20240901,2,675,1,,3,15000.0,900.0,44100.0
5000014939,20240901,2,675,1,,1,15000.0,0.0,15000.0
5000015761,20240901,1,912,1,,2,12000.0,2400.0,21600.0
5000016096,20240901,2,1207,1,,1,15000.0,1500.0,13500.0
5000000678,20240902,2,310,1,,1,15000.0,0.0,15000.0
5000000679,20240902,1,310,1,,2,12000.0,2400.0,21600.0
5000000680,20240902,1,310,1,,2,12000.0,0.0,24000.0
5000002304,20240902,1,345,1,,1,12000.0,240.0,11760.0
5000002674,20240902,1,1393,1,,2,13200.0,2640.0,23760.0
5000003927,20240902,2,39,1,,3,15000.0,4500.0,40500.0
5000004244,20240902,2,932,2,1.0,1,15000.0,300.0,14700.0
5000005480,20240902,1,534,2,4.0,3,12600.0,0.0,37800.0
5000005481,20240902,2,534,2,4.0,1,16500.0,1650.0,14850.0
5000006595,20240902,1,1227,1,,3,12000.0,3600.0,32400.0
5000008193,20240902,2,788,1,,1,15000.0,1500.0,13500.0
5000008526,20240902,1,660,1,,3,10800.0,1620.0,30780.0
5000008527,20240902,1,660,1,,3,10800.0,3240.0,29160.0
5000008528,20240902,2,660,1,,2,15000.0,600.0,29400.0
5000009936,20240902,1,1029,2,1.0,1,12000.0,0.0,12000.0
5000010697,20240902,1,538,2,3.0,2,12000.0,1200.0,22800.0
5000010716,20240902,1,1188,2,3.0,1,12000.0,600.0,11400.0
5000010827,20240902,1,1493,2,4.0,1,12000.0,240.0,11760.0
5000011288,20240902,2,1445,2,1.0,2,13500.0,540.0,26460.0
5000012595,20240902,1,498,1,,1,10800.0,540.0,10260.0
5000013058,20240902,1,338,2,4.0,2,12600.0,1260.0,23940.0
5000014828,20240902,1,16,1,,1,12600.0,0.0,12600.0
5000014829,20240902,2,16,1,,1,15000.0,1500.0,13500.0
5000015265,20240902,2,176,1,,2,15750.0,630.0,30870.0
5000015492,20240902,1,294,2,3.0,2,13200.0,2640.0,23760.0
5000015869,20240902,1,1035,1,,3,12600.0,3780.0,34020.0
5000000663,20240903,1,143,2,1.0,2,12000.0,0.0,24000.0
5000000664,20240903,2,143,2,1.0,3,15000.0,0.0,45000.0
5000000665,20240903,2,1036,1,,1,15000.0,300.0,14700.0
5000002581,20240903,1,129,1,,1,12600.0,630.0,11970.0
5000003303,20240903,1,459,2,1.0,1,12600.0,252.0,12348.0
5000003976,20240903,1,409,1,,2,13200.0,2640.0,23760.0
5000005302,20240903,2,1265,2,2.0,2,13500.0,1350.0,25650.0
5000005812,20240903,1,626,1,,3,12000.0,720.0,35280.0
5000005813,20240903,1,626,1,,2,12600.0,1260.0,23940.0
5000005814,20240903,2,626,1,,1,15000.0,300.0,14700.0
5000006158,20240903,1,900,2,1.0,1,12000.0,1200.0,10800.0
5000006216,20240903,1,143,2,4.0,2,13200.0,528.0,25872.0
5000007774,20240903,1,664,2,1.0,3,12000.0,1800.0,34200.0
5000008190,20240903,2,1230,1,,2,15000.0,3000.0,27000.0
5000009666,20240903,2,1011,2,3.0,1,15000.0,0.0,15000.0
5000011778,20240903,1,1201,2,3.0,2,12000.0,1200.0,22800.0
5000011779,20240903,2,1201,2,3.0,3,15000.0,2250.0,42750.0
5000012036,20240903,1,541,1,,2,12000.0,480.0,23520.0
5000012037,20240903,2,541,1,,1,15000.0,300.0,14700.0
5000012723,20240903,1,985,2,4.0,3,12000.0,720.0,35280.0
5000014037,20240903,2,1334,2,2.0,1,15000.0,300.0,14700.0
5000014233,20240903,2,1093,2,4.0,2,15750.0,1575.0,29925.0
5000014840,20240903,1,967,1,,2,12000.0,480.0,23520.0
5000015640,20240903,2,1204,2,4.0,2,15000.0,3000.0,27000.0
5000015901,20240903,1,1186,1,,1,12600.0,630.0,11970.0
5000016154,20240903,1,425,1,,2,10800.0,432.0,21168.0
5000001573,20240904,2,675,2,3.0,3,15000.0,0.0,45000.0
5000001574,20240904,2,675,2,3.0,2,16500.0,0.0,33000.0
5000002092,20240904,2,1323,2,1.0,1,13500.0,270.0,13230.0
5000002599,20240904,2,967,1,,3,15000.0,4500.0,40500.0
5000002992,20240904,1,73,1,,1,12000.0,0.0,12000.0
5000005043,20240904,2,1476,1,,1,15000.0,300.0,14700.0
5000006064,20240904,1,1428,2,3.0,1,12000.0,240.0,11760.0
5000006380,20240904,2,1222,1,,1,15750.0,0.0,15750.0
5000006869,20240904,2,282,1,,3,15000.0,4500.0,40500.0
5000008280,20240904,2,1340,1,,3,15000.0,2250.0,42750.0
5000008387,20240904,1,709,1,,2,12000.0,2400.0,21600.0
5000008388,20240904,2,709,1,,1,15000.0,750.0,14250.0
5000008847,20240904,1,1178,2,1.0,2,12600.0,2520.0,22680.0
5000009638,20240904,1,176,1,,2,12000.0,480.0,23520.0
5000010764,20240904,1,1251,2,2.0,1,10800.0,0.0,10800.0
5000012156,20240904,1,597,1,,3,12000.0,3600.0,32400.0
5000012157,20240904,1,597,1,,2,10800.0,0.0,21600.0
5000012627,20240904,2,979,1,,2,16500.0,660.0,32340.0
5000012628,20240904,1,979,1,,3,12000.0,3600.0,32400.0
5000012878,20240904,2,1465,2,1.0,1,15000.0,300.0,14700.0
5000012879,20240904,2,1465,2,1.0,3,15000.0,4500.0,40500.0
5000013336,20240904,1,234,2,3.0,1,12000.0,600.0,11400.0
5000013337,20240904,1,234,2,3.0,3,12000.0,1800.0,34200.0
5000000797,20240905,2,589,1,,1,15000.0,750.0,14250.0
5000001144,20240905,2,371,1,,2,15000.0,600.0,29400.0
5000002241,20240905,2,747,2,4.0,3,15750.0,945.0,46305.0
5000002242,20240905,2,747,2,4.0,3,15000.0,900.0,44100.0
5000002243,20240905,1,747,2,4.0,1,12000.0,240.0,11760.0
5000003133,20240905,2,345,1,,1,15750.0,315.0,15435.0
5000003134,20240905,2,345,1,,2,15000.0,600.0,29400.0
5000003816,20240905,2,334,1,,2,15750.0,3150.0,28350.0
5000003817,20240905,2,334,1,,2,13500.0,1350.0,25650.0
5000004144,20240905,1,1353,2,2.0,1,12000.0,240.0,11760.0
5000005400,20240905,1,904,1,,1,12000.0,240.0,11760.0
5000005401,20240905,1,904,1,,2,13200.0,2640.0,23760.0
5000005779,20240905,1,475,1,,2,12600.0,0.0,25200.0
5000005786,20240905,2,139,1,,2,15000.0,0.0,30000.0
5000005787,20240905,2,139,1,,2,15000.0,0.0,30000.0
5000006177,20240905,1,1180,2,3.0,2,12000.0,1200.0,22800.0
5000007937,20240905,1,1051,2,1.0,1,10800.0,1080.0,9720.0
5000009575,20240905,2,101,2,1.0,3,15000.0,0.0,45000.0
5000010507,20240905,2,232,1,,2,15000.0,0.0,30000.0
5000010508,20240905,1,232,1,,2,10800.0,432.0,21168.0
5000010509,20240905,2,232,1,,2,15000.0,3000.0,27000.0
5000010769,20240905,1,973,2,3.0,1,12000.0,0.0,12000.0
5000010770,20240905,2,973,2,3.0,2,16500.0,0.0,33000.0
5000011403,20240905,2,3,2,3.0,2,15000.0,600.0,29400.0
5000012780,20240905,1,1224,2,1.0,3,12000.0,1800.0,34200.0
5000013094,20240905,1,692,2,1.0,1,10800.0,540.0,10260.0
5000013508,20240905,1,795,1,,1,12000.0,0.0,12000.0
5000014853,20240905,2,951,1,,2,15750.0,1575.0,29925.0
5000014854,20240905,1,951,1,,3,12000.0,1800.0,34200.0
5000015933,20240905,1,459,1,,2,12600.0,0.0,25200.0
5000015934,20240905,1,459,1,,3,13200.0,792.0,38808.0
5000016136,20240905,2,1174,1,,3,15000.0,0.0,45000.0
5000016137,20240905,1,1174,1,,2,12000.0,480.0,23520.0
5000016138,20240905,1,1174,1,,2,12000.0,0.0,24000.0
5000000600,20240906,2,789,1,,1,15750.0,0.0,15750.0
5000001011,20240906,1,696,1,,3,10800.0,648.0,31752.0
5000001328,20240906,1,843,1,,3,13200.0,3960.0,35640.0
5000001329,20240906,1,843,1,,2,12000.0,480.0,23520.0
5000002007,20240906,2,405,1,,3,15000.0,4500.0,40500.0
5000002830,20240906,2,1061,2,1.0,3,13500.0,4050.0,36450.0
5000002831,20240906,1,1061,2,1.0,3,12600.0,1890.0,35910.0
5000002832,20240906,2,1061,2,1.0,3,15000.0,4500.0,40500.0
5000003419,20240906,1,420,1,,2,10800.0,432.0,21168.0
5000003420,20240906,1,420,1,,3,12000.0,0.0,36000.0
5000004447,20240906,2,1120,2,2.0,1,15000.0,750.0,14250.0
5000005758,20240906,2,1286,2,1.0,1,16500.0,330.0,16170.0
5000006194,20240906,2,702,2,1.0,2,15750.0,0.0,31500.0
5000006773,20240906,1,156,2,2.0,1,12000.0,240.0,11760.0
5000009184,20240906,2,1252,1,,3,13500.0,4050.0,36450.0
5000010517,20240906,2,437,1,,3,15000.0,0.0,45000.0
5000011126,20240906,2,950,2,2.0,1,15750.0,1575.0,14175.0
5000011821,20240906,2,1139,1,,1,15750.0,0.0,15750.0
5000011822,20240906,2,1139,1,,3,15000.0,2250.0,42750.0
5000012644,20240906,2,25,1,,1,13500.0,1350.0,12150.0
5000012645,20240906,2,25,1,,3,15000.0,2250.0,42750.0
5000012646,20240906,2,25,1,,1,13500.0,0.0,13500.0
5000013174,20240906,1,210,2,1.0,2,12000.0,1200.0,22800.0
5000013719,20240906,2,232,1,,3,15750.0,945.0,46305.0
5000013720,20240906,1,232,1,,1,12600.0,630.0,11970.0
5000013721,20240906,2,232,1,,3,15000.0,4500.0,40500.0
5000000237,20240907,1,672,2,2.0,1,12000.0,240.0,11760.0
5000000923,20240907,2,881,2,1.0,1,15000.0,300.0,14700.0
5000004816,20240907,2,505,1,,3,15000.0,2250.0,42750.0
5000005048,20240907,2,382,2,1.0,2,15000.0,3000.0,27000.0
5000007857,20240907,1,1101,2,1.0,1,12000.0,600.0,11400.0
5000009569,20240907,2,916,2,3.0,3,15750.0,0.0,47250.0
5000010101,20240907,2,344,1,,1,13500.0,675.0,12825.0
5000010102,20240907,1,344,1,,2,10800.0,432.0,21168.0
5000010332,20240907,1,1377,2,3.0,2,12000.0,1200.0,22800.0
5000011808,20240907,1,1048,1,,2,12000.0,1200.0,22800.0
5000012024,20240907,2,1362,1,,3,15000.0,4500.0,40500.0
5000012368,20240907,1,155,2,3.0,1,10800.0,0.0,10800.0
5000012383,20240907,2,214,1,,3,15000.0,4500.0,40500.0
5000013120,20240907,1,1148,2,4.0,3,12600.0,0.0,37800.0
5000014268,20240907,2,1108,1,,2,15000.0,3000.0,27000.0
5000014269,20240907,2,1108,1,,2,15750.0,0.0,31500.0
5000015859,20240907,2,1316,1,,3,16500.0,2475.0,47025.0
5000000246,20240908,1,403,1,,2,13200.0,1320.0,25080.0
5000003353,20240908,1,1160,1,,2,12600.0,1260.0,23940.0
5000003964,20240908,1,584,1,,1,12000.0,1200.0,10800.0
5000003965,20240908,2,584,1,,3,15000.0,900.0,44100.0
5000005307,20240908,2,42,1,,2,15000.0,0.0,30000.0
5000005308,20240908,2,42,1,,1,15000.0,750.0,14250.0
5000005941,20240908,1,694,1,,1,12000.0,600.0,11400.0
5000005942,20240908,1,694,1,,3,12600.0,756.0,37044.0
5000006655,20240908,1,371,1,,1,12600.0,252.0,12348.0
5000009196,20240908,2,192,1,,3,13500.0,2025.0,38475.0
5000009927,20240908,1,1344,2,3.0,3,13200.0,3960.0,35640.0
5000010232,20240908,2,217,1,,2,13500.0,0.0,27000.0
5000010233,20240908,1,217,1,,2,12600.0,1260.0,23940.0
5000010234,20240908,2,217,1,,3,15750.0,0.0,47250.0
5000011976,20240908,1,1322,2,1.0,2,12000.0,2400.0,21600.0
5000011977,20240908,1,1322,2,1.0,3,13200.0,792.0,38808.0
5000015032,20240908,1,406,2,4.0,2,12000.0,1200.0,22800.0
5000015288,20240908,1,34,2,3.0,3,10800.0,0.0,32400.0
5000016041,20240908,1,645,1,,1,12000.0,1200.0,10800.0
5000016042,20240908,1,645,1,,2,12000.0,0.0,24000.0
5000002663,20240909,1,884,2,4.0,2,13200.0,2640.0,23760.0
5000002664,20240909,2,884,2,4.0,3,15000.0,900.0,44100.0
5000003950,20240909,2,428,2,1.0,2,15000.0,600.0,29400.0
5000003951,20240909,1,428,2,1.0,1,12000.0,240.0,11760.0
5000004920,20240909,1,1067,1,,1,10800.0,540.0,10260.0
5000004944,20240909,1,1155,1,,2,12600.0,1260.0,23940.0
5000004950,20240909,1,166,1,,2,12000.0,1200.0,22800.0
5000006034,20240909,2,1080,1,,3,15000.0,0.0,45000.0
5000006035,20240909,1,1080,1,,3,12000.0,0.0,36000.0
5000006120,20240909,2,609,1,,2,13500.0,1350.0,25650.0
5000008281,20240909,1,1076,1,,3,10800.0,648.0,31752.0
5000008282,20240909,1,1076,1,,3,12000.0,3600.0,32400.0
5000011031,20240909,1,935,2,3.0,2,12000.0,1200.0,22800.0
5000011032,20240909,2,935,2,3.0,1,15000.0,750.0,14250.0
5000012479,20240909,1,725,1,,3,13200.0,3960.0,35640.0
5000013149,20240909,1,955,1,,3,12000.0,0.0,36000.0
5000013227,20240909,2,609,1,,2,15000.0,600.0,29400.0
5000013464,20240909,2,1455,1,,1,13500.0,1350.0,12150.0
5000015071,20240909,1,132,2,2.0,3,10800.0,648.0,31752.0
5000015439,20240909,2,170,2,4.0,1,13500.0,270.0,13230.0
5000015440,20240909,1,170,2,4.0,3,13200.0,1980.0,37620.0
5000015441,20240909,1,170,2,4.0,2,12600.0,1260.0,23940.0
5000001554,20240910,2,1126,2,1.0,3,15000.0,4500.0,40500.0
5000003888,20240910,1,1168,1,,3,13200.0,0.0,39600.0
5000005554,20240910,2,615,1,,3,15000.0,4500.0,40500.0
5000005846,20240910,1,298,2,1.0,2,12000.0,0.0,24000.0
5000005912,20240910,2,495,2,4.0,3,15000.0,0.0,45000.0
5000005913,20240910,1,495,2,4.0,2,12000.0,0.0,24000.0
5000005914,20240910,1,495,2,4.0,1,12000.0,1200.0,10800.0
5000007762,20240910,2,972,1,,2,15000.0,3000.0,27000.0
5000008391,20240910,1,1258,1,,2,12000.0,0.0,24000.0
5000008922,20240910,2,380,1,,2,15000.0,3000.0,27000.0
5000009458,20240910,1,1114,1,,3,10800.0,1620.0,30780.0
5000010180,20240910,1,492,1,,1,12000.0,0.0,12000.0
5000010181,20240910,1,492,1,,3,12000.0,720.0,35280.0
5000010803,20240910,2,1471,2,1.0,1,15000.0,300.0,14700.0
5000011448,20240910,2,856,1,,2,13500.0,2700.0,24300.0
5000012222,20240910,2,445,1,,3,13500.0,0.0,40500.0
5000013195,20240910,1,553,2,2.0,1,10800.0,540.0,10260.0
5000015401,20240910,1,420,2,2.0,3,12000.0,3600.0,32400.0
5000015765,20240910,1,691,2,1.0,1,12000.0,240.0,11760.0
5000000841,20240911,2,992,2,3.0,1,13500.0,675.0,12825.0
5000000842,20240911,1,992,2,3.0,2,12000.0,0.0,24000.0
5000001715,20240911,1,1094,2,2.0,1,10800.0,1080.0,9720.0
5000002101,20240911,1,835,1,,3,13200.0,3960.0,35640.0
5000002386,20240911,1,17,1,,3,12000.0,3600.0,32400.0
5000002490,20240911,2,1420,1,,1,13500.0,270.0,13230.0
5000002976,20240911,2,1270,1,,3,15750.0,2362.5,44887.5
5000003417,20240911,1,99,2,4.0,1,12000.0,1200.0,10800.0
5000003549,20240911,2,544,1,,2,15000.0,600.0,29400.0
5000003550,20240911,1,544,1,,3,12000.0,0.0,36000.0
5000004868,20240911,2,1399,2,1.0,1,13500.0,270.0,13230.0
5000004869,20240911,1,1399,2,1.0,2,12000.0,480.0,23520.0
5000004958,20240911,2,1342,1,,2,15000.0,1500.0,28500.0
5000005403,20240911,1,759,1,,1,10800.0,540.0,10260.0
5000005864,20240911,2,1111,1,,1,15750.0,0.0,15750.0
5000005865,20240911,2,1111,1,,2,15000.0,1500.0,28500.0
5000007558,20240911,1,812,2,1.0,1,13200.0,660.0,12540.0
5000007809,20240911,1,436,1,,2,13200.0,1320.0,25080.0
5000008115,20240911,1,75,2,3.0,1,12000.0,240.0,11760.0
5000008589,20240911,2,1312,2,2.0,2,15000.0,0.0,30000.0
5000008701,20240911,2,152,2,2.0,1,15000.0,1500.0,13500.0
5000008702,20240911,1,152,2,2.0,2,12000.0,1200.0,22800.0
5000009190,20240911,2,823,1,,1,13500.0,1350.0,12150.0
5000011111,20240911,1,256,1,,1,12600.0,0.0,12600.0
5000011488,20240911,2,1489,1,,1,15000.0,1500.0,13500.0
5000011489,20240911,2,1489,1,,3,16500.0,0.0,49500.0
5000011849,20240911,1,1434,1,,2,12600.0,2520.0,22680.0
5000011894,20240911,2,774,1,,1,15000.0,750.0,14250.0
5000013408,20240911,1,839,2,4.0,2,12000.0,0.0,24000.0
5000014089,20240911,1,1107,1,,1,10800.0,1080.0,9720.0
5000014090,20240911,2,1107,1,,1,15000.0,1500.0,13500.0
5000014104,20240911,2,714,1,,1,15000.0,0.0,15000.0
5000014380,20240911,1,1291,1,,3,12000.0,0.0,36000.0
5000014381,20240911,1,1291,1,,1,10800.0,0.0,10800.0
5000014650,20240911,2,1144,2,2.0,1,15000.0,300.0,14700.0
5000015172,20240911,1,1065,2,3.0,3,12000.0,720.0,35280.0
5000015173,20240911,1,1065,2,3.0,2,10800.0,0.0,21600.0
5000015174,20240911,2,1065,2,3.0,1,15000.0,1500.0,13500.0
5000000414,20240912,2,800,1,,1,15000.0,1500.0,13500.0
5000000459,20240912,2,254,1,,1,15000.0,1500.0,13500.0
5000001009,20240912,1,165,1,,3,12000.0,0.0,36000.0
5000001387,20240912,1,888,1,,2,13200.0,528.0,25872.0
5000002563,20240912,1,533,1,,3,10800.0,1620.0,30780.0
5000003776,20240912,2,183,1,,2,15750.0,0.0,31500.0
5000005233,20240912,2,620,1,,1,13500.0,675.0,12825.0
5000006625,20240912,2,656,2,1.0,3,13500.0,2025.0,38475.0
5000007709,20240912,1,825,1,,2,12600.0,1260.0,23940.0
5000008803,20240912,1,361,1,,1,12000.0,0.0,12000.0
5000009170,20240912,1,606,2,2.0,1,12000.0,0.0,12000.0
5000010625,20240912,1,868,1,,3,12000.0,1800.0,34200.0
5000010626,20240912,1,868,1,,2,13200.0,2640.0,23760.0
5000010727,20240912,1,396,1,,2,12000.0,0.0,24000.0
5000010995,20240912,1,254,2,3.0,2,12000.0,1200.0,22800.0
5000011757,20240912,2,781,2,2.0,3,13500.0,4050.0,36450.0
5000012843,20240912,2,1491,2,4.0,2,15000.0,3000.0,27000.0
5000013393,20240912,2,1145,2,4.0,3,15000.0,4500.0,40500.0
5000013759,20240912,2,480,2,3.0,2,15000.0,600.0,29400.0
5000013760,20240912,1,480,2,3.0,1,12000.0,240.0,11760.0
5000014499,20240912,1,306,1,,2,12000.0,0.0,24000.0
5000014952,20240912,2,465,1,,1,15000.0,300.0,14700.0
5000015083,20240912,1,822,1,,1,10800.0,540.0,10260.0
5000015328,20240912,1,1027,1,,1,12600.0,630.0,11970.0
5000015567,20240912,2,581,1,,2,13500.0,2700.0,24300.0
5000015849,20240912,1,872,1,,1,12000.0,600.0,11400.0
5000015917,20240912,1,768,1,,1,13200.0,0.0,13200.0
5000015918,20240912,2,768,1,,1,15000.0,300.0,14700.0
5000000071,20240913,1,408,2,2.0,2,12000.0,480.0,23520.0
5000000327,20240913,1,1341,2,1.0,2,10800.0,1080.0,20520.0
5000000888,20240913,1,1123,1,,3,12000.0,3600.0,32400.0
5000001286,20240913,2,1158,1,,2,15750.0,3150.0,28350.0
5000001332,20240913,1,787,2,1.0,2,12000.0,1200.0,22800.0
5000001333,20240913,1,787,2,1.0,3,10800.0,1620.0,30780.0
5000001548,20240913,2,1466,1,,3,15000.0,0.0,45000.0
5000002398,20240913,1,496,1,,3,12000.0,720.0,35280.0
5000003107,20240913,1,747,1,,1,12000.0,600.0,11400.0
5000003122,20240913,1,245,1,,3,12600.0,756.0,37044.0
5000004207,20240913,1,77,1,,1,12000.0,600.0,11400.0
5000004208,20240913,2,77,1,,2,16500.0,0.0,33000.0
5000004327,20240913,1,272,1,,1,12000.0,0.0,12000.0
5000004508,20240913,1,240,1,,2,10800.0,1080.0,20520.0
5000008321,20240913,2,1388,1,,1,15000.0,0.0,15000.0
5000008322,20240913,2,1388,1,,1,16500.0,330.0,16170.0
5000008604,20240913,1,1426,1,,1,13200.0,1320.0,11880.0
5000010422,20240913,1,930,1,,3,12000.0,0.0,36000.0
5000011318,20240913,1,212,1,,3,12000.0,1800.0,34200.0
5000012202,20240913,1,69,2,4.0,1,12000.0,1200.0,10800.0
5000013282,20240913,1,486,1,,3,13200.0,3960.0,35640.0
5000015397,20240913,1,1294,1,,2,12000.0,480.0,23520.0
5000015398,20240913,1,1294,1,,3,12000.0,720.0,35280.0
5000015614,20240913,2,1086,1,,1,15750.0,315.0,15435.0
5000001497,20240914,2,1008,1,,3,15000.0,4500.0,40500.0
5000001620,20240914,1,1119,1,,1,12000.0,1200.0,10800.0
5000001962,20240914,1,308,2,1.0,3,10800.0,3240.0,29160.0
5000001963,20240914,1,308,2,1.0,3,12000.0,0.0,36000.0
5000002236,20240914,1,728,1,,2,12000.0,480.0,23520.0
5000002514,20240914,2,899,1,,2,15750.0,1575.0,29925.0
5000003368,20240914,1,1172,1,,2,12000.0,2400.0,21600.0
5000004003,20240914,1,152,1,,1,12000.0,600.0,11400.0
5000004089,20240914,1,1009,1,,3,12600.0,3780.0,34020.0
5000004090,20240914,2,1009,1,,3,15750.0,4725.0,42525.0
5000004248,20240914,2,189,1,,3,13500.0,4050.0,36450.0
5000005210,20240914,1,657,2,4.0,2,10800.0,432.0,21168.0
5000006056,20240914,1,70,1,,1,12600.0,0.0,12600.0
5000006493,20240914,2,517,2,2.0,3,15000.0,4500.0,40500.0
5000006494,20240914,1,517,2,2.0,3,12000.0,3600.0,32400.0
5000006495,20240914,1,517,2,2.0,2,12000.0,2400.0,21600.0
5000007002,20240914,2,676,1,,2,15000.0,600.0,29400.0
5000007986,20240914,2,43,1,,1,15000.0,300.0,14700.0
5000007987,20240914,1,43,1,,3,12600.0,1890.0,35910.0
5000008901,20240914,2,776,2,1.0,1,13500.0,675.0,12825.0
5000009422,20240914,2,1330,1,,1,15000.0,0.0,15000.0
5000009423,20240914,1,1330,1,,3,12600.0,756.0,37044.0
5000009424,20240914,1,1330,1,,1,12000.0,0.0,12000.0
5000009610,20240914,1,906,1,,2,12000.0,1200.0,22800.0
5000010168,20240914,2,1222,2,4.0,2,15000.0,3000.0,27000.0
5000010261,20240914,2,941,2,1.0,3,13500.0,810.0,39690.0
5000011625,20240914,1,610,2,2.0,3,12000.0,720.0,35280.0
5000012141,20240914,1,1170,1,,1,10800.0,0.0,10800.0
5000012142,20240914,1,1170,1,,3,13200.0,3960.0,35640.0
5000013049,20240914,1,1354,1,,3,12000.0,1800.0,34200.0
5000013843,20240914,1,846,2,4.0,3,12000.0,3600.0,32400.0
5000014018,20240914,2,1233,1,,2,16500.0,3300.0,29700.0
5000014185,20240914,1,751,1,,2,12000.0,0.0,24000.0
5000014679,20240914,2,1288,1,,2,16500.0,660.0,32340.0
5000015470,20240914,1,659,2,2.0,3,12600.0,3780.0,34020.0
5000015471,20240914,2,659,2,2.0,1,15750.0,315.0,15435.0
5000015721,20240914,1,1035,1,,3,12000.0,0.0,36000.0
5000000026,20240915,1,700,1,,2,12000.0,480.0,23520.0
5000000074,20240915,2,741,1,,2,15750.0,630.0,30870.0
5000000889,20240915,2,343,1,,3,15000.0,900.0,44100.0
5000000890,20240915,1,343,1,,1,12600.0,0.0,12600.0
5000001378,20240915,2,1356,2,2.0,2,15000.0,1500.0,28500.0
5000001379,20240915,1,1356,2,2.0,2,10800.0,2160.0,19440.0
5000003622,20240915,1,606,2,4.0,2,12000.0,2400.0,21600.0
5000004120,20240915,1,904,1,,1,12000.0,0.0,12000.0
5000004205,20240915,1,974,1,,1,12600.0,630.0,11970.0
5000004226,20240915,1,685,2,3.0,2,12600.0,504.0,24696.0
5000005222,20240915,1,91,1,,2,10800.0,0.0,21600.0
5000005223,20240915,1,91,1,,3,10800.0,1620.0,30780.0
5000005224,20240915,1,91,1,,2,12000.0,1200.0,22800.0
5000005280,20240915,2,463,2,4.0,1,15000.0,0.0,15000.0
5000005636,20240915,1,257,1,,3,12000.0,0.0,36000.0
5000006186,20240915,2,521,2,2.0,1,15000.0,1500.0,13500.0
5000006989,20240915,1,211,2,4.0,3,12600.0,3780.0,34020.0
5000007082,20240915,2,565,1,,3,15000.0,0.0,45000.0
5000007870,20240915,1,315,2,3.0,1,12600.0,1260.0,11340.0
5000007871,20240915,1,315,2,3.0,2,10800.0,0.0,21600.0
5000008760,20240915,2,115,1,,3,15000.0,2250.0,42750.0
5000009075,20240915,1,978,1,,1,13200.0,660.0,12540.0
5000009076,20240915,2,978,1,,1,15000.0,1500.0,13500.0
5000009077,20240915,1,978,1,,1,13200.0,660.0,12540.0
5000009203,20240915,2,1081,1,,1,15000.0,300.0,14700.0
5000010090,20240915,1,629,2,1.0,3,12000.0,3600.0,32400.0
5000010091,20240915,2,629,2,1.0,1,15000.0,300.0,14700.0
5000011891,20240915,2,459,1,,1,13500.0,270.0,13230.0
5000011898,20240915,1,5,2,1.0,3,10800.0,3240.0,29160.0
5000011899,20240915,1,5,2,1.0,1,12000.0,600.0,11400.0
5000012757,20240915,1,841,2,2.0,3,12000.0,0.0,36000.0
5000013056,20240915,1,1413,2,1.0,2,12600.0,2520.0,22680.0
5000013383,20240915,1,550,1,,3,12000.0,0.0,36000.0
5000015269,20240915,1,93,1,,2,12600.0,0.0,25200.0
5000015270,20240915,2,93,1,,1,15000.0,1500.0,13500.0
5000015345,20240915,1,972,1,,1,12000.0,1200.0,10800.0
5000015346,20240915,2,972,1,,3,16500.0,990.0,48510.0
5000015393,20240915,2,346,2,3.0,3,15000.0,4500.0,40500.0
5000015422,20240915,1,1214,2,3.0,1,13200.0,1320.0,11880.0
5000015464,20240915,1,157,2,4.0,1,12000.0,240.0,11760.0
5000015465,20240915,1,157,2,4.0,1,12000.0,0.0,12000.0
5000015700,20240915,2,1373,1,,2,15000.0,0.0,30000.0
5000001039,20240916,2,941,1,,3,15000.0,4500.0,40500.0
5000001040,20240916,1,941,1,,1,12600.0,0.0,12600.0
5000001041,20240916,1,941,1,,3,12000.0,1800.0,34200.0
5000001826,20240916,1,1200,2,4.0,3,12000.0,0.0,36000.0
5000002273,20240916,1,956,1,,1,12000.0,0.0,12000.0
5000002505,20240916,1,868,1,,1,10800.0,1080.0,9720.0
5000004475,20240916,1,851,1,,2,12600.0,2520.0,22680.0
5000005066,20240916,1,1095,1,,3,10800.0,648.0,31752.0
5000006730,20240916,2,67,2,4.0,2,15000.0,0.0,30000.0
5000007671,20240916,1,799,2,2.0,2,13200.0,1320.0,25080.0
5000008719,20240916,1,1468,2,1.0,2,12600.0,0.0,25200.0
5000011186,20240916,1,15,1,,2,12000.0,1200.0,22800.0
5000011502,20240916,2,1013,1,,1,15000.0,0.0,15000.0
5000012934,20240916,2,942,1,,3,13500.0,2025.0,38475.0
5000013096,20240916,1,1170,2,2.0,2,10800.0,432.0,21168.0
5000015314,20240916,1,628,1,,3,12000.0,0.0,36000.0
5000000093,20240917,1,1062,1,,3,12000.0,720.0,35280.0
5000000159,20240917,1,63,2,1.0,1,10800.0,1080.0,9720.0
5000001894,20240917,1,1210,1,,2,12000.0,1200.0,22800.0
5000001895,20240917,2,1210,1,,1,15000.0,750.0,14250.0
5000001896,20240917,1,1210,1,,2,12000.0,1200.0,22800.0
5000002940,20240917,1,235,2,1.0,1,12000.0,0.0,12000.0
5000003775,20240917,1,411,1,,3,10800.0,3240.0,29160.0
5000004899,20240917,1,291,2,4.0,3,12000.0,0.0,36000.0
5000005309,20240917,2,1127,1,,3,15750.0,4725.0,42525.0
5000005694,20240917,1,328,1,,2,12000.0,0.0,24000.0
5000006117,20240917,2,883,1,,3,15000.0,900.0,44100.0
5000007501,20240917,2,1105,1,,3,15000.0,0.0,45000.0
5000008843,20240917,2,1396,1,,2,15750.0,3150.0,28350.0
5000008844,20240917,2,1396,1,,3,15000.0,900.0,44100.0
5000008845,20240917,2,1396,1,,3,13500.0,2025.0,38475.0
5000009427,20240917,1,456,2,2.0,3,12600.0,1890.0,35910.0
5000009428,20240917,2,456,2,2.0,2,15000.0,3000.0,27000.0
5000010285,20240917,2,120,2,2.0,1,15000.0,1500.0,13500.0
5000010802,20240917,1,963,2,2.0,1,13200.0,264.0,12936.0
5000010997,20240917,1,958,2,4.0,1,12000.0,1200.0,10800.0
5000012327,20240917,2,1316,1,,2,15000.0,1500.0,28500.0
5000012328,20240917,1,1316,1,,3,12000.0,3600.0,32400.0
5000012532,20240917,1,175,2,1.0,1,12600.0,252.0,12348.0
5000012782,20240917,1,22,1,,2,12000.0,0.0,24000.0
5000013175,20240917,1,427,1,,2,13200.0,0.0,26400.0
5000013176,20240917,1,427,1,,1,12000.0,0.0,12000.0
5000013244,20240917,1,541,2,4.0,2,12000.0,2400.0,21600.0
5000013707,20240917,1,880,1,,2,10800.0,1080.0,20520.0
5000013986,20240917,1,524,2,2.0,3,12000.0,3600.0,32400.0
5000013987,20240917,1,524,2,2.0,3,13200.0,1980.0,37620.0
5000015196,20240917,1,778,1,,2,12000.0,2400.0,21600.0
5000002155,20240918,1,653,1,,2,12000.0,480.0,23520.0
5000002389,20240918,2,1094,1,,2,13500.0,0.0,27000.0
5000003382,20240918,2,988,1,,1,15750.0,787.5,14962.5
5000004648,20240918,1,1301,1,,2,10800.0,432.0,21168.0
5000005850,20240918,1,518,1,,2,12000.0,0.0,24000.0
5000006038,20240918,2,485,1,,3,15000.0,0.0,45000.0
5000006226,20240918,2,1059,2,1.0,2,15000.0,0.0,30000.0
5000007904,20240918,1,980,1,,2,10800.0,2160.0,19440.0
5000007905,20240918,1,980,1,,3,12000.0,0.0,36000.0
5000007960,20240918,1,745,2,3.0,1,12000.0,0.0,12000.0
5000007961,20240918,2,745,2,3.0,2,16500.0,1650.0,31350.0
5000008558,20240918,1,1045,1,,2,12600.0,2520.0,22680.0
5000008759,20240918,2,907,1,,2,15750.0,1575.0,29925.0
5000008931,20240918,2,1229,1,,3,15000.0,0.0,45000.0
5000010007,20240918,1,1244,2,4.0,2,12000.0,1200.0,22800.0
5000010008,20240918,2,1244,2,4.0,3,15000.0,4500.0,40500.0
5000010121,20240918,1,788,1,,3,12000.0,1800.0,34200.0
5000010122,20240918,1,788,1,,2,10800.0,432.0,21168.0
5000012194,20240918,2,446,2,1.0,2,15000.0,1500.0,28500.0
5000013911,20240918,2,359,1,,2,15000.0,600.0,29400.0
5000015249,20240918,2,288,2,4.0,2,15750.0,0.0,31500.0
5000015250,20240918,2,288,2,4.0,2,15000.0,600.0,29400.0
5000015809,20240918,1,1268,1,,1,13200.0,660.0,12540.0
5000001599,20240919,2,1312,1,,3,13500.0,810.0,39690.0
5000004122,20240919,1,680,2,4.0,2,12000.0,2400.0,21600.0
5000005139,20240919,1,308,1,,3,12000.0,720.0,35280.0
5000005753,20240919,1,306,1,,1,12600.0,630.0,11970.0
5000006677,20240919,2,211,1,,1,13500.0,0.0,13500.0
5000006678,20240919,2,211,1,,1,15750.0,0.0,15750.0
5000008856,20240919,2,778,1,,2,15000.0,0.0,30000.0
5000008857,20240919,2,778,1,,2,15750.0,3150.0,28350.0
5000009217,20240919,1,89,2,1.0,1,12000.0,240.0,11760.0
5000010541,20240919,1,1033,1,,1,12000.0,1200.0,10800.0
5000012168,20240919,1,1397,1,,3,12000.0,3600.0,32400.0
5000012169,20240919,1,1397,1,,2,12000.0,1200.0,22800.0
5000013006,20240919,1,142,2,1.0,2,12600.0,504.0,24696.0
5000013007,20240919,1,142,2,1.0,3,12000.0,720.0,35280.0
5000000701,20240920,1,689,2,3.0,2,12000.0,480.0,23520.0
5000001325,20240920,1,533,1,,1,10800.0,0.0,10800.0
5000002653,20240920,1,353,1,,3,12000.0,720.0,35280.0
5000003014,20240920,2,438,2,1.0,2,15000.0,0.0,30000.0
5000003159,20240920,1,893,1,,2,12000.0,2400.0,21600.0
5000003247,20240920,1,617,1,,3,12000.0,1800.0,34200.0
5000005287,20240920,1,1070,1,,1,12000.0,240.0,11760.0
5000005288,20240920,1,1070,1,,2,12000.0,0.0,24000.0
5000005289,20240920,2,1070,1,,3,13500.0,2025.0,38475.0
5000006276,20240920,2,808,1,,1,15750.0,1575.0,14175.0
5000006277,20240920,2,808,1,,2,15000.0,0.0,30000.0
5000006278,20240920,1,808,1,,3,10800.0,0.0,32400.0
5000006537,20240920,2,340,1,,3,15750.0,0.0,47250.0
5000006982,20240920,1,326,2,3.0,3,12000.0,720.0,35280.0
5000007415,20240920,2,937,1,,3,15000.0,900.0,44100.0
5000008416,20240920,2,1472,2,2.0,2,15000.0,3000.0,27000.0
5000008858,20240920,1,1457,1,,1,12600.0,252.0,12348.0
5000008859,20240920,1,1457,1,,3,12000.0,720.0,35280.0
5000009361,20240920,2,632,2,1.0,1,16500.0,1650.0,14850.0
5000009504,20240920,2,1012,1,,3,15000.0,0.0,45000.0
5000009505,20240920,2,1012,1,,1,15000.0,750.0,14250.0
5000010136,20240920,1,435,1,,2,12000.0,0.0,24000.0
5000010729,20240920,2,1220,1,,3,15000.0,0.0,45000.0
5000011326,20240920,2,1272,2,1.0,1,15000.0,750.0,14250.0
5000012046,20240920,1,586,1,,3,10800.0,1620.0,30780.0
5000012115,20240920,2,1369,1,,1,15000.0,300.0,14700.0
5000012116,20240920,1,1369,1,,1,12000.0,240.0,11760.0
5000012117,20240920,2,1369,1,,2,15750.0,3150.0,28350.0
5000012741,20240920,1,826,1,,3,12000.0,1800.0,34200.0
5000013328,20240920,2,612,1,,3,15750.0,2362.5,44887.5
5000013775,20240920,2,401,1,,3,15000.0,4500.0,40500.0
5000013996,20240920,1,614,2,1.0,2,12000.0,480.0,23520.0
5000015299,20240920,1,1439,2,1.0,3,10800.0,0.0,32400.0
5000000084,20240921,2,1068,1,,1,16500.0,1650.0,14850.0
5000000085,20240921,2,1068,1,,2,15000.0,1500.0,28500.0
5000000335,20240921,2,473,1,,3,15750.0,4725.0,42525.0
5000005112,20240921,2,961,1,,2,13500.0,540.0,26460.0
5000006787,20240921,1,173,1,,2,12000.0,480.0,23520.0
5000007274,20240921,1,625,2,2.0,1,12600.0,630.0,11970.0
5000007879,20240921,2,879,1,,3,15000.0,0.0,45000.0
5000007880,20240921,2,879,1,,1,15000.0,1500.0,13500.0
5000008025,20240921,1,1099,2,3.0,1,12000.0,1200.0,10800.0
5000008440,20240921,1,144,2,4.0,2,10800.0,2160.0,19440.0
5000008441,20240921,1,144,2,4.0,3,12000.0,1800.0,34200.0
5000008863,20240921,1,478,1,,2,12000.0,480.0,23520.0
5000009464,20240921,1,326,1,,1,12000.0,0.0,12000.0
5000009998,20240921,1,299,2,4.0,2,12600.0,1260.0,23940.0
5000010793,20240921,1,303,2,3.0,2,12000.0,0.0,24000.0
5000010794,20240921,1,303,2,3.0,2,12000.0,1200.0,22800.0
5000012550,20240921,2,688,2,3.0,3,15000.0,0.0,45000.0
5000012551,20240921,1,688,2,3.0,1,12000.0,0.0,12000.0
5000013178,20240921,2,280,2,1.0,3,15000.0,4500.0,40500.0
5000014391,20240921,1,1033,1,,2,12600.0,1260.0,23940.0
5000014968,20240921,1,17,1,,2,12000.0,2400.0,21600.0
5000015670,20240921,1,1496,1,,1,12000.0,240.0,11760.0
5000015771,20240921,1,1067,1,,2,12000.0,480.0,23520.0
5000001094,20240922,1,1163,1,,2,10800.0,2160.0,19440.0
5000001095,20240922,2,1163,1,,3,15000.0,2250.0,42750.0
5000001342,20240922,2,1108,2,2.0,2,13500.0,2700.0,24300.0
5000002613,20240922,1,750,1,,3,12000.0,3600.0,32400.0
5000004016,20240922,1,28,1,,2,10800.0,432.0,21168.0
5000004017,20240922,2,28,1,,3,15000.0,4500.0,40500.0
5000004570,20240922,1,566,1,,2,13200.0,0.0,26400.0
5000004898,20240922,1,308,1,,1,12600.0,630.0,11970.0
5000004997,20240922,1,292,2,3.0,2,12000.0,2400.0,21600.0
5000005230,20240922,2,872,2,4.0,1,15000.0,750.0,14250.0
5000005231,20240922,1,872,2,4.0,2,12000.0,2400.0,21600.0
5000005588,20240922,2,1126,2,4.0,1,15000.0,0.0,15000.0
5000005592,20240922,1,392,1,,3,12600.0,0.0,37800.0
5000007109,20240922,1,809,1,,1,12000.0,1200.0,10800.0
5000008261,20240922,1,1066,1,,3,12000.0,3600.0,32400.0
5000009790,20240922,1,873,1,,2,12000.0,1200.0,22800.0
5000009791,20240922,2,873,1,,3,15000.0,0.0,45000.0
5000010736,20240922,1,459,2,2.0,3,12000.0,3600.0,32400.0
5000010737,20240922,1,459,2,2.0,2,12000.0,2400.0,21600.0
5000011142,20240922,2,429,1,,2,13500.0,0.0,27000.0
5000011678,20240922,2,290,1,,2,15750.0,1575.0,29925.0
5000012421,20240922,1,284,1,,3,12000.0,720.0,35280.0
5000012422,20240922,1,284,1,,2,12000.0,2400.0,21600.0
5000012489,20240922,2,1274,2,2.0,1,15000.0,300.0,14700.0
5000012825,20240922,2,538,2,1.0,2,13500.0,0.0,27000.0
5000013576,20240922,1,1271,1,,1,12000.0,1200.0,10800.0
5000013577,20240922,1,1271,1,,2,12000.0,0.0,24000.0
5000013578,20240922,1,1271,1,,3,12600.0,1890.0,35910.0
5000013786,20240922,2,878,2,2.0,1,15000.0,750.0,14250.0
5000013787,20240922,1,878,2,2.0,1,12600.0,630.0,11970.0
5000014498,20240922,1,675,1,,1,10800.0,540.0,10260.0
5000014510,20240922,1,507,2,4.0,1,12000.0,240.0,11760.0
5000015405,20240922,1,1244,1,,3,12000.0,3600.0,32400.0
5000000484,20240923,1,736,2,4.0,2,12000.0,1200.0,22800.0
5000000485,20240923,1,736,2,4.0,3,10800.0,3240.0,29160.0
5000000740,20240923,2,136,2,4.0,3,15000.0,0.0,45000.0
5000001568,20240923,2,577,2,1.0,3,15000.0,4500.0,40500.0
5000001569,20240923,2,577,2,1.0,2,15000.0,1500.0,28500.0
5000002463,20240923,2,274,2,2.0,2,15750.0,630.0,30870.0
5000002601,20240923,1,1150,1,,1,12000.0,1200.0,10800.0
5000002602,20240923,1,1150,1,,2,12000.0,2400.0,21600.0
5000004395,20240923,1,62,1,,3,12000.0,1800.0,34200.0
5000004633,20240923,2,771,2,3.0,2,15000.0,0.0,30000.0
5000004757,20240923,2,250,1,,1,13500.0,675.0,12825.0
5000005150,20240923,2,506,2,2.0,1,15750.0,0.0,15750.0
5000005151,20240923,1,506,2,2.0,2,13200.0,2640.0,23760.0
5000005881,20240923,1,166,2,1.0,1,12000.0,0.0,12000.0
5000006270,20240923,2,996,2,1.0,3,15750.0,945.0,46305.0
5000009027,20240923,2,913,2,4.0,2,13500.0,1350.0,25650.0
5000009446,20240923,2,474,2,2.0,1,15000.0,750.0,14250.0
5000009909,20240923,2,481,2,3.0,3,15000.0,0.0,45000.0
5000012615,20240923,2,1433,2,4.0,3,15000.0,4500.0,40500.0
5000015283,20240923,1,1385,1,,1,10800.0,1080.0,9720.0
5000016128,20240923,2,972,1,,1,15000.0,1500.0,13500.0
5000016129,20240923,2,972,1,,2,15000.0,0.0,30000.0
5000000055,20240924,1,180,1,,2,12000.0,1200.0,22800.0
5000000056,20240924,2,180,1,,2,15000.0,3000.0,27000.0
5000002347,20240924,2,503,1,,2,15000.0,0.0,30000.0
5000003443,20240924,2,1241,1,,3,15000.0,0.0,45000.0
5000005426,20240924,1,276,1,,2,12000.0,1200.0,22800.0
5000005427,20240924,1,276,1,,3,12600.0,3780.0,34020.0
5000005462,20240924,1,522,2,1.0,1,12000.0,600.0,11400.0
5000005463,20240924,2,522,2,1.0,2,15000.0,3000.0,27000.0
5000005909,20240924,1,588,1,,3,12000.0,0.0,36000.0
5000006316,20240924,1,1400,1,,1,12600.0,1260.0,11340.0
5000007878,20240924,2,1247,2,2.0,2,15750.0,1575.0,29925.0
5000008212,20240924,1,887,1,,1,12600.0,0.0,12600.0
5000009297,20240924,2,1423,2,1.0,1,13500.0,675.0,12825.0
5000009298,20240924,1,1423,2,1.0,3,12000.0,0.0,36000.0
5000009299,20240924,1,1423,2,1.0,3,13200.0,0.0,39600.0
5000009520,20240924,2,1026,1,,1,15000.0,0.0,15000.0
5000014858,20240924,2,165,1,,2,15750.0,1575.0,29925.0
5000015430,20240924,1,793,2,2.0,2,12000.0,2400.0,21600.0
5000000270,20240925,1,464,1,,1,12000.0,1200.0,10800.0
5000000271,20240925,1,464,1,,1,12000.0,1200.0,10800.0
5000000845,20240925,2,1051,1,,3,13500.0,810.0,39690.0
5000000955,20240925,1,604,1,,3,12000.0,0.0,36000.0
5000001645,20240925,1,1360,1,,1,12000.0,600.0,11400.0
5000002392,20240925,1,949,1,,3,12000.0,720.0,35280.0
5000002393,20240925,1,949,1,,3,12000.0,1800.0,34200.0
5000002904,20240925,1,1396,2,2.0,1,12000.0,240.0,11760.0
5000002905,20240925,2,1396,2,2.0,3,15000.0,900.0,44100.0
5000003471,20240925,1,427,1,,3,12000.0,1800.0,34200.0
5000004218,20240925,2,1233,1,,3,15000.0,4500.0,40500.0
5000004853,20240925,1,523,1,,3,12000.0,0.0,36000.0
5000005700,20240925,2,187,1,,2,15750.0,0.0,31500.0
5000006144,20240925,1,145,2,4.0,2,12000.0,0.0,24000.0
5000006729,20240925,1,978,1,,3,12000.0,0.0,36000.0
5000007180,20240925,1,788,2,4.0,3,13200.0,1980.0,37620.0
5000008270,20240925,2,944,1,,2,13500.0,0.0,27000.0
5000008987,20240925,1,402,1,,2,12000.0,0.0,24000.0
5000009624,20240925,2,771,1,,1,16500.0,825.0,15675.0
5000010516,20240925,1,409,2,1.0,2,12000.0,2400.0,21600.0
5000012400,20240925,1,206,1,,2,12000.0,480.0,23520.0
5000012493,20240925,2,353,1,,2,15000.0,600.0,29400.0
5000012830,20240925,2,1111,1,,2,15000.0,1500.0,28500.0
5000012861,20240925,1,1450,2,3.0,1,13200.0,264.0,12936.0
5000013202,20240925,1,1174,1,,3,12000.0,3600.0,32400.0
5000013562,20240925,1,905,1,,2,12000.0,1200.0,22800.0
5000014048,20240925,2,1331,2,2.0,2,15750.0,0.0,31500.0
5000014422,20240925,1,325,1,,1,12000.0,600.0,11400.0
5000014614,20240925,1,975,1,,3,12600.0,756.0,37044.0
5000000608,20240926,1,1107,2,4.0,1,13200.0,0.0,13200.0
5000000609,20240926,2,1107,2,4.0,3,13500.0,810.0,39690.0
5000000610,20240926,2,1107,2,4.0,1,15000.0,300.0,14700.0
5000000991,20240926,2,584,1,,3,15750.0,4725.0,42525.0
5000002466,20240926,2,1202,2,1.0,2,15000.0,1500.0,28500.0
5000003248,20240926,1,219,2,4.0,1,13200.0,1320.0,11880.0
5000003313,20240926,1,847,1,,2,12000.0,2400.0,21600.0
5000003314,20240926,1,690,1,,2,13200.0,528.0,25872.0
5000003928,20240926,1,1035,1,,2,10800.0,432.0,21168.0
5000004331,20240926,2,1237,1,,3,15000.0,4500.0,40500.0
5000004333,20240926,1,1172,1,,2,12000.0,1200.0,22800.0
5000004652,20240926,2,181,1,,1,13500.0,270.0,13230.0
5000004653,20240926,2,181,1,,1,15000.0,300.0,14700.0
5000006736,20240926,1,539,2,1.0,2,10800.0,2160.0,19440.0
5000008183,20240926,2,1020,1,,3,15750.0,945.0,46305.0
5000009426,20240926,2,348,1,,2,15000.0,3000.0,27000.0
5000010103,20240926,2,986,2,1.0,3,15750.0,2362.5,44887.5
5000010104,20240926,2,986,2,1.0,3,15000.0,0.0,45000.0
5000010105,20240926,2,986,2,1.0,2,13500.0,540.0,26460.0
5000010506,20240926,2,361,1,,3,15000.0,0.0,45000.0
5000010646,20240926,2,1445,2,4.0,2,16500.0,3300.0,29700.0
5000010797,20240926,1,1092,2,2.0,2,12600.0,2520.0,22680.0
5000010798,20240926,1,1092,2,2.0,2,10800.0,432.0,21168.0
5000011777,20240926,1,272,1,,2,10800.0,432.0,21168.0
5000011843,20240926,1,1248,1,,2,12000.0,0.0,24000.0
5000011844,20240926,1,1248,1,,3,12600.0,0.0,37800.0
5000011989,20240926,2,1499,1,,2,15750.0,630.0,30870.0
5000012711,20240926,1,1484,2,2.0,1,12000.0,1200.0,10800.0
5000015213,20240926,1,1260,2,3.0,3,12000.0,720.0,35280.0
5000015214,20240926,2,1260,2,3.0,3,15000.0,900.0,44100.0
5000015377,20240926,1,1279,1,,3,12000.0,720.0,35280.0
5000015864,20240926,1,274,1,,3,12000.0,720.0,35280.0
5000000064,20240927,1,790,1,,1,10800.0,540.0,10260.0
5000000855,20240927,1,750,1,,3,12600.0,1890.0,35910.0
5000000856,20240927,2,750,1,,2,15000.0,3000.0,27000.0
5000001808,20240927,2,259,2,1.0,2,15000.0,3000.0,27000.0
5000002170,20240927,1,515,1,,1,12000.0,0.0,12000.0
5000002685,20240927,1,828,1,,2,12000.0,2400.0,21600.0
5000002844,20240927,1,155,1,,3,12000.0,0.0,36000.0
5000003005,20240927,2,515,1,,2,15000.0,1500.0,28500.0
5000003006,20240927,1,515,1,,2,12000.0,0.0,24000.0
5000003007,20240927,2,515,1,,1,13500.0,675.0,12825.0
5000005651,20240927,2,1420,1,,3,16500.0,2475.0,47025.0
5000005788,20240927,1,936,2,4.0,2,12600.0,0.0,25200.0
5000005789,20240927,1,936,2,4.0,2,13200.0,1320.0,25080.0
5000006133,20240927,1,1116,1,,3,12000.0,720.0,35280.0
5000006134,20240927,1,1116,1,,3,12000.0,1800.0,34200.0
5000006237,20240927,1,658,1,,1,12000.0,600.0,11400.0
5000006238,20240927,2,658,1,,1,15750.0,787.5,14962.5
5000006984,20240927,1,403,1,,1,13200.0,0.0,13200.0
5000008248,20240927,2,804,2,1.0,2,15000.0,1500.0,28500.0
5000008249,20240927,1,804,2,1.0,1,10800.0,216.0,10584.0
5000009046,20240927,1,1491,2,2.0,1,12000.0,600.0,11400.0
5000009047,20240927,1,1491,2,2.0,1,12000.0,600.0,11400.0
5000009807,20240927,1,1455,1,,1,12600.0,252.0,12348.0
5000009808,20240927,2,1455,1,,1,15000.0,1500.0,13500.0
5000009809,20240927,1,1455,1,,1,12000.0,600.0,11400.0
5000009844,20240927,1,80,2,1.0,3,12000.0,3600.0,32400.0
5000013173,20240927,1,830,1,,1,12000.0,240.0,11760.0
5000014013,20240927,1,848,1,,1,13200.0,0.0,13200.0
5000015805,20240927,2,834,2,1.0,2,15000.0,600.0,29400.0
5000016149,20240927,1,765,1,,1,12000.0,240.0,11760.0
5000016150,20240927,2,765,1,,1,16500.0,330.0,16170.0
5000016151,20240927,1,765,1,,2,12000.0,2400.0,21600.0
5000000366,20240928,1,169,2,1.0,2,12000.0,0.0,24000.0
5000000367,20240928,2,169,2,1.0,3,13500.0,810.0,39690.0
5000002415,20240928,2,1456,1,,2,15000.0,3000.0,27000.0
5000002559,20240928,1,387,2,3.0,2,12000.0,2400.0,21600.0
5000002560,20240928,2,387,2,3.0,3,15000.0,2250.0,42750.0
5000003295,20240928,2,837,1,,3,15000.0,0.0,45000.0
5000003891,20240928,1,916,1,,3,10800.0,648.0,31752.0
5000004867,20240928,1,1109,2,2.0,3,13200.0,792.0,38808.0
5000006006,20240928,1,1146,1,,1,12000.0,1200.0,10800.0
5000006145,20240928,2,1296,1,,3,13500.0,0.0,40500.0
5000006857,20240928,2,1285,2,1.0,3,15000.0,0.0,45000.0
5000006858,20240928,2,1285,2,1.0,3,15000.0,4500.0,40500.0
5000007126,20240928,2,1463,2,4.0,2,15000.0,1500.0,28500.0
5000007281,20240928,1,377,2,3.0,2,13200.0,528.0,25872.0
5000007282,20240928,2,377,2,3.0,2,16500.0,1650.0,31350.0
5000007749,20240928,1,1355,1,,2,12000.0,1200.0,22800.0
5000008469,20240928,1,964,1,,1,12600.0,0.0,12600.0
5000008484,20240928,2,220,2,4.0,1,13500.0,270.0,13230.0
5000008485,20240928,2,220,2,4.0,3,13500.0,4050.0,36450.0
5000008500,20240928,2,525,1,,2,13500.0,1350.0,25650.0
5000009121,20240928,1,118,2,1.0,2,13200.0,2640.0,23760.0
5000009613,20240928,1,94,2,4.0,3,12000.0,1800.0,34200.0
5000009614,20240928,2,94,2,4.0,3,15000.0,0.0,45000.0
5000010194,20240928,1,152,2,1.0,1,12000.0,600.0,11400.0
5000010195,20240928,1,152,2,1.0,2,12000.0,1200.0,22800.0
5000010409,20240928,1,1483,2,4.0,3,10800.0,648.0,31752.0
5000010410,20240928,2,1483,2,4.0,3,15000.0,2250.0,42750.0
5000011528,20240928,1,838,2,2.0,2,12000.0,480.0,23520.0
5000011529,20240928,1,838,2,2.0,2,12000.0,1200.0,22800.0
5000011530,20240928,2,838,2,2.0,3,13500.0,2025.0,38475.0
5000014389,20240928,2,1090,1,,3,15000.0,4500.0,40500.0
5000014390,20240928,1,1090,1,,2,12000.0,1200.0,22800.0
5000014588,20240928,2,698,2,1.0,3,15000.0,0.0,45000.0
5000014589,20240928,1,698,2,1.0,1,12000.0,1200.0,10800.0
5000015091,20240928,2,1168,1,,3,15750.0,0.0,47250.0
5000015092,20240928,2,1168,1,,2,13500.0,2700.0,24300.0
5000016045,20240928,2,1412,2,1.0,1,15750.0,315.0,15435.0
5000016046,20240928,1,1412,2,1.0,3,12600.0,756.0,37044.0
5000001941,20240929,1,748,1,,3,12600.0,3780.0,34020.0
5000003842,20240929,2,378,1,,3,15000.0,2250.0,42750.0
5000003843,20240929,2,378,1,,2,15000.0,3000.0,27000.0
5000004892,20240929,1,377,1,,2,12000.0,2400.0,21600.0
5000007044,20240929,1,848,1,,1,12000.0,240.0,11760.0
5000007850,20240929,1,1358,1,,1,12000.0,1200.0,10800.0
5000008665,20240929,2,220,2,4.0,3,15750.0,4725.0,42525.0
5000009616,20240929,2,1026,1,,3,15000.0,2250.0,42750.0
5000010292,20240929,2,1296,1,,2,13500.0,0.0,27000.0
5000010520,20240929,2,939,1,,1,15000.0,1500.0,13500.0
5000010521,20240929,1,939,1,,1,12600.0,630.0,11970.0
5000010644,20240929,2,568,1,,3,15000.0,900.0,44100.0
5000010689,20240929,1,590,1,,1,12600.0,630.0,11970.0
5000012622,20240929,2,730,2,3.0,3,15750.0,2362.5,44887.5
5000013818,20240929,1,1247,1,,3,12600.0,0.0,37800.0
5000014167,20240929,1,983,2,1.0,3,12000.0,0.0,36000.0
5000015798,20240929,2,802,1,,1,15000.0,750.0,14250.0
5000015799,20240929,1,802,1,,2,10800.0,2160.0,19440.0
5000015800,20240929,1,802,1,,2,12000.0,480.0,23520.0
5000015858,20240929,1,556,2,2.0,1,12000.0,240.0,11760.0
5000000278,20240930,2,903,1,,1,15000.0,300.0,14700.0
5000000653,20240930,1,760,2,1.0,1,12000.0,1200.0,10800.0
5000000654,20240930,2,760,2,1.0,1,15000.0,300.0,14700.0
5000002454,20240930,1,1336,2,2.0,2,12600.0,1260.0,23940.0
5000002455,20240930,1,1336,2,2.0,1,12000.0,1200.0,10800.0
5000002735,20240930,1,779,2,2.0,3,12000.0,0.0,36000.0
5000004669,20240930,2,1371,2,2.0,1,15750.0,315.0,15435.0
5000004670,20240930,1,1371,2,2.0,2,10800.0,432.0,21168.0
5000004671,20240930,1,1371,2,2.0,2,12000.0,0.0,24000.0
5000004932,20240930,2,1219,1,,1,15000.0,750.0,14250.0
5000004933,20240930,1,1219,1,,3,13200.0,3960.0,35640.0
5000004934,20240930,2,1219,1,,1,15000.0,1500.0,13500.0
5000006151,20240930,2,1370,1,,1,15000.0,750.0,14250.0
5000008039,20240930,1,1290,1,,2,10800.0,2160.0,19440.0
5000008556,20240930,1,1036,1,,1,12000.0,600.0,11400.0
5000008802,20240930,2,54,1,,2,13500.0,2700.0,24300.0
5000009918,20240930,1,1214,2,2.0,3,12000.0,720.0,35280.0
5000009919,20240930,2,1214,2,2.0,2,15000.0,3000.0,27000.0
5000011221,20240930,1,136,1,,3,10800.0,3240.0,29160.0
5000011655,20240930,2,248,2,1.0,1,15000.0,300.0,14700.0
5000011999,20240930,2,310,1,,1,15750.0,787.5,14962.5
5000012000,20240930,1,310,1,,3,12600.0,1890.0,35910.0
5000012670,20240930,1,251,2,3.0,1,12000.0,240.0,11760.0
5000012671,20240930,2,251,2,3.0,1,15750.0,315.0,15435.0
5000015447,20240930,2,461,1,,1,16500.0,1650.0,14850.0
5000000342,20241001,1,599,1,,2,12000.0,480.0,23520.0
5000002210,20241001,1,662,1,,1,12000.0,1200.0,10800.0
5000002314,20241001,1,1384,1,,2,12000.0,1200.0,22800.0
5000003249,20241001,1,1253,1,,1,10800.0,540.0,10260.0
5000003250,20241001,1,1253,1,,3,10800.0,3240.0,29160.0
5000003251,20241001,1,1253,1,,1,12000.0,240.0,11760.0
5000004076,20241001,2,1253,1,,2,15750.0,3150.0,28350.0
5000004412,20241001,1,820,1,,3,12000.0,720.0,35280.0
5000007934,20241001,2,289,2,4.0,3,13500.0,2025.0,38475.0
5000009865,20241001,2,983,2,2.0,1,16500.0,825.0,15675.0
5000009920,20241001,1,903,1,,3,10800.0,0.0,32400.0
5000010146,20241001,2,1156,1,,2,15000.0,3000.0,27000.0
5000010147,20241001,1,1156,1,,2,12000.0,1200.0,22800.0
5000010365,20241001,1,717,1,,2,12600.0,1260.0,23940.0
5000010597,20241001,2,158,1,,2,15000.0,1500.0,28500.0
5000011033,20241001,2,566,1,,3,15000.0,900.0,44100.0
5000011034,20241001,2,566,1,,3,15000.0,4500.0,40500.0
5000013050,20241001,1,653,1,,2,10800.0,2160.0,19440.0
5000013656,20241001,1,1488,1,,1,10800.0,1080.0,9720.0
5000013657,20241001,1,1488,1,,2,12000.0,1200.0,22800.0
5000014430,20241001,2,710,2,2.0,2,15000.0,3000.0,27000.0
5000014798,20241001,2,1214,1,,1,16500.0,1650.0,14850.0
5000014799,20241001,2,1214,1,,3,15000.0,4500.0,40500.0
5000014800,20241001,1,1214,1,,1,12000.0,0.0,12000.0
5000000314,20241002,1,1327,2,2.0,2,12000.0,2400.0,21600.0
5000001873,20241002,1,341,2,1.0,3,12000.0,0.0,36000.0
5000003772,20241002,2,1418,2,4.0,3,15000.0,0.0,45000.0
5000004277,20241002,2,157,1,,2,15000.0,1500.0,28500.0
5000004278,20241002,1,157,1,,2,10800.0,2160.0,19440.0
5000005259,20241002,1,1353,1,,1,10800.0,1080.0,9720.0
5000005284,20241002,2,1154,1,,1,15000.0,1500.0,13500.0
5000009161,20241002,2,245,1,,3,15000.0,2250.0,42750.0
5000009893,20241002,2,1309,2,3.0,3,15000.0,4500.0,40500.0
5000010193,20241002,2,820,1,,2,15000.0,0.0,30000.0
5000015023,20241002,2,5,1,,1,15000.0,750.0,14250.0
5000015553,20241002,1,622,2,3.0,3,12000.0,0.0,36000.0
5000015668,20241002,1,325,2,1.0,3,12600.0,1890.0,35910.0
5000015669,20241002,1,325,2,1.0,1,12000.0,1200.0,10800.0
5000000534,20241003,2,960,2,2.0,1,15000.0,0.0,15000.0
5000000535,20241003,1,960,2,2.0,3,12000.0,3600.0,32400.0
5000000670,20241003,1,1379,1,,2,12000.0,2400.0,21600.0
5000001513,20241003,2,776,1,,2,13500.0,540.0,26460.0
5000001622,20241003,2,774,2,2.0,1,16500.0,825.0,15675.0
5000001831,20241003,2,250,1,,3,15750.0,2362.5,44887.5
5000001969,20241003,1,703,1,,1,13200.0,264.0,12936.0
5000002202,20241003,1,1460,2,1.0,2,10800.0,2160.0,19440.0
5000002203,20241003,1,1460,2,1.0,3,10800.0,3240.0,29160.0
5000002276,20241003,1,182,1,,3,12000.0,720.0,35280.0
5000002327,20241003,1,1130,1,,3,13200.0,0.0,39600.0
5000002328,20241003,1,1130,1,,3,12000.0,1800.0,34200.0
5000002667,20241003,1,283,2,1.0,3,10800.0,1620.0,30780.0
5000002901,20241003,1,972,2,2.0,1,12000.0,0.0,12000.0
5000002902,20241003,1,972,2,2.0,1,12000.0,600.0,11400.0
5000003197,20241003,1,1431,2,4.0,2,13200.0,0.0,26400.0
5000003198,20241003,2,1431,2,4.0,2,13500.0,540.0,26460.0
5000003199,20241003,1,1431,2,4.0,3,12600.0,1890.0,35910.0
5000005095,20241003,1,586,1,,3,12000.0,720.0,35280.0
5000006013,20241003,2,447,2,1.0,2,15000.0,1500.0,28500.0
5000006870,20241003,1,583,2,3.0,3,12000.0,720.0,35280.0
5000007477,20241003,1,1015,1,,1,13200.0,264.0,12936.0
5000007478,20241003,1,1015,1,,2,12000.0,480.0,23520.0
5000007479,20241003,1,1015,1,,1,12600.0,0.0,12600.0
5000010707,20241003,1,640,2,2.0,1,12000.0,600.0,11400.0
5000012360,20241003,2,1458,2,4.0,1,15000.0,0.0,15000.0
5000012702,20241003,2,1461,2,4.0,3,15750.0,4725.0,42525.0
5000013213,20241003,1,459,1,,1,10800.0,540.0,10260.0
5000013214,20241003,2,459,1,,3,15000.0,900.0,44100.0
5000015684,20241003,1,1161,1,,1,12000.0,0.0,12000.0
5000001099,20241004,1,168,1,,3,12000.0,1800.0,34200.0
5000003808,20241004,2,434,1,,1,15000.0,300.0,14700.0
5000003809,20241004,2,434,1,,3,15000.0,900.0,44100.0
5000003810,20241004,1,434,1,,3,12000.0,0.0,36000.0
5000003931,20241004,2,1246,1,,1,15750.0,315.0,15435.0
5000003932,20241004,2,1246,1,,1,13500.0,270.0,13230.0
5000005799,20241004,1,822,1,,2,12000.0,0.0,24000.0
5000005841,20241004,2,1237,1,,3,13500.0,2025.0,38475.0
5000005985,20241004,2,254,1,,3,15000.0,2250.0,42750.0
5000006582,20241004,1,63,1,,1,12000.0,240.0,11760.0
5000006583,20241004,1,63,1,,2,12000.0,1200.0,22800.0
5000007066,20241004,2,225,2,3.0,2,15750.0,1575.0,29925.0
5000007738,20241004,1,154,2,3.0,2,12000.0,480.0,23520.0
5000008538,20241004,1,1359,2,4.0,1,10800.0,1080.0,9720.0
5000008595,20241004,2,476,1,,1,15000.0,750.0,14250.0
5000009474,20241004,2,214,1,,2,16500.0,0.0,33000.0
5000009475,20241004,2,214,1,,3,15750.0,945.0,46305.0
5000009476,20241004,1,214,1,,1,12000.0,600.0,11400.0
5000009826,20241004,2,474,2,1.0,2,15750.0,3150.0,28350.0
5000010099,20241004,1,1168,1,,3,10800.0,0.0,32400.0
5000010504,20241004,2,224,1,,3,15000.0,4500.0,40500.0
5000011927,20241004,2,507,2,3.0,2,15000.0,3000.0,27000.0
5000012179,20241004,1,824,2,2.0,1,10800.0,540.0,10260.0
5000012407,20241004,1,1203,2,1.0,3,12000.0,3600.0,32400.0
5000012468,20241004,2,1229,1,,2,13500.0,540.0,26460.0
5000013450,20241004,1,893,1,,3,10800.0,3240.0,29160.0
5000013451,20241004,2,893,1,,3,15000.0,900.0,44100.0
5000013619,20241004,1,882,1,,3,12000.0,1800.0,34200.0
5000013725,20241004,2,1029,2,4.0,2,15750.0,0.0,31500.0
5000015330,20241004,1,1017,1,,2,12000.0,2400.0,21600.0
5000015331,20241004,2,1017,1,,1,15000.0,750.0,14250.0
5000015832,20241004,2,654,1,,1,15000.0,750.0,14250.0
5000001085,20241005,2,599,1,,1,15000.0,0.0,15000.0
5000001086,20241005,1,599,1,,3,12600.0,0.0,37800.0
5000001487,20241005,1,333,2,1.0,3,13200.0,792.0,38808.0
5000001488,20241005,1,333,2,1.0,1,12000.0,1200.0,10800.0
5000001600,20241005,1,352,2,2.0,1,12000.0,0.0,12000.0
5000002672,20241005,1,825,2,3.0,1,12000.0,1200.0,10800.0
5000003022,20241005,1,1004,1,,1,13200.0,1320.0,11880.0
5000003127,20241005,1,29,1,,1,12000.0,240.0,11760.0
5000003128,20241005,1,29,1,,2,12000.0,480.0,23520.0
5000003705,20241005,1,700,1,,3,12600.0,0.0,37800.0
5000003738,20241005,2,922,1,,1,16500.0,825.0,15675.0
5000004608,20241005,2,668,2,2.0,3,16500.0,0.0,49500.0
5000005337,20241005,2,164,2,2.0,3,16500.0,990.0,48510.0
5000006555,20241005,1,621,1,,3,12000.0,720.0,35280.0
5000007441,20241005,1,378,2,4.0,1,12000.0,1200.0,10800.0
5000007529,20241005,1,1486,1,,2,10800.0,1080.0,20520.0
5000009466,20241005,2,1233,2,2.0,2,13500.0,2700.0,24300.0
5000012536,20241005,1,211,2,4.0,1,12000.0,1200.0,10800.0
5000012537,20241005,1,211,2,4.0,2,12600.0,2520.0,22680.0
5000012803,20241005,2,1308,1,,2,15000.0,0.0,30000.0
5000014265,20241005,1,1231,1,,2,10800.0,2160.0,19440.0
5000000429,20241006,1,634,2,4.0,1,12600.0,0.0,12600.0
5000000465,20241006,2,499,1,,1,15000.0,750.0,14250.0
5000001714,20241006,1,1263,1,,1,12000.0,1200.0,10800.0
5000001817,20241006,1,995,2,2.0,2,13200.0,2640.0,23760.0
5000001818,20241006,1,995,2,2.0,2,12000.0,1200.0,22800.0
5000001877,20241006,2,1125,2,1.0,1,15000.0,1500.0,13500.0
5000001878,20241006,2,1125,2,1.0,2,15000.0,3000.0,27000.0
5000002264,20241006,1,146,1,,3,12000.0,0.0,36000.0
5000002554,20241006,1,494,2,4.0,2,12000.0,480.0,23520.0
5000003878,20241006,1,707,2,2.0,2,12600.0,0.0,25200.0
5000003993,20241006,2,214,1,,2,15000.0,0.0,30000.0
5000007967,20241006,2,697,1,,1,15000.0,300.0,14700.0
5000009153,20241006,2,1108,1,,3,13500.0,0.0,40500.0
5000009468,20241006,1,255,1,,3,12000.0,1800.0,34200.0
5000010236,20241006,1,77,1,,1,12000.0,600.0,11400.0
5000010237,20241006,2,77,1,,1,16500.0,0.0,16500.0
5000010428,20241006,1,1378,1,,3,12000.0,0.0,36000.0
5000011008,20241006,2,748,2,4.0,1,15750.0,0.0,15750.0
5000012231,20241006,2,1186,1,,2,13500.0,2700.0,24300.0
5000012232,20241006,1,1186,1,,2,12000.0,1200.0,22800.0
5000012940,20241006,2,1003,1,,3,16500.0,2475.0,47025.0
5000013307,20241006,1,1360,2,1.0,2,12000.0,2400.0,21600.0
5000013308,20241006,1,1360,2,1.0,3,10800.0,648.0,31752.0
5000014337,20241006,2,1239,2,3.0,3,15750.0,945.0,46305.0
5000014591,20241006,2,989,1,,1,15000.0,300.0,14700.0
5000014867,20241006,2,359,1,,1,13500.0,1350.0,12150.0
5000000769,20241007,1,844,1,,2,12000.0,2400.0,21600.0
5000000849,20241007,1,442,1,,2,10800.0,0.0,21600.0
5000002267,20241007,1,174,1,,2,13200.0,1320.0,25080.0
5000003450,20241007,2,726,2,3.0,2,15000.0,0.0,30000.0
5000003863,20241007,1,808,1,,3,12600.0,1890.0,35910.0
5000003864,20241007,2,808,1,,3,16500.0,2475.0,47025.0
5000004251,20241007,1,475,2,4.0,3,10800.0,3240.0,29160.0
5000005173,20241007,2,621,1,,1,15000.0,1500.0,13500.0
5000005174,20241007,2,621,1,,2,15750.0,3150.0,28350.0
5000005175,20241007,2,621,1,,1,15000.0,0.0,15000.0
5000005320,20241007,2,167,2,4.0,2,15750.0,0.0,31500.0
5000007858,20241007,1,1406,2,2.0,3,10800.0,648.0,31752.0
5000008219,20241007,1,309,1,,2,10800.0,1080.0,20520.0
5000009912,20241007,2,56,2,2.0,2,15000.0,0.0,30000.0
5000009940,20241007,2,291,2,3.0,1,15750.0,787.5,14962.5
5000010073,20241007,2,647,2,1.0,3,15000.0,0.0,45000.0
5000010523,20241007,1,1210,1,,1,12000.0,240.0,11760.0
5000010524,20241007,1,1210,1,,2,13200.0,0.0,26400.0
5000011950,20241007,2,1088,2,1.0,1,15000.0,750.0,14250.0
5000012226,20241007,1,203,2,1.0,2,12000.0,0.0,24000.0
5000012279,20241007,1,1097,1,,2,12000.0,0.0,24000.0
5000013425,20241007,2,400,2,3.0,3,13500.0,2025.0,38475.0
5000013770,20241007,1,658,1,,2,10800.0,0.0,21600.0
5000015373,20241007,1,23,1,,2,10800.0,1080.0,20520.0
5000015762,20241007,1,723,1,,2,10800.0,0.0,21600.0
5000015801,20241007,1,38,1,,3,12600.0,3780.0,34020.0
5000016068,20241007,2,1125,1,,3,15000.0,900.0,44100.0
5000016069,20241007,2,1125,1,,1,16500.0,330.0,16170.0
5000001202,20241008,1,679,1,,1,12000.0,0.0,12000.0
5000001433,20241008,2,1029,1,,3,15000.0,2250.0,42750.0
5000002277,20241008,2,295,2,2.0,1,16500.0,1650.0,14850.0
5000002278,20241008,2,295,2,2.0,2,15000.0,600.0,29400.0
5000002462,20241008,1,688,1,,3,12000.0,3600.0,32400.0
5000003100,20241008,1,1231,1,,2,13200.0,1320.0,25080.0
5000003228,20241008,1,1195,1,,3,12000.0,720.0,35280.0
5000003592,20241008,1,628,1,,1,10800.0,540.0,10260.0
5000003797,20241008,2,1103,1,,2,15000.0,0.0,30000.0
5000003910,20241008,2,542,1,,3,15000.0,2250.0,42750.0
5000003911,20241008,2,542,1,,2,13500.0,2700.0,24300.0
5000003912,20241008,1,542,1,,2,12600.0,1260.0,23940.0
5000005522,20241008,2,294,1,,2,15000.0,3000.0,27000.0
5000005523,20241008,1,294,1,,2,12000.0,0.0,24000.0
5000005524,20241008,2,294,1,,2,13500.0,1350.0,25650.0
5000005580,20241008,1,495,2,1.0,1,12000.0,240.0,11760.0
5000006042,20241008,1,801,2,1.0,2,12000.0,1200.0,22800.0
5000006043,20241008,1,801,2,1.0,2,10800.0,432.0,21168.0
5000006261,20241008,1,97,1,,3,13200.0,3960.0,35640.0
5000007001,20241008,1,1261,1,,2,10800.0,432.0,21168.0
5000007578,20241008,2,685,2,2.0,2,15000.0,1500.0,28500.0
5000008449,20241008,2,665,1,,2,15000.0,1500.0,28500.0
5000009092,20241008,1,168,2,2.0,3,12600.0,0.0,37800.0
5000009913,20241008,1,547,1,,2,12000.0,480.0,23520.0
5000009914,20241008,2,547,1,,2,13500.0,540.0,26460.0
5000010176,20241008,2,409,2,1.0,3,15000.0,2250.0,42750.0
5000011361,20241008,2,1416,1,,2,15000.0,1500.0,28500.0
5000011445,20241008,1,1313,1,,1,12000.0,1200.0,10800.0
5000011446,20241008,2,1313,1,,3,16500.0,990.0,48510.0
5000012018,20241008,1,1453,2,3.0,3,12000.0,0.0,36000.0
5000013022,20241008,1,1402,2,3.0,3,12000.0,720.0,35280.0
5000013201,20241008,1,428,2,2.0,2,12000.0,2400.0,21600.0
5000013235,20241008,2,318,1,,3,15000.0,4500.0,40500.0
5000013236,20241008,1,318,1,,3,13200.0,792.0,38808.0
5000013396,20241008,2,749,1,,1,15000.0,0.0,15000.0
5000014119,20241008,2,1068,2,3.0,1,13500.0,0.0,13500.0
5000014201,20241008,1,906,1,,1,12000.0,240.0,11760.0
5000015011,20241008,1,104,1,,1,10800.0,1080.0,9720.0
5000015495,20241008,2,837,1,,3,15000.0,900.0,44100.0
5000001074,20241009,1,62,1,,2,12600.0,0.0,25200.0
5000001517,20241009,2,728,1,,3,16500.0,0.0,49500.0
5000001518,20241009,1,728,1,,2,12000.0,2400.0,21600.0
5000001519,20241009,1,728,1,,3,12000.0,3600.0,32400.0
5000002745,20241009,1,1453,1,,1,13200.0,264.0,12936.0
5000003822,20241009,1,304,1,,3,10800.0,648.0,31752.0
5000005013,20241009,2,738,2,1.0,2,15000.0,3000.0,27000.0
5000005184,20241009,1,373,1,,3,12000.0,3600.0,32400.0
5000005185,20241009,1,373,1,,2,12000.0,0.0,24000.0
5000005303,20241009,1,835,1,,2,12000.0,0.0,24000.0
5000006461,20241009,1,832,2,4.0,2,10800.0,0.0,21600.0
5000006476,20241009,1,676,1,,2,10800.0,432.0,21168.0
5000006477,20241009,1,676,1,,3,12000.0,720.0,35280.0
5000006618,20241009,1,821,1,,3,10800.0,0.0,32400.0
5000006908,20241009,1,684,2,3.0,2,13200.0,2640.0,23760.0
5000006909,20241009,2,684,2,3.0,1,15000.0,750.0,14250.0
5000008842,20241009,1,136,2,2.0,3,10800.0,1620.0,30780.0
5000009244,20241009,2,617,1,,2,13500.0,1350.0,25650.0
5000009245,20241009,2,617,1,,2,15000.0,1500.0,28500.0
5000009490,20241009,2,1415,2,2.0,2,13500.0,0.0,27000.0
5000011754,20241009,1,196,2,1.0,3,12000.0,3600.0,32400.0
5000011755,20241009,1,196,2,1.0,3,12000.0,3600.0,32400.0
5000011893,20241009,2,231,1,,2,15750.0,1575.0,29925.0
5000011921,20241009,2,874,1,,2,15750.0,3150.0,28350.0
5000011922,20241009,2,874,1,,1,15750.0,787.5,14962.5
5000014450,20241009,1,296,1,,2,12000.0,480.0,23520.0
5000014451,20241009,2,296,1,,2,15000.0,0.0,30000.0
5000014452,20241009,1,296,1,,2,12600.0,2520.0,22680.0
5000014929,20241009,1,556,1,,1,12000.0,240.0,11760.0
5000015031,20241009,1,634,1,,2,12000.0,0.0,24000.0
5000015679,20241009,1,808,1,,1,12000.0,0.0,12000.0
5000001481,20241010,1,918,2,3.0,1,13200.0,264.0,12936.0
5000002212,20241010,1,1212,1,,1,13200.0,264.0,12936.0
5000003886,20241010,2,686,2,2.0,2,15000.0,0.0,30000.0
5000006105,20241010,1,932,2,4.0,2,12000.0,480.0,23520.0
5000006106,20241010,1,932,2,4.0,2,12600.0,0.0,25200.0
5000008750,20241010,1,349,1,,3,12600.0,0.0,37800.0
5000009113,20241010,2,653,2,1.0,3,13500.0,810.0,39690.0
5000009875,20241010,1,840,1,,3,10800.0,3240.0,29160.0
5000011455,20241010,1,907,1,,1,12000.0,600.0,11400.0
5000012325,20241010,1,779,1,,3,13200.0,1980.0,37620.0
5000014145,20241010,2,819,1,,1,15000.0,0.0,15000.0
5000014146,20241010,2,819,1,,2,15000.0,0.0,30000.0
5000014377,20241010,2,487,1,,1,15000.0,0.0,15000.0
5000014791,20241010,1,691,2,2.0,3,12000.0,0.0,36000.0
5000014792,20241010,1,691,2,2.0,3,12000.0,3600.0,32400.0
5000014830,20241010,1,919,2,1.0,2,12000.0,2400.0,21600.0
5000015074,20241010,2,1195,1,,3,15000.0,4500.0,40500.0
5000015722,20241010,2,1397,1,,2,15000.0,0.0,30000.0
5000015879,20241010,2,415,2,3.0,2,15000.0,1500.0,28500.0
5000015880,20241010,1,415,2,3.0,3,10800.0,1620.0,30780.0
5000015881,20241010,2,415,2,3.0,1,15750.0,787.5,14962.5
5000000323,20241011,2,179,2,1.0,2,15000.0,3000.0,27000.0
5000000324,20241011,1,179,2,1.0,3,12000.0,3600.0,32400.0
5000000711,20241011,2,701,1,,1,15000.0,1500.0,13500.0
5000001441,20241011,2,810,2,2.0,2,13500.0,1350.0,25650.0
5000001485,20241011,1,1355,1,,3,12000.0,0.0,36000.0
5000004701,20241011,2,455,2,4.0,1,15750.0,1575.0,14175.0
5000004914,20241011,1,1102,1,,1,12600.0,1260.0,11340.0
5000006794,20241011,1,177,2,4.0,1,10800.0,0.0,10800.0
5000006889,20241011,2,811,2,3.0,1,15000.0,750.0,14250.0
5000007644,20241011,1,1392,2,2.0,1,10800.0,540.0,10260.0
5000008159,20241011,2,934,2,4.0,1,13500.0,270.0,13230.0
5000008807,20241011,1,1356,1,,2,12000.0,0.0,24000.0
5000011398,20241011,1,1324,1,,2,12000.0,0.0,24000.0
5000012944,20241011,1,1193,1,,2,13200.0,2640.0,23760.0
5000012945,20241011,1,1193,1,,2,12000.0,2400.0,21600.0
5000012946,20241011,1,1193,1,,3,12000.0,0.0,36000.0
5000014263,20241011,2,13,2,1.0,1,15750.0,0.0,15750.0
5000015046,20241011,1,1398,1,,2,12000.0,2400.0,21600.0
5000015386,20241011,1,893,1,,3,12000.0,720.0,35280.0
5000015387,20241011,1,893,1,,2,12000.0,2400.0,21600.0
5000015532,20241011,2,325,2,3.0,3,13500.0,810.0,39690.0
5000015533,20241011,2,325,2,3.0,2,13500.0,0.0,27000.0
5000001654,20241012,1,721,2,1.0,2,12600.0,1260.0,23940.0
5000002973,20241012,1,1358,1,,1,13200.0,1320.0,11880.0
5000004665,20241012,2,728,1,,2,15750.0,0.0,31500.0
5000005329,20241012,1,1295,1,,2,12000.0,480.0,23520.0
5000005330,20241012,1,1295,1,,2,12000.0,0.0,24000.0
5000005331,20241012,2,1295,1,,1,15000.0,0.0,15000.0
5000006402,20241012,1,33,2,1.0,1,13200.0,660.0,12540.0
5000006403,20241012,2,33,2,1.0,3,15000.0,4500.0,40500.0
5000007634,20241012,1,1222,2,1.0,2,12000.0,0.0,24000.0
5000007635,20241012,2,1222,2,1.0,2,15000.0,600.0,29400.0
5000008128,20241012,1,1167,2,3.0,3,12000.0,0.0,36000.0
5000008129,20241012,2,1167,2,3.0,2,13500.0,1350.0,25650.0
5000008756,20241012,1,1490,1,,1,12000.0,1200.0,10800.0
5000008769,20241012,2,1419,2,3.0,1,13500.0,1350.0,12150.0
5000008990,20241012,1,22,2,2.0,2,12000.0,480.0,23520.0
5000008991,20241012,2,22,2,2.0,3,13500.0,810.0,39690.0
5000009013,20241012,2,1166,2,1.0,2,15000.0,600.0,29400.0
5000009670,20241012,1,762,1,,2,10800.0,2160.0,19440.0
5000009671,20241012,1,762,1,,3,13200.0,792.0,38808.0
5000009958,20241012,2,111,1,,2,16500.0,660.0,32340.0
5000011473,20241012,1,380,2,4.0,3,12000.0,3600.0,32400.0
5000012006,20241012,1,559,2,4.0,3,12000.0,720.0,35280.0
5000012007,20241012,2,559,2,4.0,1,15000.0,0.0,15000.0
5000013828,20241012,2,644,2,4.0,2,16500.0,0.0,33000.0
5000014181,20241012,1,898,1,,2,12000.0,0.0,24000.0
5000015871,20241012,2,227,2,3.0,2,15750.0,630.0,30870.0
5000015872,20241012,1,227,2,3.0,2,12000.0,2400.0,21600.0
5000000340,20241013,1,1359,2,2.0,2,10800.0,432.0,21168.0
5000000359,20241013,2,786,1,,3,15750.0,945.0,46305.0
5000000360,20241013,1,786,1,,2,12000.0,1200.0,22800.0
5000000684,20241013,2,6,2,1.0,2,15000.0,3000.0,27000.0
5000000685,20241013,1,6,2,1.0,2,10800.0,0.0,21600.0
5000000686,20241013,2,6,2,1.0,2,15000.0,1500.0,28500.0
5000000857,20241013,1,1451,1,,1,12000.0,0.0,12000.0
5000000858,20241013,2,1451,1,,3,15750.0,4725.0,42525.0
5000001348,20241013,1,756,2,4.0,1,10800.0,1080.0,9720.0
5000001349,20241013,2,756,2,4.0,1,15000.0,0.0,15000.0
5000001638,20241013,2,920,1,,3,15750.0,0.0,47250.0
5000001639,20241013,1,920,1,,3,13200.0,792.0,38808.0
5000001640,20241013,1,920,1,,3,12600.0,3780.0,34020.0
5000001713,20241013,2,353,1,,1,16500.0,0.0,16500.0
5000002391,20241013,1,1416,1,,3,12000.0,0.0,36000.0
5000002409,20241013,1,1326,1,,2,10800.0,2160.0,19440.0
5000002410,20241013,1,1326,1,,2,12000.0,2400.0,21600.0
5000003433,20241013,1,1085,1,,2,10800.0,0.0,21600.0
5000004125,20241013,2,289,2,2.0,2,15000.0,1500.0,28500.0
5000004126,20241013,2,289,2,2.0,2,15750.0,3150.0,28350.0
5000004127,20241013,1,289,2,2.0,3,10800.0,1620.0,30780.0
5000004745,20241013,1,171,2,3.0,2,10800.0,432.0,21168.0
5000005279,20241013,2,787,1,,1,13500.0,0.0,13500.0
5000005338,20241013,1,960,1,,1,12000.0,240.0,11760.0
5000006596,20241013,2,817,2,2.0,2,15000.0,3000.0,27000.0
5000006597,20241013,2,817,2,2.0,3,15750.0,2362.5,44887.5
5000007957,20241013,1,1406,1,,3,10800.0,0.0,32400.0
5000009640,20241013,2,1246,2,1.0,1,15750.0,787.5,14962.5
5000009641,20241013,1,1246,2,1.0,2,13200.0,0.0,26400.0
5000009760,20241013,1,1224,1,,1,12000.0,600.0,11400.0
5000012103,20241013,1,432,1,,3,12000.0,1800.0,34200.0
5000012358,20241013,1,35,1,,2,10800.0,1080.0,20520.0
5000013361,20241013,1,1245,1,,1,12000.0,1200.0,10800.0
5000013366,20241013,2,773,1,,2,15000.0,3000.0,27000.0
5000013367,20241013,2,773,1,,1,15000.0,1500.0,13500.0
5000015445,20241013,2,561,1,,1,16500.0,825.0,15675.0
5000015841,20241013,2,1039,1,,3,15000.0,4500.0,40500.0
5000000371,20241014,2,122,2,1.0,2,15000.0,0.0,30000.0
5000000372,20241014,1,122,2,1.0,1,12000.0,0.0,12000.0
5000000440,20241014,1,798,2,2.0,2,13200.0,2640.0,23760.0
5000000843,20241014,1,1325,2,3.0,3,12000.0,720.0,35280.0
5000002380,20241014,2,276,2,1.0,2,15000.0,1500.0,28500.0
5000003283,20241014,2,126,1,,3,15750.0,945.0,46305.0
5000003641,20241014,1,1133,2,2.0,2,10800.0,1080.0,20520.0
5000003642,20241014,1,1133,2,2.0,2,12000.0,2400.0,21600.0
5000005358,20241014,1,1217,1,,3,12000.0,0.0,36000.0
5000005817,20241014,1,1340,2,1.0,3,12000.0,1800.0,34200.0
5000006501,20241014,2,301,1,,1,16500.0,0.0,16500.0
5000006930,20241014,1,150,1,,2,12000.0,2400.0,21600.0
5000007951,20241014,2,1313,1,,2,13500.0,2700.0,24300.0
5000007952,20241014,1,1313,1,,2,12000.0,0.0,24000.0
5000008133,20241014,2,1463,2,4.0,1,13500.0,0.0,13500.0
5000008134,20241014,1,1463,2,4.0,3,12000.0,720.0,35280.0
5000008541,20241014,1,72,1,,3,12000.0,0.0,36000.0
5000009014,20241014,1,997,1,,1,12000.0,0.0,12000.0
5000009200,20241014,2,356,1,,1,15000.0,750.0,14250.0
5000009201,20241014,1,356,1,,1,12000.0,240.0,11760.0
5000010353,20241014,2,1269,2,1.0,2,15000.0,3000.0,27000.0
5000010354,20241014,2,1269,2,1.0,2,13500.0,2700.0,24300.0
5000010455,20241014,1,1050,1,,1,10800.0,1080.0,9720.0
5000011816,20241014,1,467,1,,2,10800.0,432.0,21168.0
5000011985,20241014,2,701,1,,1,16500.0,1650.0,14850.0
5000014049,20241014,1,1253,2,1.0,1,12000.0,1200.0,10800.0
5000000422,20241015,2,873,1,,1,15000.0,0.0,15000.0
5000000423,20241015,1,873,1,,1,12000.0,240.0,11760.0
5000000944,20241015,1,1052,2,3.0,3,10800.0,3240.0,29160.0
5000001171,20241015,2,500,2,4.0,3,15000.0,900.0,44100.0
5000003032,20241015,2,297,1,,2,15000.0,3000.0,27000.0
5000003033,20241015,2,297,1,,3,15000.0,2250.0,42750.0
5000003105,20241015,2,78,1,,3,15000.0,900.0,44100.0
5000003106,20241015,1,78,1,,2,12000.0,480.0,23520.0
5000003327,20241015,1,723,1,,1,12000.0,600.0,11400.0
5000004706,20241015,1,1498,1,,1,10800.0,0.0,10800.0
5000004754,20241015,1,589,1,,1,12600.0,0.0,12600.0
5000005416,20241015,2,269,2,3.0,2,16500.0,660.0,32340.0
5000005417,20241015,1,269,2,3.0,1,12000.0,240.0,11760.0
5000006862,20241015,1,253,1,,3,12000.0,3600.0,32400.0
5000008952,20241015,1,1476,2,3.0,2,12000.0,2400.0,21600.0
5000008964,20241015,2,286,2,4.0,3,13500.0,810.0,39690.0
5000010238,20241015,2,733,2,3.0,1,15000.0,750.0,14250.0
5000011632,20241015,2,1205,2,1.0,1,16500.0,825.0,15675.0
5000011633,20241015,1,1205,2,1.0,2,12000.0,1200.0,22800.0
5000011747,20241015,1,1216,1,,2,12000.0,2400.0,21600.0
5000012213,20241015,2,1394,1,,2,15000.0,600.0,29400.0
5000012214,20241015,1,1394,1,,3,12000.0,0.0,36000.0
5000012215,20241015,2,1394,1,,1,15000.0,300.0,14700.0
5000013915,20241015,1,777,2,3.0,2,12000.0,0.0,24000.0
5000014739,20241015,2,503,2,2.0,1,13500.0,270.0,13230.0
5000015374,20241015,2,1369,1,,2,13500.0,540.0,26460.0
5000015690,20241015,1,980,2,4.0,2,12000.0,1200.0,22800.0
5000015757,20241015,2,1244,1,,2,15000.0,0.0,30000.0
5000015916,20241015,1,973,1,,3,12000.0,1800.0,34200.0
5000016091,20241015,2,368,1,,1,15000.0,0.0,15000.0
5000000927,20241016,2,889,2,4.0,1,15000.0,300.0,14700.0
5000000928,20241016,1,889,2,4.0,3,12000.0,1800.0,34200.0
5000002422,20241016,2,1291,1,,2,15750.0,630.0,30870.0
5000003023,20241016,2,7,1,,2,13500.0,1350.0,25650.0
5000004261,20241016,1,1447,1,,3,12000.0,720.0,35280.0
5000005057,20241016,2,15,1,,1,15000.0,0.0,15000.0
5000005058,20241016,1,15,1,,2,13200.0,1320.0,25080.0
5000007542,20241016,2,1104,1,,1,15000.0,300.0,14700.0
5000007543,20241016,1,1104,1,,1,12000.0,600.0,11400.0
5000009756,20241016,1,1186,1,,3,12000.0,1800.0,34200.0
5000009757,20241016,2,1186,1,,2,16500.0,0.0,33000.0
5000010670,20241016,1,7,2,2.0,2,12600.0,1260.0,23940.0
5000014507,20241016,1,1457,1,,2,12000.0,480.0,23520.0
5000016125,20241016,1,440,2,4.0,2,12000.0,0.0,24000.0
5000000392,20241017,2,102,1,,3,16500.0,2475.0,47025.0
5000001075,20241017,1,671,1,,2,12000.0,2400.0,21600.0
5000001310,20241017,2,664,2,2.0,1,15000.0,1500.0,13500.0
5000001311,20241017,2,664,2,2.0,1,15000.0,750.0,14250.0
5000002579,20241017,1,1260,1,,2,12000.0,2400.0,21600.0
5000004929,20241017,1,724,2,4.0,3,10800.0,648.0,31752.0
5000005691,20241017,2,58,2,2.0,2,15000.0,1500.0,28500.0
5000005717,20241017,2,1014,2,4.0,2,15000.0,0.0,30000.0
5000005718,20241017,2,1014,2,4.0,2,13500.0,0.0,27000.0
5000006246,20241017,1,1286,2,2.0,3,12000.0,3600.0,32400.0
5000006705,20241017,1,1144,1,,1,10800.0,0.0,10800.0
5000008308,20241017,1,379,2,4.0,3,12000.0,3600.0,32400.0
5000008370,20241017,1,266,2,4.0,2,12000.0,480.0,23520.0
5000008371,20241017,2,266,2,4.0,1,15000.0,0.0,15000.0
5000009114,20241017,2,282,2,4.0,1,15750.0,0.0,15750.0
5000011394,20241017,2,350,2,2.0,2,15000.0,1500.0,28500.0
5000011823,20241017,1,1419,1,,1,12000.0,240.0,11760.0
5000012136,20241017,2,1416,1,,1,15000.0,300.0,14700.0
5000012137,20241017,1,1416,1,,3,13200.0,1980.0,37620.0
5000012181,20241017,2,1158,1,,1,13500.0,1350.0,12150.0
5000012320,20241017,1,247,1,,2,12000.0,0.0,24000.0
5000012338,20241017,2,1444,1,,3,15750.0,2362.5,44887.5
5000013417,20241017,1,1244,1,,3,12000.0,720.0,35280.0
5000014005,20241017,2,682,1,,3,16500.0,990.0,48510.0
5000000828,20241018,2,1207,1,,3,15750.0,0.0,47250.0
5000000829,20241018,1,1207,1,,3,13200.0,1980.0,37620.0
5000001065,20241018,1,544,1,,1,10800.0,540.0,10260.0
5000001173,20241018,2,1002,1,,2,16500.0,0.0,33000.0
5000001354,20241018,2,416,1,,2,15000.0,600.0,29400.0
5000002966,20241018,1,354,1,,3,12600.0,3780.0,34020.0
5000003149,20241018,1,872,1,,1,12000.0,600.0,11400.0
5000003150,20241018,1,872,1,,1,12600.0,630.0,11970.0
5000003267,20241018,1,1219,2,4.0,1,12000.0,0.0,12000.0
5000003713,20241018,1,816,2,4.0,1,12600.0,630.0,11970.0
5000004805,20241018,2,327,2,2.0,1,15750.0,315.0,15435.0
5000005099,20241018,2,1446,1,,3,15000.0,0.0,45000.0
5000005100,20241018,1,1446,1,,1,12000.0,1200.0,10800.0
5000005521,20241018,2,162,2,2.0,3,15000.0,4500.0,40500.0
5000006017,20241018,1,472,2,4.0,1,12600.0,0.0,12600.0
5000006365,20241018,1,1350,1,,2,12000.0,480.0,23520.0
5000006366,20241018,1,1350,1,,3,12000.0,1800.0,34200.0
5000006764,20241018,1,761,2,2.0,3,10800.0,648.0,31752.0
5000011438,20241018,1,955,2,1.0,2,12000.0,2400.0,21600.0
5000012132,20241018,1,468,1,,2,10800.0,0.0,21600.0
5000012344,20241018,1,50,2,3.0,1,10800.0,1080.0,9720.0
5000012345,20241018,1,50,2,3.0,3,10800.0,3240.0,29160.0
5000013877,20241018,1,271,1,,3,12000.0,0.0,36000.0
5000014299,20241018,2,316,1,,3,15750.0,0.0,47250.0
5000000707,20241019,1,1190,1,,3,12000.0,0.0,36000.0
5000000708,20241019,1,1190,1,,1,12000.0,240.0,11760.0
5000001729,20241019,1,465,1,,2,12000.0,0.0,24000.0
5000003302,20241019,2,569,1,,1,15000.0,1500.0,13500.0
5000004655,20241019,2,1362,1,,2,15750.0,3150.0,28350.0
5000004819,20241019,1,446,1,,2,12600.0,0.0,25200.0
5000004820,20241019,1,446,1,,3,12000.0,3600.0,32400.0
5000004906,20241019,1,1123,1,,2,12000.0,2400.0,21600.0
5000005773,20241019,1,1484,2,1.0,1,12000.0,1200.0,10800.0
5000005774,20241019,2,1484,2,1.0,1,13500.0,0.0,13500.0
5000006748,20241019,1,788,2,2.0,2,12000.0,0.0,24000.0
5000007489,20241019,2,516,1,,1,15000.0,300.0,14700.0
5000007745,20241019,2,142,2,4.0,1,16500.0,330.0,16170.0
5000007746,20241019,1,142,2,4.0,1,12000.0,600.0,11400.0
5000010896,20241019,2,431,2,3.0,2,15000.0,0.0,30000.0
5000010959,20241019,1,1049,2,3.0,2,13200.0,528.0,25872.0
5000011020,20241019,1,1483,1,,1,12000.0,0.0,12000.0
5000011021,20241019,1,1483,1,,1,12000.0,600.0,11400.0
5000011206,20241019,2,739,2,1.0,1,15000.0,300.0,14700.0
5000011463,20241019,2,408,2,3.0,2,15000.0,1500.0,28500.0
5000011464,20241019,1,408,2,3.0,1,12000.0,240.0,11760.0
5000012582,20241019,1,1353,1,,3,10800.0,0.0,32400.0
5000014440,20241019,2,1083,1,,3,15000.0,2250.0,42750.0
5000014514,20241019,1,1407,1,,1,12000.0,1200.0,10800.0
5000000321,20241020,2,909,1,,2,15000.0,3000.0,27000.0
5000000322,20241020,1,909,1,,1,12000.0,0.0,12000.0
5000005163,20241020,1,970,2,1.0,3,12000.0,0.0,36000.0
5000005322,20241020,1,181,1,,2,12000.0,1200.0,22800.0
5000005323,20241020,2,181,1,,1,15000.0,300.0,14700.0
5000006069,20241020,1,1497,2,1.0,1,12000.0,240.0,11760.0
5000006553,20241020,1,69,1,,2,12000.0,480.0,23520.0
5000007845,20241020,1,1344,2,2.0,3,12600.0,0.0,37800.0
5000007846,20241020,1,1344,2,2.0,2,12000.0,0.0,24000.0
5000008404,20241020,1,727,1,,3,12600.0,3780.0,34020.0
5000008655,20241020,1,1099,1,,3,12000.0,3600.0,32400.0
5000008656,20241020,2,1099,1,,3,15000.0,2250.0,42750.0
5000009354,20241020,2,697,1,,2,15000.0,600.0,29400.0
5000010467,20241020,1,205,1,,3,12600.0,1890.0,35910.0
5000010468,20241020,1,205,1,,3,12000.0,3600.0,32400.0
5000011179,20241020,2,670,2,1.0,1,15000.0,0.0,15000.0
5000012955,20241020,1,1079,1,,2,10800.0,0.0,21600.0
5000013041,20241020,2,80,1,,1,15000.0,750.0,14250.0
5000013571,20241020,1,968,2,1.0,2,12000.0,0.0,24000.0
5000015000,20241020,1,554,1,,3,12000.0,0.0,36000.0
5000015066,20241020,2,829,2,1.0,1,16500.0,1650.0,14850.0
5000015671,20241020,2,1127,1,,1,15000.0,750.0,14250.0
5000015672,20241020,2,1127,1,,3,15000.0,900.0,44100.0
5000000220,20241021,2,725,1,,3,15000.0,0.0,45000.0
5000001400,20241021,2,649,2,1.0,1,15750.0,0.0,15750.0
5000002086,20241021,1,1168,1,,2,10800.0,1080.0,20520.0
5000002356,20241021,1,123,1,,2,13200.0,1320.0,25080.0
5000002357,20241021,1,123,1,,1,10800.0,1080.0,9720.0
5000004435,20241021,2,984,2,3.0,3,15000.0,4500.0,40500.0
5000004654,20241021,2,1073,1,,1,16500.0,1650.0,14850.0
5000004782,20241021,2,443,1,,2,15000.0,600.0,29400.0
5000005290,20241021,2,415,2,4.0,3,16500.0,4950.0,44550.0
5000005411,20241021,1,236,1,,2,10800.0,1080.0,20520.0
5000005412,20241021,2,236,1,,1,13500.0,270.0,13230.0
5000005413,20241021,1,236,1,,3,12000.0,3600.0,32400.0
5000006679,20241021,2,208,2,3.0,2,15750.0,0.0,31500.0
5000006985,20241021,1,138,2,1.0,2,13200.0,0.0,26400.0
5000007296,20241021,1,577,2,3.0,3,12000.0,1800.0,34200.0
5000007297,20241021,1,577,2,3.0,1,12000.0,600.0,11400.0
5000007902,20241021,1,353,1,,2,12000.0,1200.0,22800.0
5000007903,20241021,2,353,1,,1,13500.0,1350.0,12150.0
5000010352,20241021,1,153,1,,1,12000.0,0.0,12000.0
5000010454,20241021,2,309,2,2.0,2,15000.0,600.0,29400.0
5000010680,20241021,2,1336,2,3.0,3,15000.0,0.0,45000.0
5000010681,20241021,1,1336,2,3.0,3,12000.0,1800.0,34200.0
5000010700,20241021,2,965,1,,2,15000.0,1500.0,28500.0
5000010701,20241021,2,965,1,,3,15000.0,0.0,45000.0
5000011078,20241021,1,113,1,,3,12000.0,1800.0,34200.0
5000012265,20241021,2,1322,2,1.0,2,15000.0,3000.0,27000.0
5000012266,20241021,1,1322,2,1.0,3,12600.0,1890.0,35910.0
5000013907,20241021,2,1105,1,,3,15000.0,4500.0,40500.0
5000013908,20241021,1,1105,1,,3,12000.0,720.0,35280.0
5000013909,20241021,2,1105,1,,3,15000.0,0.0,45000.0
5000014707,20241021,1,330,2,4.0,3,12000.0,1800.0,34200.0
5000014708,20241021,2,330,2,4.0,3,15750.0,2362.5,44887.5
5000015528,20241021,1,915,2,3.0,1,13200.0,660.0,12540.0
5000001819,20241022,1,755,1,,1,12000.0,0.0,12000.0
5000003493,20241022,1,950,2,3.0,1,12600.0,1260.0,11340.0
5000003494,20241022,1,950,2,3.0,3,12000.0,0.0,36000.0
5000006572,20241022,2,1154,1,,3,15000.0,900.0,44100.0
5000006666,20241022,2,28,1,,1,15000.0,1500.0,13500.0
5000008210,20241022,1,1054,1,,1,12000.0,1200.0,10800.0
5000008211,20241022,2,1054,1,,3,15000.0,0.0,45000.0
5000008727,20241022,1,623,1,,2,12000.0,480.0,23520.0
5000008728,20241022,1,623,1,,1,12000.0,0.0,12000.0
5000009043,20241022,2,417,1,,3,15000.0,4500.0,40500.0
5000009261,20241022,2,1330,1,,1,15750.0,1575.0,14175.0
5000009262,20241022,1,1330,1,,3,12000.0,1800.0,34200.0
5000009853,20241022,1,882,1,,2,12000.0,2400.0,21600.0
5000009854,20241022,2,882,1,,3,15000.0,2250.0,42750.0
5000010659,20241022,2,168,2,1.0,3,13500.0,4050.0,36450.0
5000010990,20241022,2,1371,2,3.0,3,15000.0,0.0,45000.0
5000011700,20241022,2,257,1,,2,15000.0,3000.0,27000.0
5000012559,20241022,1,510,2,4.0,3,10800.0,3240.0,29160.0
5000014846,20241022,2,1378,1,,2,15000.0,1500.0,28500.0
5000016112,20241022,1,690,1,,1,12000.0,240.0,11760.0
5000000518,20241023,2,299,2,1.0,1,15000.0,750.0,14250.0
5000000794,20241023,1,147,2,4.0,2,12600.0,504.0,24696.0
5000002555,20241023,1,296,2,2.0,1,12000.0,600.0,11400.0
5000003989,20241023,1,690,1,,3,12000.0,1800.0,34200.0
5000003990,20241023,2,690,1,,2,15750.0,1575.0,29925.0
5000004383,20241023,2,133,1,,2,13500.0,0.0,27000.0
5000005468,20241023,1,577,1,,3,12600.0,3780.0,34020.0
5000005617,20241023,2,189,2,2.0,3,13500.0,4050.0,36450.0
5000006709,20241023,2,483,2,4.0,2,15000.0,0.0,30000.0
5000006710,20241023,2,483,2,4.0,1,15000.0,300.0,14700.0
5000007925,20241023,2,1161,1,,2,15000.0,0.0,30000.0
5000007926,20241023,2,1161,1,,2,15000.0,3000.0,27000.0
5000008001,20241023,1,1129,1,,2,12000.0,480.0,23520.0
5000009617,20241023,2,223,2,4.0,1,16500.0,330.0,16170.0
5000010783,20241023,1,791,1,,3,12000.0,0.0,36000.0
5000010784,20241023,1,791,1,,1,10800.0,540.0,10260.0
5000010928,20241023,1,387,1,,1,10800.0,0.0,10800.0
5000011009,20241023,1,492,2,2.0,3,12000.0,1800.0,34200.0
5000011010,20241023,1,492,2,2.0,2,10800.0,1080.0,20520.0
5000011901,20241023,2,1412,2,4.0,3,13500.0,0.0,40500.0
5000012005,20241023,2,454,2,4.0,3,15000.0,4500.0,40500.0
5000013179,20241023,2,867,2,3.0,2,15000.0,1500.0,28500.0
5000000824,20241024,1,751,1,,2,12600.0,0.0,25200.0
5000000825,20241024,2,751,1,,3,15000.0,900.0,44100.0
5000000909,20241024,2,810,1,,2,15000.0,3000.0,27000.0
5000001136,20241024,1,476,1,,2,12000.0,480.0,23520.0
5000001137,20241024,1,476,1,,2,10800.0,1080.0,20520.0
5000004078,20241024,1,817,2,3.0,2,13200.0,0.0,26400.0
5000004369,20241024,2,882,2,3.0,2,15000.0,600.0,29400.0
5000004509,20241024,2,790,2,3.0,3,15000.0,0.0,45000.0
5000005624,20241024,2,996,2,4.0,3,13500.0,4050.0,36450.0
5000005625,20241024,2,996,2,4.0,2,13500.0,1350.0,25650.0
5000007203,20241024,2,824,1,,1,15000.0,1500.0,13500.0
5000007303,20241024,1,645,2,4.0,3,12000.0,0.0,36000.0
5000007581,20241024,2,350,2,2.0,2,13500.0,540.0,26460.0
5000008007,20241024,1,375,2,2.0,3,10800.0,3240.0,29160.0
5000008207,20241024,2,1128,2,3.0,3,15000.0,4500.0,40500.0
5000009623,20241024,2,1498,1,,2,13500.0,2700.0,24300.0
5000010155,20241024,2,87,1,,1,15000.0,750.0,14250.0
5000010156,20241024,2,87,1,,3,13500.0,4050.0,36450.0
5000010157,20241024,1,87,1,,1,12600.0,1260.0,11340.0
5000010343,20241024,2,1316,2,4.0,1,13500.0,675.0,12825.0
5000010344,20241024,1,1316,2,4.0,1,12000.0,0.0,12000.0
5000010384,20241024,1,344,2,4.0,2,12000.0,480.0,23520.0
5000010385,20241024,2,344,2,4.0,3,16500.0,0.0,49500.0
5000011052,20241024,2,969,1,,2,15000.0,0.0,30000.0
5000011910,20241024,2,53,2,2.0,1,15750.0,1575.0,14175.0
5000013138,20241024,1,1265,1,,2,12000.0,2400.0,21600.0
5000013306,20241024,2,1496,2,3.0,3,13500.0,810.0,39690.0
5000015266,20241024,2,299,1,,2,16500.0,1650.0,31350.0
5000015543,20241024,1,577,1,,2,12000.0,1200.0,22800.0
5000016027,20241024,2,660,1,,2,15000.0,600.0,29400.0
5000000364,20241025,1,844,1,,2,13200.0,0.0,26400.0
5000000785,20241025,1,258,1,,2,12000.0,0.0,24000.0
5000001012,20241025,1,436,1,,1,10800.0,540.0,10260.0
5000002603,20241025,2,1301,1,,2,13500.0,2700.0,24300.0
5000002604,20241025,2,1301,1,,1,15000.0,1500.0,13500.0
5000002605,20241025,2,1301,1,,2,15000.0,3000.0,27000.0
5000003071,20241025,1,1445,1,,1,12600.0,252.0,12348.0
5000003565,20241025,2,461,1,,3,15000.0,900.0,44100.0
5000006643,20241025,1,16,1,,2,13200.0,528.0,25872.0
5000007795,20241025,1,1033,1,,1,12600.0,252.0,12348.0
5000007796,20241025,1,1033,1,,1,12000.0,1200.0,10800.0
5000009591,20241025,2,1022,1,,2,13500.0,1350.0,25650.0
5000010609,20241025,2,19,2,4.0,2,13500.0,2700.0,24300.0
5000011380,20241025,1,1145,2,2.0,1,12000.0,0.0,12000.0
5000012552,20241025,1,526,1,,2,12000.0,2400.0,21600.0
5000013583,20241025,1,135,2,1.0,1,12600.0,630.0,11970.0
5000013584,20241025,1,135,2,1.0,3,13200.0,792.0,38808.0
5000013585,20241025,1,135,2,1.0,1,12000.0,1200.0,10800.0
5000013892,20241025,2,1393,1,,2,15000.0,600.0,29400.0
5000013963,20241025,2,224,1,,3,15000.0,0.0,45000.0
5000014298,20241025,1,512,1,,2,12000.0,480.0,23520.0
5000014715,20241025,1,801,1,,2,10800.0,1080.0,20520.0
5000014716,20241025,2,801,1,,3,13500.0,2025.0,38475.0
5000015013,20241025,2,564,1,,2,15000.0,600.0,29400.0
5000015527,20241025,1,736,1,,2,12000.0,480.0,23520.0
5000000247,20241026,2,693,2,1.0,2,13500.0,0.0,27000.0
5000000333,20241026,1,522,2,4.0,1,12000.0,1200.0,10800.0
5000000934,20241026,2,767,1,,3,15000.0,900.0,44100.0
5000000935,20241026,2,767,1,,1,16500.0,0.0,16500.0
5000000962,20241026,2,1495,1,,2,15750.0,0.0,31500.0
5000000963,20241026,2,1495,1,,3,15750.0,945.0,46305.0
5000001431,20241026,1,1200,1,,3,13200.0,1980.0,37620.0
5000001486,20241026,1,1399,2,3.0,2,10800.0,0.0,21600.0
5000003653,20241026,2,1192,2,4.0,3,13500.0,0.0,40500.0
5000004052,20241026,2,493,2,4.0,2,15000.0,3000.0,27000.0
5000006299,20241026,2,865,2,2.0,2,15000.0,600.0,29400.0
5000006895,20241026,1,1378,2,4.0,2,12000.0,480.0,23520.0
5000007732,20241026,2,855,1,,2,15000.0,0.0,30000.0
5000008056,20241026,1,1488,2,4.0,2,12000.0,1200.0,22800.0
5000008460,20241026,1,873,1,,1,12000.0,240.0,11760.0
5000009305,20241026,1,696,1,,2,12600.0,0.0,25200.0
5000009443,20241026,1,75,1,,2,12000.0,2400.0,21600.0
5000010423,20241026,2,1242,1,,3,13500.0,2025.0,38475.0
5000015037,20241026,1,507,1,,2,12600.0,1260.0,23940.0
5000000612,20241027,1,498,1,,2,12000.0,0.0,24000.0
5000000613,20241027,2,498,1,,1,15750.0,0.0,15750.0
5000000897,20241027,2,997,2,2.0,3,16500.0,990.0,48510.0
5000001038,20241027,1,1186,2,1.0,2,12000.0,480.0,23520.0
5000001156,20241027,2,1176,2,1.0,2,15000.0,3000.0,27000.0
5000002936,20241027,1,498,1,,1,12000.0,1200.0,10800.0
5000003890,20241027,1,822,2,3.0,1,12000.0,600.0,11400.0
5000004964,20241027,2,115,2,1.0,3,16500.0,990.0,48510.0
5000007338,20241027,2,22,1,,1,15000.0,1500.0,13500.0
5000011809,20241027,1,653,1,,2,12600.0,0.0,25200.0
5000011810,20241027,1,653,1,,2,12000.0,1200.0,22800.0
5000013329,20241027,1,1184,2,4.0,2,10800.0,1080.0,20520.0
5000014105,20241027,2,53,2,2.0,3,15000.0,900.0,44100.0
5000014494,20241027,1,1285,2,4.0,3,12000.0,1800.0,34200.0
5000014495,20241027,2,1285,2,4.0,1,15000.0,0.0,15000.0
5000014740,20241027,1,1453,1,,3,13200.0,1980.0,37620.0
5000000586,20241028,1,462,2,2.0,1,12600.0,1260.0,11340.0
5000000587,20241028,2,462,2,2.0,3,16500.0,0.0,49500.0
5000000801,20241028,2,855,1,,3,16500.0,990.0,48510.0
5000004128,20241028,1,293,1,,1,12000.0,0.0,12000.0
5000005002,20241028,1,601,1,,2,13200.0,2640.0,23760.0
5000005003,20241028,1,601,1,,3,12000.0,3600.0,32400.0
5000005235,20241028,2,257,2,4.0,3,15000.0,4500.0,40500.0
5000005324,20241028,1,1382,2,4.0,2,12000.0,480.0,23520.0
5000006961,20241028,2,337,2,1.0,2,15000.0,1500.0,28500.0
5000008093,20241028,1,1073,2,3.0,1,12600.0,1260.0,11340.0
5000008518,20241028,2,819,1,,2,16500.0,3300.0,29700.0
5000008519,20241028,1,819,1,,1,10800.0,0.0,10800.0
5000009439,20241028,2,409,2,4.0,2,15000.0,3000.0,27000.0
5000009587,20241028,1,1271,1,,2,10800.0,432.0,21168.0
5000010742,20241028,2,9,2,3.0,2,15000.0,1500.0,28500.0
5000010819,20241028,1,506,1,,1,12000.0,1200.0,10800.0
5000011007,20241028,2,1392,1,,1,15000.0,750.0,14250.0
5000011931,20241028,1,1081,1,,2,12600.0,1260.0,23940.0
5000014695,20241028,2,967,1,,1,16500.0,330.0,16170.0
5000000214,20241029,2,833,2,2.0,3,15000.0,2250.0,42750.0
5000000627,20241029,1,1188,1,,3,13200.0,1980.0,37620.0
5000000990,20241029,1,867,1,,2,13200.0,0.0,26400.0
5000002597,20241029,2,567,1,,1,15750.0,315.0,15435.0
5000002598,20241029,2,567,1,,3,15750.0,0.0,47250.0
5000003330,20241029,1,397,1,,1,10800.0,0.0,10800.0
5000003464,20241029,1,1274,1,,3,13200.0,792.0,38808.0
5000003465,20241029,1,1274,1,,2,12600.0,0.0,25200.0
5000003466,20241029,2,1274,1,,3,15000.0,0.0,45000.0
5000004275,20241029,2,818,2,1.0,2,15000.0,3000.0,27000.0
5000004276,20241029,2,818,2,1.0,3,13500.0,0.0,40500.0
5000004990,20241029,1,958,1,,2,12000.0,2400.0,21600.0
5000004991,20241029,1,958,1,,3,10800.0,1620.0,30780.0
5000005038,20241029,2,200,2,3.0,2,15000.0,600.0,29400.0
5000006065,20241029,2,1448,1,,1,13500.0,1350.0,12150.0
5000006066,20241029,1,1448,1,,1,10800.0,216.0,10584.0
5000006554,20241029,1,348,1,,3,12000.0,1800.0,34200.0
5000007507,20241029,2,135,2,2.0,3,15000.0,900.0,44100.0
5000007508,20241029,1,135,2,2.0,3,12000.0,1800.0,34200.0
5000007901,20241029,2,500,1,,3,13500.0,0.0,40500.0
5000009677,20241029,1,1341,1,,3,10800.0,0.0,32400.0
5000009752,20241029,1,32,2,3.0,1,12600.0,1260.0,11340.0
5000011153,20241029,1,1347,2,4.0,2,12600.0,2520.0,22680.0
5000012249,20241029,2,165,1,,2,15000.0,0.0,30000.0
5000013075,20241029,1,1185,1,,2,12000.0,1200.0,22800.0
5000000383,20241030,2,386,1,,1,15000.0,0.0,15000.0
5000001389,20241030,1,1409,1,,3,12000.0,1800.0,34200.0
5000002700,20241030,1,382,1,,2,12600.0,1260.0,23940.0
5000002701,20241030,2,382,1,,3,15750.0,2362.5,44887.5
5000002980,20241030,2,1315,1,,3,15000.0,4500.0,40500.0
5000003943,20241030,1,1208,1,,2,12000.0,0.0,24000.0
5000003944,20241030,2,1208,1,,3,15000.0,2250.0,42750.0
5000004528,20241030,2,1473,2,3.0,3,15000.0,0.0,45000.0
5000004849,20241030,1,727,2,4.0,3,12000.0,3600.0,32400.0
5000005240,20241030,2,1418,1,,3,15000.0,2250.0,42750.0
5000005256,20241030,2,817,1,,2,15000.0,0.0,30000.0
5000006970,20241030,2,855,1,,3,15000.0,0.0,45000.0
5000007825,20241030,2,1002,2,3.0,2,15750.0,0.0,31500.0
5000007826,20241030,1,1002,2,3.0,3,12000.0,720.0,35280.0
5000010433,20241030,1,1289,2,2.0,3,13200.0,792.0,38808.0
5000010992,20241030,1,1027,1,,3,12000.0,1800.0,34200.0
5000012636,20241030,2,872,1,,3,15000.0,4500.0,40500.0
5000013118,20241030,2,938,2,4.0,2,15750.0,0.0,31500.0
5000013119,20241030,1,938,2,4.0,2,13200.0,528.0,25872.0
5000013221,20241030,2,769,1,,1,15750.0,1575.0,14175.0
5000014205,20241030,1,367,1,,2,12000.0,480.0,23520.0
5000014518,20241030,1,711,1,,1,10800.0,1080.0,9720.0
5000015474,20241030,2,837,1,,2,15000.0,1500.0,28500.0
5000015475,20241030,1,837,1,,3,12000.0,720.0,35280.0
5000001263,20241031,1,693,1,,3,10800.0,648.0,31752.0
5000001294,20241031,1,783,1,,3,12000.0,1800.0,34200.0
5000002175,20241031,1,1232,1,,3,12600.0,1890.0,35910.0
5000004717,20241031,1,335,1,,3,12000.0,720.0,35280.0
5000006945,20241031,1,42,2,4.0,3,12000.0,3600.0,32400.0
5000007022,20241031,2,455,1,,3,13500.0,0.0,40500.0
5000007315,20241031,1,731,1,,3,12000.0,0.0,36000.0
5000007316,20241031,1,731,1,,2,12600.0,0.0,25200.0
5000008533,20241031,2,307,1,,1,15000.0,0.0,15000.0
5000008534,20241031,1,307,1,,2,12000.0,2400.0,21600.0
5000008535,20241031,2,307,1,,1,15000.0,1500.0,13500.0
5000011841,20241031,2,565,2,4.0,1,15750.0,315.0,15435.0
5000014856,20241031,1,1306,2,3.0,1,12000.0,0.0,12000.0
5000014969,20241031,1,939,2,1.0,2,12000.0,1200.0,22800.0
5000014970,20241031,2,939,2,1.0,2,16500.0,3300.0,29700.0
5000000583,20241101,2,126,1,,3,15000.0,2250.0,42750.0
5000002378,20241101,1,436,1,,1,12000.0,0.0,12000.0
5000002491,20241101,1,866,1,,1,12000.0,600.0,11400.0
5000002492,20241101,1,866,1,,3,12000.0,1800.0,34200.0
5000002564,20241101,1,851,2,2.0,2,10800.0,0.0,21600.0
5000002565,20241101,2,851,2,2.0,2,15000.0,600.0,29400.0
5000002652,20241101,1,791,2,2.0,2,12000.0,2400.0,21600.0
5000002741,20241101,2,832,1,,2,15000.0,1500.0,28500.0
5000002742,20241101,1,832,1,,3,12000.0,0.0,36000.0
5000003011,20241101,2,4,2,1.0,2,15000.0,3000.0,27000.0
5000003489,20241101,1,1356,2,4.0,1,13200.0,0.0,13200.0
5000005492,20241101,1,771,2,1.0,3,10800.0,0.0,32400.0
5000005628,20241101,2,1000,2,3.0,2,15000.0,3000.0,27000.0
5000008512,20241101,1,1043,1,,1,12000.0,240.0,11760.0
5000008513,20241101,2,1043,1,,1,15000.0,1500.0,13500.0
5000008721,20241101,2,1348,1,,3,15000.0,900.0,44100.0
5000009804,20241101,2,1395,2,4.0,3,15000.0,2250.0,42750.0
5000009805,20241101,1,1395,2,4.0,3,13200.0,3960.0,35640.0
5000010406,20241101,1,707,1,,1,12600.0,630.0,11970.0
5000010407,20241101,1,707,1,,2,12000.0,0.0,24000.0
5000011829,20241101,1,652,2,3.0,2,10800.0,0.0,21600.0
5000012122,20241101,2,914,2,3.0,2,16500.0,1650.0,31350.0
5000012193,20241101,2,322,2,3.0,2,13500.0,2700.0,24300.0
5000012248,20241101,1,1169,1,,3,12000.0,720.0,35280.0
5000013723,20241101,1,393,1,,3,12000.0,1800.0,34200.0
5000013804,20241101,1,1309,1,,2,12000.0,1200.0,22800.0
5000000495,20241102,1,1056,1,,2,12000.0,2400.0,21600.0
5000002256,20241102,1,1018,1,,2,10800.0,0.0,21600.0
5000002367,20241102,2,713,2,4.0,2,15000.0,600.0,29400.0
5000002368,20241102,1,713,2,4.0,1,12000.0,240.0,11760.0
5000002850,20241102,2,503,2,2.0,3,15000.0,900.0,44100.0
5000002934,20241102,1,855,2,3.0,3,10800.0,648.0,31752.0
5000002935,20241102,1,855,2,3.0,3,10800.0,1620.0,30780.0
5000003101,20241102,1,382,1,,2,12000.0,2400.0,21600.0
5000003790,20241102,2,624,1,,3,15000.0,4500.0,40500.0
5000005879,20241102,2,96,1,,2,16500.0,0.0,33000.0
5000006412,20241102,2,1335,1,,2,15000.0,0.0,30000.0
5000007357,20241102,1,1484,1,,2,10800.0,0.0,21600.0
5000007618,20241102,1,616,1,,1,10800.0,0.0,10800.0
5000008751,20241102,2,569,1,,3,15000.0,4500.0,40500.0
5000008752,20241102,2,569,1,,3,15750.0,2362.5,44887.5
5000008971,20241102,2,400,2,2.0,1,15000.0,300.0,14700.0
5000011247,20241102,2,703,1,,2,16500.0,660.0,32340.0
5000013159,20241102,2,893,2,3.0,2,15000.0,0.0,30000.0
5000013160,20241102,1,893,2,3.0,1,12000.0,1200.0,10800.0
5000013702,20241102,1,11,1,,2,12600.0,2520.0,22680.0
5000015306,20241102,1,1461,1,,3,13200.0,792.0,38808.0
5000015634,20241102,1,915,2,1.0,1,12000.0,600.0,11400.0
5000015635,20241102,2,915,2,1.0,2,15000.0,0.0,30000.0
5000001461,20241103,2,859,1,,3,15000.0,0.0,45000.0
5000001581,20241103,1,1317,2,1.0,3,13200.0,0.0,39600.0
5000002072,20241103,1,1309,1,,2,12000.0,1200.0,22800.0
5000002361,20241103,1,689,2,1.0,1,12000.0,0.0,12000.0
5000002501,20241103,2,235,1,,1,15000.0,750.0,14250.0
5000004752,20241103,1,1319,1,,2,12000.0,2400.0,21600.0
5000006350,20241103,2,943,1,,2,15000.0,3000.0,27000.0
5000006351,20241103,1,943,1,,3,12000.0,0.0,36000.0
5000006352,20241103,2,943,1,,1,15000.0,1500.0,13500.0
5000008619,20241103,1,1433,1,,3,12600.0,1890.0,35910.0
5000009099,20241103,1,549,2,3.0,2,12600.0,2520.0,22680.0
5000009798,20241103,2,848,1,,2,15750.0,3150.0,28350.0
5000010981,20241103,2,1476,1,,1,15000.0,750.0,14250.0
5000010982,20241103,1,1476,1,,3,12000.0,1800.0,34200.0
5000011045,20241103,2,652,2,2.0,3,15000.0,900.0,44100.0
5000011240,20241103,1,1346,2,4.0,2,12600.0,504.0,24696.0
5000011241,20241103,1,1346,2,4.0,1,12000.0,0.0,12000.0
5000011387,20241103,2,1318,2,1.0,2,16500.0,3300.0,29700.0
5000011933,20241103,2,1330,2,4.0,2,16500.0,0.0,33000.0
5000012716,20241103,2,670,1,,1,15000.0,0.0,15000.0
5000012717,20241103,2,670,1,,3,15000.0,0.0,45000.0
5000012785,20241103,1,906,1,,3,12600.0,756.0,37044.0
5000013241,20241103,2,828,1,,1,13500.0,270.0,13230.0
5000013854,20241103,1,1293,1,,2,10800.0,1080.0,20520.0
5000014944,20241103,1,1456,1,,1,12000.0,1200.0,10800.0
5000016121,20241103,1,732,1,,2,12000.0,0.0,24000.0
5000000075,20241104,1,969,1,,3,12000.0,720.0,35280.0
5000000076,20241104,1,969,1,,3,12000.0,720.0,35280.0
5000000389,20241104,1,78,1,,1,12000.0,240.0,11760.0
5000000390,20241104,2,78,1,,3,13500.0,4050.0,36450.0
5000000391,20241104,1,78,1,,3,13200.0,1980.0,37620.0
5000000400,20241104,1,849,2,1.0,3,12000.0,1800.0,34200.0
5000001092,20241104,1,858,2,1.0,3,12600.0,0.0,37800.0
5000001776,20241104,1,545,2,1.0,3,10800.0,648.0,31752.0
5000003483,20241104,1,481,2,3.0,3,10800.0,0.0,32400.0
5000005541,20241104,1,171,1,,1,12600.0,1260.0,11340.0
5000005658,20241104,2,996,1,,2,15000.0,600.0,29400.0
5000006434,20241104,1,635,1,,2,12000.0,480.0,23520.0
5000008410,20241104,2,1472,1,,1,15000.0,300.0,14700.0
5000009362,20241104,1,1405,2,4.0,3,12600.0,0.0,37800.0
5000009979,20241104,2,487,1,,2,15000.0,3000.0,27000.0
5000009980,20241104,1,487,1,,3,13200.0,1980.0,37620.0
5000009981,20241104,2,487,1,,1,15000.0,1500.0,13500.0
5000012616,20241104,1,873,2,2.0,2,12000.0,0.0,24000.0
5000012617,20241104,2,873,2,2.0,2,15000.0,1500.0,28500.0
5000012797,20241104,1,985,1,,1,12000.0,0.0,12000.0
5000012798,20241104,2,985,1,,2,16500.0,3300.0,29700.0
5000013358,20241104,1,181,1,,3,10800.0,1620.0,30780.0
5000014062,20241104,1,862,1,,1,12000.0,1200.0,10800.0
5000014741,20241104,1,751,1,,2,12000.0,0.0,24000.0
5000015581,20241104,1,514,1,,3,12600.0,1890.0,35910.0
5000015582,20241104,1,514,1,,3,12000.0,720.0,35280.0
5000015583,20241104,2,514,1,,3,15750.0,4725.0,42525.0
5000015746,20241104,2,575,1,,1,15000.0,0.0,15000.0
5000000831,20241105,1,144,2,4.0,2,12000.0,0.0,24000.0
5000000832,20241105,2,144,2,4.0,1,15000.0,1500.0,13500.0
5000001666,20241105,2,559,1,,2,15750.0,630.0,30870.0
5000002215,20241105,1,294,2,3.0,2,13200.0,1320.0,25080.0
5000002833,20241105,1,216,1,,2,12600.0,2520.0,22680.0
5000002846,20241105,1,1137,1,,2,12000.0,480.0,23520.0
5000003463,20241105,1,88,1,,2,12000.0,2400.0,21600.0
5000004079,20241105,2,881,2,4.0,3,15000.0,0.0,45000.0
5000005653,20241105,2,428,1,,2,16500.0,1650.0,31350.0
5000005793,20241105,1,1467,1,,1,10800.0,1080.0,9720.0
5000005794,20241105,2,1467,1,,3,15750.0,945.0,46305.0
5000005795,20241105,1,1113,2,2.0,3,12000.0,720.0,35280.0
5000005796,20241105,2,1113,2,2.0,2,15000.0,1500.0,28500.0
5000005797,20241105,1,1113,2,2.0,1,12600.0,252.0,12348.0
5000006072,20241105,1,145,2,4.0,3,12000.0,3600.0,32400.0
5000007777,20241105,2,532,1,,2,15000.0,1500.0,28500.0
5000009772,20241105,2,1389,1,,2,16500.0,0.0,33000.0
5000010709,20241105,2,675,1,,3,15000.0,4500.0,40500.0
5000011310,20241105,2,81,1,,3,15750.0,0.0,47250.0
5000011724,20241105,1,546,1,,3,12600.0,3780.0,34020.0
5000012767,20241105,1,1033,1,,3,12600.0,756.0,37044.0
5000014536,20241105,1,805,1,,3,10800.0,3240.0,29160.0
5000014537,20241105,2,805,1,,3,15000.0,4500.0,40500.0
5000016010,20241105,1,1031,2,3.0,1,10800.0,540.0,10260.0
5000016011,20241105,2,1031,2,3.0,3,16500.0,2475.0,47025.0
5000001343,20241106,1,1154,1,,2,12000.0,2400.0,21600.0
5000001853,20241106,1,1388,1,,1,12600.0,252.0,12348.0
5000001979,20241106,1,1435,2,3.0,3,12000.0,1800.0,34200.0
5000002767,20241106,2,52,2,1.0,1,13500.0,675.0,12825.0
5000003487,20241106,2,1021,2,1.0,2,15000.0,0.0,30000.0
5000004812,20241106,2,900,1,,3,15000.0,2250.0,42750.0
5000006511,20241106,2,991,2,3.0,1,15000.0,300.0,14700.0
5000006512,20241106,2,991,2,3.0,1,15000.0,750.0,14250.0
5000006513,20241106,2,991,2,3.0,1,15000.0,750.0,14250.0
5000006863,20241106,1,1473,1,,2,12000.0,480.0,23520.0
5000006864,20241106,2,1473,1,,3,13500.0,2025.0,38475.0
5000006865,20241106,2,1473,1,,1,15750.0,315.0,15435.0
5000008081,20241106,1,858,1,,2,10800.0,1080.0,20520.0
5000008659,20241106,1,132,2,3.0,1,12000.0,600.0,11400.0
5000009214,20241106,2,660,1,,1,13500.0,675.0,12825.0
5000009829,20241106,1,1307,1,,3,12600.0,1890.0,35910.0
5000010511,20241106,2,1257,2,1.0,2,15000.0,3000.0,27000.0
5000010603,20241106,1,433,2,3.0,1,12600.0,1260.0,11340.0
5000010604,20241106,2,433,2,3.0,3,15000.0,900.0,44100.0
5000011307,20241106,1,155,1,,3,12000.0,720.0,35280.0
5000011830,20241106,1,1431,2,3.0,1,10800.0,1080.0,9720.0
5000012411,20241106,2,11,2,4.0,2,15000.0,0.0,30000.0
5000012860,20241106,2,476,1,,2,16500.0,0.0,33000.0
5000014714,20241106,1,1264,1,,1,10800.0,540.0,10260.0
5000002641,20241107,2,498,1,,2,13500.0,540.0,26460.0
5000004593,20241107,2,570,1,,2,15000.0,1500.0,28500.0
5000004824,20241107,1,1469,2,2.0,2,12000.0,1200.0,22800.0
5000005605,20241107,2,308,1,,3,15000.0,4500.0,40500.0
5000006661,20241107,2,845,1,,1,15750.0,315.0,15435.0
5000006662,20241107,2,845,1,,3,15000.0,0.0,45000.0
5000006695,20241107,1,1205,1,,2,12000.0,480.0,23520.0
5000006696,20241107,2,1205,1,,1,15000.0,0.0,15000.0
5000006849,20241107,1,963,1,,1,13200.0,660.0,12540.0
5000006850,20241107,2,963,1,,2,15750.0,3150.0,28350.0
5000006851,20241107,1,963,1,,3,12000.0,720.0,35280.0
5000008643,20241107,2,501,2,2.0,3,16500.0,4950.0,44550.0
5000008722,20241107,2,39,2,4.0,1,16500.0,825.0,15675.0
5000010149,20241107,2,1482,1,,2,15000.0,1500.0,28500.0
5000011851,20241107,1,213,2,2.0,2,10800.0,1080.0,20520.0
5000012502,20241107,1,452,1,,1,12600.0,630.0,11970.0
5000012503,20241107,1,452,1,,3,12000.0,0.0,36000.0
5000012783,20241107,1,679,1,,2,12000.0,0.0,24000.0
5000012784,20241107,1,679,1,,2,12600.0,0.0,25200.0
5000014921,20241107,2,800,2,2.0,3,15000.0,0.0,45000.0
5000015603,20241107,2,169,1,,3,15000.0,900.0,44100.0
5000000550,20241108,2,381,1,,3,13500.0,2025.0,38475.0
5000000596,20241108,1,457,1,,3,12000.0,720.0,35280.0
5000000903,20241108,2,318,1,,3,15000.0,0.0,45000.0
5000001834,20241108,2,5,2,2.0,3,15750.0,4725.0,42525.0
5000003659,20241108,1,1252,2,4.0,1,12000.0,240.0,11760.0
5000003660,20241108,1,1252,2,4.0,2,12000.0,0.0,24000.0
5000004174,20241108,1,713,2,2.0,1,12000.0,0.0,12000.0
5000004386,20241108,2,466,1,,2,13500.0,1350.0,25650.0
5000004387,20241108,1,466,1,,1,12600.0,252.0,12348.0
5000004388,20241108,1,466,1,,2,12000.0,2400.0,21600.0
5000004983,20241108,1,657,1,,1,12000.0,240.0,11760.0
5000007636,20241108,1,1493,1,,1,12000.0,600.0,11400.0
5000008603,20241108,2,1093,1,,3,15750.0,4725.0,42525.0
5000009321,20241108,1,1308,1,,3,12000.0,0.0,36000.0
5000010067,20241108,2,291,1,,1,15000.0,1500.0,13500.0
5000010264,20241108,1,854,2,2.0,1,12000.0,240.0,11760.0
5000010265,20241108,1,854,2,2.0,2,12000.0,480.0,23520.0
5000011117,20241108,2,24,1,,3,15000.0,900.0,44100.0
5000011118,20241108,2,24,1,,3,13500.0,0.0,40500.0
5000011119,20241108,2,24,1,,1,15750.0,787.5,14962.5
5000011196,20241108,1,189,1,,2,12000.0,1200.0,22800.0
5000011434,20241108,1,191,1,,2,10800.0,432.0,21168.0
5000011674,20241108,1,1392,2,1.0,1,12000.0,240.0,11760.0
5000013334,20241108,1,1179,2,2.0,3,12000.0,0.0,36000.0
5000013985,20241108,1,1173,2,4.0,1,12000.0,240.0,11760.0
5000014802,20241108,2,1048,2,2.0,3,13500.0,810.0,39690.0
5000014803,20241108,2,1048,2,2.0,2,15000.0,0.0,30000.0
5000000789,20241109,1,900,1,,1,10800.0,540.0,10260.0
5000000790,20241109,2,900,1,,1,15750.0,315.0,15435.0
5000001106,20241109,1,239,1,,2,12000.0,480.0,23520.0
5000001107,20241109,1,239,1,,3,12000.0,1800.0,34200.0
5000001767,20241109,1,1439,1,,1,12600.0,0.0,12600.0
5000003503,20241109,2,1014,1,,3,15750.0,4725.0,42525.0
5000004257,20241109,2,1276,1,,2,16500.0,1650.0,31350.0
5000005816,20241109,2,1290,1,,2,15000.0,0.0,30000.0
5000006941,20241109,1,1132,2,3.0,2,10800.0,432.0,21168.0
5000006942,20241109,1,1132,2,3.0,2,12000.0,480.0,23520.0
5000008426,20241109,1,1464,1,,1,12000.0,0.0,12000.0
5000008427,20241109,1,1464,1,,1,12000.0,240.0,11760.0
5000010092,20241109,1,295,1,,3,12000.0,0.0,36000.0
5000010213,20241109,2,976,2,3.0,3,15000.0,4500.0,40500.0
5000010815,20241109,1,724,2,4.0,1,12600.0,630.0,11970.0
5000010816,20241109,1,724,2,4.0,3,13200.0,792.0,38808.0
5000010951,20241109,1,489,2,3.0,3,10800.0,3240.0,29160.0
5000011256,20241109,1,1102,1,,2,13200.0,528.0,25872.0
5000011257,20241109,2,1102,1,,2,15750.0,0.0,31500.0
5000012057,20241109,1,118,2,3.0,1,13200.0,0.0,13200.0
5000012184,20241109,1,709,1,,3,12000.0,720.0,35280.0
5000012185,20241109,1,709,1,,1,12000.0,240.0,11760.0
5000012998,20241109,1,533,1,,2,12000.0,1200.0,22800.0
5000014259,20241109,2,477,1,,1,15000.0,750.0,14250.0
5000015093,20241109,1,713,1,,1,12000.0,600.0,11400.0
5000015094,20241109,2,713,1,,2,15000.0,0.0,30000.0
5000015095,20241109,2,713,1,,3,15000.0,4500.0,40500.0
5000015456,20241109,1,353,2,4.0,3,12000.0,1800.0,34200.0
5000015807,20241109,2,439,2,4.0,1,15000.0,1500.0,13500.0
5000015955,20241109,2,783,1,,1,15000.0,1500.0,13500.0
5000002029,20241110,2,995,1,,1,15750.0,1575.0,14175.0
5000002030,20241110,1,995,1,,2,12600.0,504.0,24696.0
5000002496,20241110,1,890,2,1.0,2,12000.0,480.0,23520.0
5000002659,20241110,2,16,1,,1,15000.0,750.0,14250.0
5000002660,20241110,2,16,1,,2,15000.0,600.0,29400.0
5000003518,20241110,2,1376,1,,1,13500.0,1350.0,12150.0
5000003661,20241110,1,746,2,1.0,2,10800.0,0.0,21600.0
5000003662,20241110,1,746,2,1.0,3,13200.0,792.0,38808.0
5000003663,20241110,1,746,2,1.0,3,12000.0,720.0,35280.0
5000004859,20241110,2,380,2,4.0,1,15000.0,750.0,14250.0
5000004860,20241110,1,380,2,4.0,3,12000.0,720.0,35280.0
5000004861,20241110,2,380,2,4.0,2,15000.0,1500.0,28500.0
5000007783,20241110,1,900,1,,3,12000.0,720.0,35280.0
5000007784,20241110,1,900,1,,2,13200.0,1320.0,25080.0
5000008359,20241110,2,249,1,,2,15000.0,0.0,30000.0
5000008360,20241110,1,249,1,,1,10800.0,1080.0,9720.0
5000008361,20241110,1,249,1,,2,12000.0,1200.0,22800.0
5000008644,20241110,1,1292,2,1.0,2,12000.0,1200.0,22800.0
5000009797,20241110,1,543,1,,2,12000.0,1200.0,22800.0
5000010021,20241110,2,1316,2,1.0,1,15000.0,1500.0,13500.0
5000011064,20241110,1,228,1,,1,13200.0,264.0,12936.0
5000012284,20241110,1,257,2,2.0,1,12000.0,1200.0,10800.0
5000012285,20241110,2,257,2,2.0,1,15000.0,300.0,14700.0
5000012618,20241110,2,270,1,,3,15000.0,4500.0,40500.0
5000012619,20241110,2,270,1,,1,13500.0,675.0,12825.0
5000013189,20241110,1,1320,2,3.0,3,12000.0,3600.0,32400.0
5000013820,20241110,1,1182,2,1.0,2,13200.0,2640.0,23760.0
5000015459,20241110,1,1262,1,,1,12600.0,1260.0,11340.0
5000015460,20241110,2,1262,1,,2,15750.0,3150.0,28350.0
5000015605,20241110,1,1166,1,,3,12000.0,3600.0,32400.0
5000015767,20241110,2,1028,1,,1,15000.0,1500.0,13500.0
5000000013,20241111,2,17,1,,1,15000.0,1500.0,13500.0
5000000113,20241111,2,584,1,,1,15000.0,300.0,14700.0
5000001046,20241111,2,445,1,,2,15000.0,0.0,30000.0
5000001047,20241111,1,445,1,,2,12000.0,2400.0,21600.0
5000001271,20241111,2,1119,2,1.0,3,15750.0,945.0,46305.0
5000001351,20241111,2,317,1,,3,16500.0,0.0,49500.0
5000001364,20241111,1,1436,2,1.0,3,12000.0,720.0,35280.0
5000001365,20241111,1,1436,2,1.0,2,10800.0,0.0,21600.0
5000001676,20241111,2,998,1,,3,15000.0,2250.0,42750.0
5000002539,20241111,2,370,2,1.0,1,15750.0,787.5,14962.5
5000002740,20241111,1,560,1,,2,12600.0,0.0,25200.0
5000004180,20241111,1,888,1,,1,12000.0,0.0,12000.0
5000004181,20241111,1,888,1,,3,12000.0,720.0,35280.0
5000004182,20241111,2,888,1,,3,15000.0,2250.0,42750.0
5000004854,20241111,2,126,1,,2,15000.0,600.0,29400.0
5000006398,20241111,1,1026,1,,3,12600.0,756.0,37044.0
5000006509,20241111,2,549,2,3.0,3,15000.0,4500.0,40500.0
5000007707,20241111,1,273,1,,2,12000.0,2400.0,21600.0
5000008456,20241111,1,111,1,,2,12600.0,1260.0,23940.0
5000009020,20241111,2,8,1,,1,15000.0,1500.0,13500.0
5000009743,20241111,1,1154,1,,3,12000.0,3600.0,32400.0
5000010397,20241111,2,543,1,,3,15000.0,900.0,44100.0
5000010647,20241111,1,402,2,2.0,1,12000.0,0.0,12000.0
5000010775,20241111,1,616,1,,1,10800.0,1080.0,9720.0
5000012436,20241111,2,114,1,,1,16500.0,0.0,16500.0
5000012437,20241111,1,114,1,,3,10800.0,0.0,32400.0
5000012982,20241111,2,714,1,,3,15000.0,2250.0,42750.0
5000013110,20241111,1,809,2,1.0,1,12000.0,240.0,11760.0
5000013111,20241111,2,809,2,1.0,1,13500.0,0.0,13500.0
5000014131,20241111,1,1439,2,4.0,2,12600.0,0.0,25200.0
5000014190,20241111,1,1244,1,,3,12000.0,720.0,35280.0
5000014257,20241111,2,18,1,,1,15000.0,0.0,15000.0
5000015847,20241111,1,269,2,1.0,2,12000.0,480.0,23520.0
5000015848,20241111,2,269,2,1.0,3,15000.0,0.0,45000.0
5000000245,20241112,1,560,1,,2,12000.0,480.0,23520.0
5000000547,20241112,2,106,1,,2,15750.0,630.0,30870.0
5000001745,20241112,1,756,2,3.0,3,12000.0,1800.0,34200.0
5000001893,20241112,2,1110,1,,1,13500.0,0.0,13500.0
5000002031,20241112,2,1362,1,,2,15000.0,3000.0,27000.0
5000002032,20241112,2,1362,1,,2,15000.0,1500.0,28500.0
5000002033,20241112,2,1362,1,,1,15000.0,1500.0,13500.0
5000002640,20241112,1,359,1,,2,12000.0,0.0,24000.0
5000003434,20241112,2,1023,1,,3,15000.0,4500.0,40500.0
5000006900,20241112,1,983,1,,3,12000.0,720.0,35280.0
5000007043,20241112,1,220,2,3.0,2,12600.0,0.0,25200.0
5000008653,20241112,1,975,1,,1,10800.0,1080.0,9720.0
5000008835,20241112,1,332,1,,2,10800.0,2160.0,19440.0
5000008836,20241112,2,332,1,,1,13500.0,675.0,12825.0
5000009821,20241112,2,486,2,3.0,3,15000.0,900.0,44100.0
5000009822,20241112,1,486,2,3.0,3,10800.0,648.0,31752.0
5000009823,20241112,1,486,2,3.0,3,12000.0,1800.0,34200.0
5000009843,20241112,1,615,1,,3,12000.0,720.0,35280.0
5000010743,20241112,2,1424,2,4.0,1,15000.0,300.0,14700.0
5000010744,20241112,2,1424,2,4.0,1,15000.0,750.0,14250.0
5000011574,20241112,1,259,2,4.0,3,12000.0,0.0,36000.0
5000011575,20241112,2,259,2,4.0,1,15000.0,1500.0,13500.0
5000011576,20241112,2,259,2,4.0,3,15000.0,900.0,44100.0
5000013275,20241112,2,553,1,,3,15000.0,0.0,45000.0
5000013346,20241112,1,1116,1,,3,12000.0,1800.0,34200.0
5000014721,20241112,1,1125,1,,2,12000.0,2400.0,21600.0
5000016089,20241112,1,10,2,2.0,1,10800.0,1080.0,9720.0
5000016090,20241112,2,10,2,2.0,3,15000.0,900.0,44100.0
5000000882,20241113,2,473,2,2.0,1,13500.0,1350.0,12150.0
5000003242,20241113,2,849,1,,1,15000.0,300.0,14700.0
5000003243,20241113,1,849,1,,1,12000.0,600.0,11400.0
5000005197,20241113,1,380,1,,3,12600.0,1890.0,35910.0
5000005198,20241113,1,380,1,,1,12600.0,630.0,11970.0
5000007669,20241113,1,782,1,,1,12000.0,0.0,12000.0
5000007670,20241113,1,782,1,,2,10800.0,1080.0,20520.0
5000008053,20241113,2,534,1,,2,15000.0,600.0,29400.0
5000008054,20241113,1,534,1,,1,12000.0,1200.0,10800.0
5000008055,20241113,1,534,1,,3,12000.0,720.0,35280.0
5000008587,20241113,2,1313,1,,3,16500.0,4950.0,44550.0
5000009749,20241113,2,609,1,,2,16500.0,1650.0,31350.0
5000010529,20241113,1,41,2,4.0,3,13200.0,3960.0,35640.0
5000011213,20241113,2,248,1,,3,15000.0,4500.0,40500.0
5000011214,20241113,2,248,1,,2,15000.0,3000.0,27000.0
5000011428,20241113,2,163,2,3.0,1,13500.0,270.0,13230.0
5000012134,20241113,2,619,1,,3,13500.0,4050.0,36450.0
5000013379,20241113,1,157,2,1.0,3,12000.0,0.0,36000.0
5000014774,20241113,2,1381,1,,2,15000.0,1500.0,28500.0
5000014933,20241113,1,1387,1,,2,12000.0,480.0,23520.0
5000000131,20241114,2,54,2,2.0,3,15000.0,0.0,45000.0
5000000132,20241114,1,54,2,2.0,2,12000.0,0.0,24000.0
5000000133,20241114,2,54,2,2.0,1,16500.0,825.0,15675.0
5000000317,20241114,1,606,2,1.0,3,12000.0,0.0,36000.0
5000000662,20241114,2,173,1,,1,15000.0,300.0,14700.0
5000001495,20241114,2,14,1,,1,15000.0,0.0,15000.0
5000001901,20241114,1,1219,2,3.0,3,13200.0,1980.0,37620.0
5000002220,20241114,1,1004,1,,1,12600.0,252.0,12348.0
5000002221,20241114,1,1004,1,,2,12000.0,0.0,24000.0
5000003082,20241114,2,751,1,,2,15000.0,0.0,30000.0
5000003083,20241114,1,751,1,,3,10800.0,648.0,31752.0
5000003758,20241114,1,357,2,2.0,1,12000.0,1200.0,10800.0
5000003971,20241114,2,840,1,,3,15000.0,2250.0,42750.0
5000004973,20241114,2,362,1,,1,15000.0,300.0,14700.0
5000004974,20241114,1,362,1,,3,12000.0,3600.0,32400.0
5000005571,20241114,1,510,1,,1,12000.0,600.0,11400.0
5000005644,20241114,1,190,1,,3,12000.0,3600.0,32400.0
5000005986,20241114,1,809,1,,2,12000.0,480.0,23520.0
5000006411,20241114,2,351,2,4.0,2,15750.0,0.0,31500.0
5000006880,20241114,2,1084,1,,1,13500.0,0.0,13500.0
5000007452,20241114,1,243,2,3.0,1,12000.0,240.0,11760.0
5000007814,20241114,1,391,2,3.0,3,12000.0,3600.0,32400.0
5000008866,20241114,2,165,2,1.0,3,15000.0,0.0,45000.0
5000009227,20241114,2,1370,1,,1,16500.0,0.0,16500.0
5000010373,20241114,1,782,2,3.0,2,12600.0,2520.0,22680.0
5000010480,20241114,1,714,1,,1,12000.0,600.0,11400.0
5000011998,20241114,2,891,1,,2,15750.0,1575.0,29925.0
5000000190,20241115,1,1115,1,,1,12000.0,240.0,11760.0
5000000472,20241115,1,468,2,4.0,1,10800.0,540.0,10260.0
5000001558,20241115,2,1142,2,1.0,2,15000.0,1500.0,28500.0
5000002204,20241115,1,23,1,,1,12000.0,1200.0,10800.0
5000002631,20241115,1,1459,2,4.0,1,12600.0,252.0,12348.0
5000003067,20241115,1,16,1,,1,12000.0,1200.0,10800.0
5000003068,20241115,2,16,1,,3,16500.0,2475.0,47025.0
5000003145,20241115,2,905,1,,2,15000.0,3000.0,27000.0
5000003695,20241115,2,1108,1,,3,15000.0,0.0,45000.0
5000006428,20241115,2,890,2,4.0,2,15000.0,1500.0,28500.0
5000006429,20241115,2,890,2,4.0,3,15000.0,900.0,44100.0
5000007577,20241115,1,1359,1,,1,12000.0,1200.0,10800.0
5000007645,20241115,1,175,2,2.0,3,12000.0,720.0,35280.0
5000007646,20241115,2,175,2,2.0,2,15000.0,600.0,29400.0
5000008689,20241115,2,299,1,,2,15000.0,1500.0,28500.0
5000008690,20241115,1,299,1,,1,12000.0,600.0,11400.0
5000009678,20241115,1,790,1,,2,12000.0,1200.0,22800.0
5000009679,20241115,2,790,1,,1,15000.0,0.0,15000.0
5000009680,20241115,2,790,1,,1,15000.0,750.0,14250.0
5000009846,20241115,1,1219,2,2.0,1,12000.0,1200.0,10800.0
5000009964,20241115,1,119,2,2.0,1,10800.0,540.0,10260.0
5000010940,20241115,1,1003,2,1.0,3,12600.0,756.0,37044.0
5000011711,20241115,1,860,1,,2,12000.0,1200.0,22800.0
5000012602,20241115,1,173,1,,2,12600.0,504.0,24696.0
5000013964,20241115,1,1263,2,3.0,1,12000.0,0.0,12000.0
5000015235,20241115,1,452,2,3.0,2,12000.0,2400.0,21600.0
5000000272,20241116,1,166,1,,1,12600.0,0.0,12600.0
5000000273,20241116,2,166,1,,2,15750.0,3150.0,28350.0
5000000655,20241116,1,1011,2,2.0,1,12000.0,1200.0,10800.0
5000000727,20241116,1,1199,1,,2,13200.0,2640.0,23760.0
5000000805,20241116,2,1019,2,1.0,3,15000.0,4500.0,40500.0
5000000806,20241116,2,1019,2,1.0,1,15000.0,1500.0,13500.0
5000001010,20241116,2,960,1,,3,15000.0,0.0,45000.0
5000003621,20241116,1,603,1,,3,12000.0,0.0,36000.0
5000003926,20241116,2,722,2,1.0,3,13500.0,810.0,39690.0
5000007256,20241116,2,1123,2,2.0,1,15000.0,300.0,14700.0
5000009336,20241116,2,336,2,2.0,3,15000.0,900.0,44100.0
5000011076,20241116,1,618,1,,1,10800.0,540.0,10260.0
5000011077,20241116,1,618,1,,1,12000.0,600.0,11400.0
5000011429,20241116,1,969,1,,3,12000.0,3600.0,32400.0
5000011764,20241116,1,524,2,4.0,1,12000.0,1200.0,10800.0
5000014231,20241116,1,929,1,,3,12000.0,3600.0,32400.0
5000000052,20241117,2,634,2,2.0,3,15750.0,2362.5,44887.5
5000000053,20241117,2,634,2,2.0,3,15000.0,4500.0,40500.0
5000000275,20241117,1,925,2,3.0,3,12000.0,3600.0,32400.0
5000001484,20241117,1,1184,1,,3,12600.0,756.0,37044.0
5000003184,20241117,2,516,1,,2,13500.0,1350.0,25650.0
5000003185,20241117,1,516,1,,3,12000.0,1800.0,34200.0
5000004445,20241117,1,146,2,4.0,1,12000.0,600.0,11400.0
5000004446,20241117,1,146,2,4.0,3,12000.0,3600.0,32400.0
5000004478,20241117,1,1117,1,,1,12600.0,0.0,12600.0
5000005140,20241117,1,199,1,,3,12600.0,0.0,37800.0
5000005141,20241117,2,199,1,,3,15000.0,2250.0,42750.0
5000005595,20241117,2,1230,1,,2,15000.0,600.0,29400.0
5000007116,20241117,1,365,1,,1,12000.0,240.0,11760.0
5000007799,20241117,2,818,2,2.0,2,15000.0,600.0,29400.0
5000008429,20241117,2,321,1,,2,15000.0,3000.0,27000.0
5000012025,20241117,1,683,2,4.0,3,13200.0,3960.0,35640.0
5000012026,20241117,1,683,2,4.0,2,10800.0,2160.0,19440.0
5000012427,20241117,2,1436,1,,2,15000.0,3000.0,27000.0
5000012428,20241117,2,1436,1,,3,13500.0,2025.0,38475.0
5000012465,20241117,1,656,2,3.0,3,12000.0,720.0,35280.0
5000013529,20241117,2,1192,1,,2,15000.0,1500.0,28500.0
5000013530,20241117,1,1192,1,,3,12000.0,3600.0,32400.0
5000013997,20241117,1,716,1,,1,12000.0,0.0,12000.0
5000013998,20241117,1,716,1,,1,12000.0,240.0,11760.0
5000014302,20241117,1,216,1,,3,12000.0,1800.0,34200.0
5000000349,20241118,1,748,1,,3,12000.0,720.0,35280.0
5000000764,20241118,2,524,2,1.0,1,15750.0,787.5,14962.5
5000001588,20241118,2,1443,1,,1,15000.0,750.0,14250.0
5000002164,20241118,1,1365,2,3.0,1,12600.0,0.0,12600.0
5000003410,20241118,2,1032,1,,3,15000.0,2250.0,42750.0
5000007204,20241118,1,1340,1,,1,12600.0,1260.0,11340.0
5000007205,20241118,2,1340,1,,2,13500.0,2700.0,24300.0
5000007206,20241118,2,1340,1,,2,15000.0,1500.0,28500.0
5000007873,20241118,1,994,1,,3,13200.0,1980.0,37620.0
5000007874,20241118,1,994,1,,1,10800.0,0.0,10800.0
5000008206,20241118,2,195,1,,1,15000.0,300.0,14700.0
5000008475,20241118,1,494,1,,3,12000.0,1800.0,34200.0
5000008476,20241118,2,494,1,,1,13500.0,0.0,13500.0
5000008503,20241118,1,1127,1,,3,10800.0,648.0,31752.0
5000010319,20241118,1,686,1,,3,13200.0,792.0,38808.0
5000010320,20241118,2,686,1,,3,13500.0,810.0,39690.0
5000010875,20241118,1,251,2,1.0,2,12000.0,2400.0,21600.0
5000012163,20241118,2,178,1,,1,15000.0,1500.0,13500.0
5000013125,20241118,1,921,1,,2,12600.0,1260.0,23940.0
5000013126,20241118,1,921,1,,2,12000.0,0.0,24000.0
5000013127,20241118,2,921,1,,1,16500.0,1650.0,14850.0
5000013255,20241118,1,918,1,,2,12600.0,0.0,25200.0
5000014624,20241118,2,489,1,,3,15000.0,0.0,45000.0
5000014625,20241118,2,489,1,,2,15750.0,0.0,31500.0
5000015479,20241118,1,1033,1,,1,10800.0,540.0,10260.0
5000015572,20241118,1,1476,2,4.0,1,12000.0,240.0,11760.0
5000015573,20241118,1,1476,2,4.0,2,12000.0,0.0,24000.0
5000015935,20241118,2,1467,1,,3,15000.0,4500.0,40500.0
5000015936,20241118,1,1467,1,,3,12000.0,1800.0,34200.0
5000016077,20241118,1,1344,2,2.0,1,10800.0,1080.0,9720.0
5000000144,20241119,1,334,1,,3,12000.0,720.0,35280.0
5000000312,20241119,2,417,1,,1,15000.0,0.0,15000.0
5000000402,20241119,1,901,1,,3,12000.0,3600.0,32400.0
5000000403,20241119,1,901,1,,1,12000.0,240.0,11760.0
5000000551,20241119,1,176,2,3.0,2,12000.0,480.0,23520.0
5000001870,20241119,1,600,2,3.0,2,13200.0,1320.0,25080.0
5000006092,20241119,1,900,2,4.0,1,10800.0,540.0,10260.0
5000008191,20241119,2,972,2,3.0,2,15000.0,600.0,29400.0
5000008375,20241119,1,1284,2,1.0,1,12000.0,240.0,11760.0
5000008919,20241119,2,248,1,,2,15000.0,600.0,29400.0
5000009662,20241119,2,1063,2,1.0,2,15000.0,600.0,29400.0
5000009663,20241119,1,1063,2,1.0,2,12000.0,1200.0,22800.0
5000010035,20241119,1,309,1,,1,13200.0,1320.0,11880.0
5000011953,20241119,2,229,2,3.0,3,15000.0,4500.0,40500.0
5000011954,20241119,1,229,2,3.0,2,10800.0,432.0,21168.0
5000011955,20241119,1,229,2,3.0,3,13200.0,0.0,39600.0
5000012609,20241119,1,573,1,,3,12000.0,1800.0,34200.0
5000012776,20241119,1,1202,2,3.0,3,12000.0,0.0,36000.0
5000012868,20241119,1,750,1,,3,12600.0,0.0,37800.0
5000013150,20241119,2,1004,2,3.0,3,15000.0,2250.0,42750.0
5000014249,20241119,1,1042,1,,2,10800.0,2160.0,19440.0
5000000435,20241120,1,522,2,4.0,3,10800.0,1620.0,30780.0
5000000512,20241120,2,295,2,2.0,2,16500.0,3300.0,29700.0
5000000513,20241120,2,295,2,2.0,1,13500.0,675.0,12825.0
5000001693,20241120,2,1121,1,,3,15000.0,2250.0,42750.0
5000002014,20241120,1,179,1,,3,12600.0,1890.0,35910.0
5000002403,20241120,2,1166,2,3.0,1,15000.0,300.0,14700.0
5000005242,20241120,1,858,1,,2,12000.0,480.0,23520.0
5000005584,20241120,1,1237,1,,2,12000.0,1200.0,22800.0
5000005585,20241120,2,1237,1,,2,13500.0,2700.0,24300.0
5000005755,20241120,2,884,2,4.0,3,15000.0,900.0,44100.0
5000005769,20241120,2,1486,1,,1,16500.0,0.0,16500.0
5000007413,20241120,1,640,2,1.0,2,13200.0,1320.0,25080.0
5000007414,20241120,1,640,2,1.0,1,12000.0,0.0,12000.0
5000010009,20241120,2,1178,2,1.0,2,15000.0,3000.0,27000.0
5000010313,20241120,1,405,2,4.0,1,12000.0,240.0,11760.0
5000010314,20241120,2,405,2,4.0,1,15000.0,0.0,15000.0
5000010315,20241120,2,405,2,4.0,2,13500.0,1350.0,25650.0
5000012161,20241120,2,1192,1,,3,15000.0,0.0,45000.0
5000015005,20241120,2,538,1,,1,15000.0,750.0,14250.0
5000015297,20241120,2,921,1,,3,15000.0,900.0,44100.0
5000015298,20241120,1,921,1,,3,12600.0,1890.0,35910.0
5000001020,20241121,1,422,1,,3,13200.0,0.0,39600.0
5000001423,20241121,1,545,1,,3,12000.0,1800.0,34200.0
5000001424,20241121,1,545,1,,1,12600.0,1260.0,11340.0
5000001425,20241121,2,545,1,,2,15000.0,0.0,30000.0
5000002112,20241121,2,1037,2,3.0,1,15000.0,750.0,14250.0
5000002365,20241121,2,1312,2,4.0,1,13500.0,270.0,13230.0
5000003057,20241121,2,757,1,,3,13500.0,0.0,40500.0
5000003369,20241121,2,392,2,2.0,3,15000.0,0.0,45000.0
5000005454,20241121,1,415,2,4.0,2,12000.0,2400.0,21600.0
5000006903,20241121,2,953,1,,3,15750.0,4725.0,42525.0
5000007213,20241121,2,54,1,,1,15000.0,1500.0,13500.0
5000007491,20241121,2,332,1,,1,16500.0,825.0,15675.0
5000007544,20241121,1,1241,2,4.0,3,12000.0,720.0,35280.0
5000007673,20241121,1,794,1,,2,12000.0,480.0,23520.0
5000009127,20241121,2,418,1,,3,15000.0,2250.0,42750.0
5000009128,20241121,1,418,1,,3,12600.0,3780.0,34020.0
5000009163,20241121,2,518,1,,2,15000.0,1500.0,28500.0
5000010822,20241121,1,241,1,,2,12000.0,0.0,24000.0
5000010917,20241121,2,1137,1,,1,15750.0,1575.0,14175.0
5000013370,20241121,2,331,1,,3,15750.0,945.0,46305.0
5000015558,20241121,2,476,2,1.0,3,15750.0,0.0,47250.0
5000002424,20241122,1,680,1,,1,12600.0,630.0,11970.0
5000002837,20241122,2,802,1,,1,15000.0,750.0,14250.0
5000003298,20241122,1,605,2,4.0,3,12000.0,1800.0,34200.0
5000003561,20241122,2,1172,2,3.0,1,15750.0,787.5,14962.5
5000004638,20241122,1,1427,1,,3,12000.0,1800.0,34200.0
5000004639,20241122,2,1427,1,,2,15000.0,600.0,29400.0
5000004769,20241122,2,294,2,1.0,2,15750.0,3150.0,28350.0
5000005269,20241122,2,202,1,,2,16500.0,1650.0,31350.0
5000005270,20241122,1,202,1,,3,12000.0,3600.0,32400.0
5000007553,20241122,2,1014,2,1.0,2,15000.0,0.0,30000.0
5000007736,20241122,1,233,1,,1,12000.0,600.0,11400.0
5000008076,20241122,2,876,1,,1,16500.0,0.0,16500.0
5000008313,20241122,1,173,1,,3,12000.0,3600.0,32400.0
5000009660,20241122,2,709,1,,3,16500.0,0.0,49500.0
5000009695,20241122,2,1448,1,,1,16500.0,330.0,16170.0
5000009696,20241122,1,1448,1,,3,12600.0,756.0,37044.0
5000009697,20241122,1,1448,1,,2,12000.0,480.0,23520.0
5000011972,20241122,2,101,2,4.0,2,13500.0,540.0,26460.0
5000011973,20241122,1,101,2,4.0,2,12600.0,1260.0,23940.0
5000013121,20241122,2,63,2,2.0,2,15000.0,600.0,29400.0
5000013122,20241122,2,63,2,2.0,1,16500.0,0.0,16500.0
5000013267,20241122,2,1372,2,1.0,3,15000.0,900.0,44100.0
5000015910,20241122,2,757,1,,2,15000.0,0.0,30000.0
5000000240,20241123,2,628,1,,1,13500.0,675.0,12825.0
5000001026,20241123,1,1307,1,,2,12000.0,1200.0,22800.0
5000002863,20241123,2,212,1,,3,15000.0,2250.0,42750.0
5000002864,20241123,1,212,1,,2,12600.0,0.0,25200.0
5000003627,20241123,1,1352,1,,2,12000.0,1200.0,22800.0
5000005144,20241123,2,471,2,2.0,3,16500.0,990.0,48510.0
5000005744,20241123,2,72,1,,3,15750.0,0.0,47250.0
5000006761,20241123,1,922,2,3.0,2,12000.0,2400.0,21600.0
5000007380,20241123,2,1241,2,1.0,1,13500.0,1350.0,12150.0
5000007381,20241123,1,1241,2,1.0,3,13200.0,0.0,39600.0
5000007382,20241123,2,1241,2,1.0,3,16500.0,2475.0,47025.0
5000007419,20241123,1,719,1,,1,12600.0,0.0,12600.0
5000007420,20241123,2,719,1,,3,16500.0,0.0,49500.0
5000007617,20241123,2,191,1,,3,15000.0,0.0,45000.0
5000007958,20241123,2,220,1,,2,15000.0,0.0,30000.0
5000008352,20241123,1,1405,2,3.0,3,12000.0,0.0,36000.0
5000008671,20241123,1,158,1,,2,12000.0,0.0,24000.0
5000008824,20241123,2,702,2,4.0,2,15000.0,0.0,30000.0
5000008825,20241123,1,702,2,4.0,1,13200.0,1320.0,11880.0
5000008826,20241123,2,702,2,4.0,2,13500.0,0.0,27000.0
5000009094,20241123,1,1255,1,,3,12000.0,3600.0,32400.0
5000009095,20241123,2,1255,1,,2,15000.0,1500.0,28500.0
5000009226,20241123,1,175,2,4.0,2,12000.0,2400.0,21600.0
5000009395,20241123,2,1019,1,,3,15750.0,945.0,46305.0
5000010565,20241123,2,571,1,,2,15000.0,1500.0,28500.0
5000012192,20241123,2,459,1,,1,15750.0,0.0,15750.0
5000014159,20241123,2,1382,2,2.0,1,15750.0,1575.0,14175.0
5000014160,20241123,2,1382,2,2.0,1,15000.0,750.0,14250.0
5000015222,20241123,2,546,1,,2,15750.0,630.0,30870.0
5000015236,20241123,1,754,1,,1,12000.0,240.0,11760.0
5000015833,20241123,1,774,2,4.0,1,12000.0,0.0,12000.0
5000001607,20241124,1,825,1,,1,12600.0,630.0,11970.0
5000001608,20241124,2,825,1,,3,16500.0,4950.0,44550.0
5000001643,20241124,1,1401,1,,1,12000.0,240.0,11760.0
5000002225,20241124,1,1403,1,,2,12600.0,1260.0,23940.0
5000004686,20241124,1,400,1,,2,12000.0,0.0,24000.0
5000004687,20241124,1,400,1,,1,12000.0,240.0,11760.0
5000004915,20241124,1,1402,1,,1,12600.0,630.0,11970.0
5000004916,20241124,2,1402,1,,1,15000.0,750.0,14250.0
5000005007,20241124,2,911,1,,3,15000.0,900.0,44100.0
5000005372,20241124,1,64,1,,1,10800.0,540.0,10260.0
5000007222,20241124,2,1092,1,,3,15750.0,4725.0,42525.0
5000007726,20241124,1,931,2,1.0,2,12000.0,1200.0,22800.0
5000007727,20241124,1,931,2,1.0,2,10800.0,2160.0,19440.0
5000010088,20241124,2,1421,2,4.0,3,15000.0,0.0,45000.0
5000010089,20241124,2,1421,2,4.0,2,15000.0,600.0,29400.0
5000011130,20241124,1,1038,2,3.0,2,13200.0,2640.0,23760.0
5000011563,20241124,1,238,1,,2,12000.0,480.0,23520.0
5000012793,20241124,1,528,2,3.0,1,10800.0,0.0,10800.0
5000012794,20241124,2,528,2,3.0,2,15000.0,600.0,29400.0
5000013776,20241124,2,1477,1,,3,16500.0,2475.0,47025.0
5000015862,20241124,2,419,1,,3,15000.0,4500.0,40500.0
5000000119,20241125,2,535,1,,1,15000.0,0.0,15000.0
5000001360,20241125,1,468,2,4.0,3,13200.0,792.0,38808.0
5000001611,20241125,2,590,1,,3,16500.0,4950.0,44550.0
5000003146,20241125,1,392,1,,3,10800.0,648.0,31752.0
5000003147,20241125,2,392,1,,1,15000.0,0.0,15000.0
5000003148,20241125,1,392,1,,1,12000.0,600.0,11400.0
5000003271,20241125,2,801,1,,2,15000.0,600.0,29400.0
5000004340,20241125,1,1466,2,3.0,1,12000.0,0.0,12000.0
5000004569,20241125,2,168,2,4.0,3,15750.0,4725.0,42525.0
5000005830,20241125,1,959,1,,3,12600.0,1890.0,35910.0
5000006297,20241125,1,1068,2,3.0,2,10800.0,2160.0,19440.0
5000006298,20241125,2,1068,2,3.0,2,15750.0,1575.0,29925.0
5000006593,20241125,2,648,1,,2,15000.0,1500.0,28500.0
5000008669,20241125,2,1331,1,,1,15000.0,300.0,14700.0
5000008670,20241125,2,1331,1,,1,15000.0,300.0,14700.0
5000011937,20241125,1,1429,1,,1,12000.0,0.0,12000.0
5000011938,20241125,1,1429,1,,2,12600.0,1260.0,23940.0
5000012593,20241125,1,905,1,,2,13200.0,1320.0,25080.0
5000012594,20241125,1,905,1,,3,12600.0,0.0,37800.0
5000013455,20241125,1,392,2,3.0,3,10800.0,3240.0,29160.0
5000013832,20241125,2,503,1,,1,15000.0,300.0,14700.0
5000013837,20241125,1,351,1,,1,12000.0,600.0,11400.0
5000014370,20241125,1,506,2,2.0,2,12000.0,2400.0,21600.0
5000014371,20241125,1,506,2,2.0,1,12000.0,600.0,11400.0
5000014634,20241125,1,1100,2,3.0,2,12000.0,1200.0,22800.0
5000014866,20241125,2,384,1,,3,15000.0,900.0,44100.0
5000015388,20241125,1,1407,1,,3,12000.0,1800.0,34200.0
5000015389,20241125,2,1407,1,,3,13500.0,4050.0,36450.0
5000015390,20241125,1,1407,1,,3,12600.0,756.0,37044.0
5000000000,20241126,2,356,1,,2,15000.0,0.0,30000.0
5000000001,20241126,1,356,1,,2,12000.0,2400.0,21600.0
5000002008,20241126,1,244,1,,1,12000.0,0.0,12000.0
5000002009,20241126,1,244,1,,2,12600.0,0.0,25200.0
5000003008,20241126,2,1109,2,1.0,2,13500.0,1350.0,25650.0
5000003009,20241126,1,1109,2,1.0,3,12000.0,720.0,35280.0
5000003010,20241126,1,1109,2,1.0,3,10800.0,1620.0,30780.0
5000004401,20241126,2,671,1,,3,15000.0,4500.0,40500.0
5000004402,20241126,1,671,1,,2,12000.0,480.0,23520.0
5000004596,20241126,1,372,2,2.0,2,12000.0,0.0,24000.0
5000004597,20241126,2,372,2,2.0,3,15000.0,0.0,45000.0
5000004765,20241126,1,370,2,3.0,2,10800.0,2160.0,19440.0
5000006224,20241126,2,539,1,,2,15750.0,0.0,31500.0
5000006818,20241126,1,1426,2,2.0,1,12000.0,240.0,11760.0
5000007621,20241126,2,605,1,,3,15000.0,0.0,45000.0
5000009519,20241126,1,1075,1,,3,12000.0,0.0,36000.0
5000009955,20241126,1,1233,2,3.0,3,12600.0,756.0,37044.0
5000009987,20241126,2,154,2,2.0,1,16500.0,1650.0,14850.0
5000010932,20241126,1,533,1,,2,12000.0,1200.0,22800.0
5000010933,20241126,2,533,1,,1,15000.0,750.0,14250.0
5000011775,20241126,2,346,1,,1,15000.0,0.0,15000.0
5000013637,20241126,1,897,2,2.0,3,12000.0,0.0,36000.0
5000013638,20241126,2,897,2,2.0,3,15000.0,900.0,44100.0
5000014441,20241126,2,352,1,,2,15750.0,0.0,31500.0
5000015594,20241126,2,1449,2,4.0,2,15000.0,3000.0,27000.0
5000015595,20241126,1,1449,2,4.0,3,12000.0,1800.0,34200.0
5000003266,20241127,2,421,2,2.0,1,15000.0,300.0,14700.0
5000004736,20241127,2,678,2,3.0,1,15000.0,750.0,14250.0
5000004942,20241127,1,910,2,3.0,3,12600.0,3780.0,34020.0
5000005552,20241127,2,436,2,4.0,1,13500.0,0.0,13500.0
5000006369,20241127,1,1354,2,4.0,2,12000.0,1200.0,22800.0
5000006370,20241127,1,1354,2,4.0,1,12600.0,0.0,12600.0
5000006845,20241127,1,1371,2,3.0,1,12000.0,600.0,11400.0
5000007791,20241127,1,1280,1,,3,12000.0,0.0,36000.0
5000009487,20241127,1,946,1,,1,12000.0,240.0,11760.0
5000009488,20241127,1,946,1,,3,10800.0,3240.0,29160.0
5000009489,20241127,2,946,1,,3,15000.0,4500.0,40500.0
5000012697,20241127,1,1028,1,,3,12000.0,0.0,36000.0
5000012698,20241127,1,1028,1,,3,12600.0,0.0,37800.0
5000014993,20241127,2,874,2,3.0,1,13500.0,1350.0,12150.0
5000001093,20241128,1,761,1,,1,13200.0,264.0,12936.0
5000001353,20241128,1,1378,2,1.0,2,12000.0,0.0,24000.0
5000001697,20241128,1,826,1,,2,12600.0,0.0,25200.0
5000001947,20241128,1,536,1,,3,12000.0,1800.0,34200.0
5000001948,20241128,1,536,1,,2,10800.0,0.0,21600.0
5000002545,20241128,1,820,1,,1,12000.0,240.0,11760.0
5000004975,20241128,1,1009,1,,1,13200.0,660.0,12540.0
5000004976,20241128,2,1009,1,,2,16500.0,660.0,32340.0
5000005088,20241128,1,1157,1,,3,12000.0,1800.0,34200.0
5000005089,20241128,2,1157,1,,3,15000.0,900.0,44100.0
5000007251,20241128,1,327,2,1.0,1,12000.0,0.0,12000.0
5000008163,20241128,1,1111,1,,1,13200.0,264.0,12936.0
5000008164,20241128,2,1111,1,,1,15000.0,300.0,14700.0
5000008165,20241128,1,1111,1,,3,12000.0,720.0,35280.0
5000008418,20241128,1,1450,1,,2,10800.0,1080.0,20520.0
5000010623,20241128,1,740,2,1.0,2,12000.0,0.0,24000.0
5000010624,20241128,1,740,2,1.0,2,12000.0,2400.0,21600.0
5000012620,20241128,2,1328,1,,3,15000.0,4500.0,40500.0
5000012621,20241128,1,1328,1,,2,12600.0,2520.0,22680.0
5000013533,20241128,1,541,1,,3,13200.0,1980.0,37620.0
5000013534,20241128,1,541,1,,1,12000.0,1200.0,10800.0
5000013728,20241128,2,118,1,,2,16500.0,1650.0,31350.0
5000015727,20241128,2,970,1,,1,15000.0,0.0,15000.0
5000016062,20241128,1,100,1,,2,12600.0,504.0,24696.0
5000001509,20241129,2,427,1,,3,16500.0,990.0,48510.0
5000001838,20241129,1,16,2,4.0,2,12000.0,1200.0,22800.0
5000001839,20241129,2,16,2,4.0,2,13500.0,540.0,26460.0
5000002639,20241129,1,586,1,,3,10800.0,1620.0,30780.0
5000004675,20241129,1,580,1,,1,12000.0,0.0,12000.0
5000006598,20241129,1,1335,2,2.0,1,12600.0,252.0,12348.0
5000006599,20241129,2,1335,2,2.0,3,15000.0,4500.0,40500.0
5000006600,20241129,1,1335,2,2.0,1,12000.0,600.0,11400.0
5000008204,20241129,2,1266,1,,1,15750.0,315.0,15435.0
5000008205,20241129,2,1266,1,,1,15750.0,0.0,15750.0
5000010340,20241129,2,1380,1,,3,15000.0,900.0,44100.0
5000010341,20241129,1,1380,1,,2,10800.0,432.0,21168.0
5000010342,20241129,2,1380,1,,3,15750.0,0.0,47250.0
5000010683,20241129,1,125,1,,3,12000.0,0.0,36000.0
5000011928,20241129,2,436,1,,3,15000.0,0.0,45000.0
5000012306,20241129,2,625,1,,2,15000.0,600.0,29400.0
5000013003,20241129,2,1238,2,3.0,2,15000.0,0.0,30000.0
5000013135,20241129,2,239,1,,3,15000.0,4500.0,40500.0
5000013553,20241129,1,229,1,,1,12600.0,252.0,12348.0
5000013761,20241129,1,1096,2,3.0,1,10800.0,0.0,10800.0
5000013762,20241129,2,1096,2,3.0,1,16500.0,0.0,16500.0
5000000194,20241130,1,545,2,1.0,1,13200.0,1320.0,11880.0
5000000956,20241130,2,624,1,,2,15000.0,1500.0,28500.0
5000001792,20241130,1,1133,1,,1,10800.0,216.0,10584.0
5000001793,20241130,2,1133,1,,2,15000.0,0.0,30000.0
5000002813,20241130,1,1053,2,3.0,1,10800.0,540.0,10260.0
5000004563,20241130,2,1217,2,4.0,2,16500.0,1650.0,31350.0
5000005127,20241130,1,1398,1,,3,12600.0,3780.0,34020.0
5000005514,20241130,2,473,2,4.0,1,15000.0,1500.0,13500.0
5000005890,20241130,2,491,1,,3,13500.0,810.0,39690.0
5000006255,20241130,2,863,1,,3,15000.0,2250.0,42750.0
5000006419,20241130,2,455,2,1.0,2,15000.0,0.0,30000.0
5000006480,20241130,1,1480,2,1.0,2,12000.0,2400.0,21600.0
5000006481,20241130,2,1480,2,1.0,1,15000.0,0.0,15000.0
5000006482,20241130,1,1480,2,1.0,3,12000.0,720.0,35280.0
5000007427,20241130,2,993,1,,2,15750.0,630.0,30870.0
5000008450,20241130,1,4,2,1.0,1,12000.0,0.0,12000.0
5000008451,20241130,2,4,2,1.0,1,15750.0,787.5,14962.5
5000008452,20241130,2,4,2,1.0,1,13500.0,675.0,12825.0
5000009333,20241130,2,317,1,,1,13500.0,0.0,13500.0
5000009334,20241130,1,317,1,,2,12000.0,1200.0,22800.0
5000010025,20241130,2,1183,1,,1,13500.0,1350.0,12150.0
5000011277,20241130,2,1221,1,,1,15000.0,300.0,14700.0
5000011485,20241130,1,1347,2,4.0,3,10800.0,1620.0,30780.0
5000013083,20241130,2,888,1,,1,15000.0,1500.0,13500.0
5000013084,20241130,2,888,1,,1,15000.0,0.0,15000.0
5000013798,20241130,2,504,1,,2,15000.0,1500.0,28500.0
5000014066,20241130,2,952,2,1.0,2,13500.0,1350.0,25650.0
5000015972,20241130,1,630,1,,3,12000.0,3600.0,32400.0
5000000096,20241201,2,77,1,,1,15750.0,315.0,15435.0
5000000097,20241201,1,77,1,,2,12000.0,0.0,24000.0
5000000098,20241201,2,77,1,,3,15000.0,0.0,45000.0
5000001323,20241201,2,478,1,,3,15000.0,2250.0,42750.0
5000002068,20241201,1,1401,1,,2,10800.0,432.0,21168.0
5000002069,20241201,2,1401,1,,2,15750.0,0.0,31500.0
5000002336,20241201,2,1200,2,1.0,1,15000.0,1500.0,13500.0
5000002337,20241201,1,1200,2,1.0,1,12000.0,1200.0,10800.0
5000002530,20241201,1,140,1,,3,12000.0,1800.0,34200.0
5000003097,20241201,2,390,1,,1,15000.0,750.0,14250.0
5000003126,20241201,2,947,2,1.0,2,16500.0,0.0,33000.0
5000003254,20241201,2,577,2,2.0,3,15000.0,0.0,45000.0
5000003263,20241201,2,1120,1,,1,13500.0,0.0,13500.0
5000003392,20241201,2,1393,2,2.0,2,15000.0,3000.0,27000.0
5000005165,20241201,1,1224,2,1.0,1,12000.0,1200.0,10800.0
5000005688,20241201,1,612,2,1.0,2,12600.0,2520.0,22680.0
5000005689,20241201,2,612,2,1.0,3,15000.0,0.0,45000.0
5000005713,20241201,1,1273,2,1.0,2,12000.0,0.0,24000.0
5000006688,20241201,1,1094,1,,2,12000.0,2400.0,21600.0
5000006936,20241201,2,1409,1,,1,15000.0,300.0,14700.0
5000007134,20241201,1,246,2,3.0,1,12000.0,0.0,12000.0
5000010823,20241201,1,406,2,2.0,3,10800.0,648.0,31752.0
5000010903,20241201,2,1368,2,2.0,1,15000.0,1500.0,13500.0
5000010963,20241201,1,452,1,,2,12000.0,2400.0,21600.0
5000010964,20241201,1,452,1,,2,12000.0,0.0,24000.0
5000013360,20241201,2,813,1,,2,15000.0,600.0,29400.0
5000014099,20241201,2,471,1,,3,16500.0,0.0,49500.0
5000014100,20241201,1,471,1,,2,12000.0,480.0,23520.0
5000014130,20241201,1,1288,2,1.0,2,12600.0,0.0,25200.0
5000014333,20241201,2,196,1,,3,15000.0,0.0,45000.0
5000014595,20241201,1,250,1,,1,12000.0,0.0,12000.0
5000014784,20241201,2,775,1,,1,13500.0,270.0,13230.0
5000014785,20241201,1,775,1,,3,12000.0,0.0,36000.0
5000016028,20241201,2,1468,1,,3,13500.0,810.0,39690.0
5000016029,20241201,2,1468,1,,3,13500.0,4050.0,36450.0
5000000044,20241202,1,1055,1,,2,12000.0,1200.0,22800.0
5000000332,20241202,2,757,1,,1,15750.0,315.0,15435.0
5000001122,20241202,2,637,1,,3,15000.0,0.0,45000.0
5000002661,20241202,1,1390,2,2.0,1,12000.0,0.0,12000.0
5000003514,20241202,1,1211,1,,1,10800.0,216.0,10584.0
5000003515,20241202,1,1211,1,,2,12000.0,1200.0,22800.0
5000004636,20241202,2,1252,2,3.0,1,15750.0,315.0,15435.0
5000004637,20241202,1,1252,2,3.0,1,12000.0,1200.0,10800.0
5000004902,20241202,2,448,2,2.0,1,15000.0,1500.0,13500.0
5000006926,20241202,1,474,2,1.0,1,12000.0,600.0,11400.0
5000007149,20241202,1,1194,2,3.0,2,12000.0,1200.0,22800.0
5000007223,20241202,2,250,1,,2,15000.0,0.0,30000.0
5000007272,20241202,2,217,2,4.0,2,16500.0,3300.0,29700.0
5000007790,20241202,1,1282,1,,2,10800.0,2160.0,19440.0
5000008997,20241202,1,158,2,4.0,3,12600.0,3780.0,34020.0
5000008998,20241202,1,158,2,4.0,2,12000.0,0.0,24000.0
5000009540,20241202,2,264,2,2.0,3,13500.0,2025.0,38475.0
5000009747,20241202,1,506,1,,2,13200.0,528.0,25872.0
5000010859,20241202,1,728,2,4.0,3,12000.0,720.0,35280.0
5000010860,20241202,2,728,2,4.0,1,15000.0,1500.0,13500.0
5000010952,20241202,2,57,1,,2,15750.0,630.0,30870.0
5000010953,20241202,2,57,1,,1,15000.0,750.0,14250.0
5000011622,20241202,1,875,2,2.0,3,12000.0,720.0,35280.0
5000011623,20241202,1,875,2,2.0,3,12600.0,0.0,37800.0
5000013421,20241202,1,566,2,3.0,2,12000.0,0.0,24000.0
5000013422,20241202,1,566,2,3.0,2,12000.0,2400.0,21600.0
5000013423,20241202,2,566,2,3.0,2,16500.0,3300.0,29700.0
5000015942,20241202,1,1304,2,1.0,3,12000.0,3600.0,32400.0
5000002194,20241203,1,595,2,1.0,1,12000.0,0.0,12000.0
5000002195,20241203,1,595,2,1.0,1,12000.0,600.0,11400.0
5000002404,20241203,2,1038,2,3.0,2,15000.0,3000.0,27000.0
5000002405,20241203,1,1038,2,3.0,1,10800.0,216.0,10584.0
5000004189,20241203,1,347,1,,1,12000.0,600.0,11400.0
5000004190,20241203,1,347,1,,2,13200.0,528.0,25872.0
5000004216,20241203,1,717,1,,3,12000.0,0.0,36000.0
5000004217,20241203,2,717,1,,3,15000.0,2250.0,42750.0
5000005014,20241203,2,1043,1,,2,13500.0,0.0,27000.0
5000005405,20241203,1,554,1,,3,10800.0,0.0,32400.0
5000005664,20241203,1,1262,2,2.0,3,12000.0,3600.0,32400.0
5000005665,20241203,2,1262,2,2.0,3,15750.0,2362.5,44887.5
5000005666,20241203,1,1262,2,2.0,3,12000.0,1800.0,34200.0
5000005764,20241203,1,981,1,,1,13200.0,264.0,12936.0
5000006651,20241203,1,1425,1,,3,10800.0,1620.0,30780.0
5000006652,20241203,2,1425,1,,1,15000.0,750.0,14250.0
5000007492,20241203,2,43,2,3.0,2,15000.0,3000.0,27000.0
5000007493,20241203,1,43,2,3.0,3,12000.0,1800.0,34200.0
5000008332,20241203,1,764,1,,2,12000.0,1200.0,22800.0
5000008438,20241203,1,583,2,2.0,3,12000.0,1800.0,34200.0
5000009416,20241203,1,45,1,,1,13200.0,0.0,13200.0
5000010996,20241203,1,621,1,,1,12000.0,600.0,11400.0
5000011312,20241203,2,450,1,,3,15000.0,900.0,44100.0
5000012104,20241203,1,831,1,,1,12000.0,600.0,11400.0
5000012335,20241203,1,1141,1,,2,13200.0,1320.0,25080.0
5000012336,20241203,1,1141,1,,1,12000.0,240.0,11760.0
5000012337,20241203,1,1141,1,,1,10800.0,1080.0,9720.0
5000014857,20241203,1,849,2,3.0,1,12000.0,1200.0,10800.0
5000015333,20241203,2,860,1,,1,15000.0,750.0,14250.0
5000015334,20241203,1,860,1,,3,12000.0,1800.0,34200.0
5000015335,20241203,2,860,1,,3,15000.0,2250.0,42750.0
5000015384,20241203,1,1254,2,2.0,3,12600.0,1890.0,35910.0
5000015385,20241203,1,1254,2,2.0,1,12600.0,252.0,12348.0
5000015434,20241203,1,1004,2,3.0,2,12000.0,0.0,24000.0
5000000108,20241204,1,874,2,1.0,2,12000.0,480.0,23520.0
5000000878,20241204,1,414,2,3.0,2,12600.0,0.0,25200.0
5000001253,20241204,1,174,2,4.0,1,12000.0,0.0,12000.0
5000001786,20241204,1,506,1,,3,12000.0,3600.0,32400.0
5000002909,20241204,2,862,2,3.0,1,15000.0,750.0,14250.0
5000002910,20241204,2,862,2,3.0,2,15750.0,1575.0,29925.0
5000003923,20241204,2,1056,1,,2,13500.0,2700.0,24300.0
5000004057,20241204,1,1497,2,4.0,1,12000.0,0.0,12000.0
5000004058,20241204,1,1497,2,4.0,2,12000.0,480.0,23520.0
5000004466,20241204,2,1482,1,,3,15000.0,2250.0,42750.0
5000004467,20241204,2,1482,1,,3,16500.0,2475.0,47025.0
5000004998,20241204,2,1377,1,,1,13500.0,270.0,13230.0
5000005006,20241204,1,874,2,3.0,2,10800.0,432.0,21168.0
5000006107,20241204,1,640,1,,1,12000.0,0.0,12000.0
5000006561,20241204,2,660,2,2.0,3,16500.0,0.0,49500.0
5000007989,20241204,2,979,1,,1,13500.0,1350.0,12150.0
5000007990,20241204,2,979,1,,3,15000.0,0.0,45000.0
5000007999,20241204,2,902,1,,1,15000.0,0.0,15000.0
5000011154,20241204,1,104,1,,3,12000.0,3600.0,32400.0
5000011514,20241204,2,785,2,4.0,3,15750.0,0.0,47250.0
5000011515,20241204,2,785,2,4.0,2,16500.0,660.0,32340.0
5000012721,20241204,1,524,2,2.0,2,12000.0,480.0,23520.0
5000013303,20241204,2,1405,1,,2,15000.0,600.0,29400.0
5000013547,20241204,2,667,1,,1,15000.0,0.0,15000.0
5000014725,20241204,1,1466,2,1.0,2,10800.0,2160.0,19440.0
5000015070,20241204,2,259,2,4.0,1,15000.0,300.0,14700.0
5000015643,20241204,2,795,1,,1,13500.0,0.0,13500.0
5000000770,20241205,1,1440,1,,3,12000.0,720.0,35280.0
5000000798,20241205,2,358,1,,3,15750.0,4725.0,42525.0
5000001227,20241205,1,405,1,,3,12000.0,720.0,35280.0
5000001904,20241205,1,116,1,,3,12600.0,1890.0,35910.0
5000002687,20241205,1,516,1,,2,13200.0,2640.0,23760.0
5000002688,20241205,1,516,1,,1,10800.0,0.0,10800.0
5000002689,20241205,2,516,1,,3,15000.0,2250.0,42750.0
5000004536,20241205,1,692,1,,3,12600.0,3780.0,34020.0
5000004537,20241205,1,692,1,,3,12000.0,720.0,35280.0
5000005437,20241205,1,624,2,1.0,2,10800.0,1080.0,20520.0
5000005438,20241205,2,624,2,1.0,3,15750.0,0.0,47250.0
5000005439,20241205,2,624,2,1.0,1,13500.0,675.0,12825.0
5000005742,20241205,2,15,1,,1,15750.0,787.5,14962.5
5000005743,20241205,2,15,1,,3,15750.0,4725.0,42525.0
5000006483,20241205,1,865,1,,2,12000.0,480.0,23520.0
5000006484,20241205,1,865,1,,3,12600.0,3780.0,34020.0
5000007490,20241205,2,978,1,,3,15750.0,945.0,46305.0
5000007697,20241205,1,1060,2,1.0,1,12000.0,1200.0,10800.0
5000007698,20241205,2,1060,2,1.0,1,15750.0,0.0,15750.0
5000008470,20241205,2,1178,1,,1,13500.0,0.0,13500.0
5000008471,20241205,1,1178,1,,2,12000.0,1200.0,22800.0
5000010223,20241205,1,1075,1,,3,12000.0,720.0,35280.0
5000010224,20241205,2,1075,1,,1,15000.0,1500.0,13500.0
5000010225,20241205,1,1075,1,,3,12000.0,0.0,36000.0
5000011687,20241205,2,166,1,,1,15000.0,750.0,14250.0
5000011688,20241205,1,166,1,,3,13200.0,0.0,39600.0
5000012351,20241205,1,575,2,3.0,3,12000.0,720.0,35280.0
5000012352,20241205,1,575,2,3.0,1,12000.0,600.0,11400.0
5000012588,20241205,1,1463,1,,2,12000.0,2400.0,21600.0
5000013960,20241205,1,866,1,,3,12000.0,1800.0,34200.0
5000014362,20241205,2,1039,2,1.0,2,15000.0,1500.0,28500.0
5000014578,20241205,1,1468,2,3.0,2,10800.0,1080.0,20520.0
5000000674,20241206,1,69,1,,3,12600.0,1890.0,35910.0
5000000902,20241206,1,1130,2,2.0,3,12600.0,1890.0,35910.0
5000000932,20241206,2,1368,2,4.0,1,15000.0,0.0,15000.0
5000001460,20241206,2,1083,1,,2,15000.0,3000.0,27000.0
5000001584,20241206,1,820,2,3.0,2,12000.0,2400.0,21600.0
5000002469,20241206,1,871,2,4.0,2,12000.0,1200.0,22800.0
5000003086,20241206,1,846,2,2.0,2,13200.0,2640.0,23760.0
5000005200,20241206,1,345,1,,3,12000.0,1800.0,34200.0
5000005220,20241206,2,385,2,1.0,1,15000.0,750.0,14250.0
5000005735,20241206,1,1038,1,,1,12000.0,0.0,12000.0
5000005736,20241206,2,1038,1,,1,15750.0,315.0,15435.0
5000006565,20241206,1,256,2,2.0,1,12600.0,0.0,12600.0
5000006890,20241206,1,69,1,,1,12600.0,1260.0,11340.0
5000006891,20241206,1,69,1,,3,12000.0,1800.0,34200.0
5000006892,20241206,1,69,1,,2,12000.0,480.0,23520.0
5000007162,20241206,1,485,1,,1,12000.0,600.0,11400.0
5000007547,20241206,1,1295,1,,3,12000.0,0.0,36000.0
5000007654,20241206,2,608,2,2.0,3,15000.0,2250.0,42750.0
5000007666,20241206,1,743,2,2.0,2,12000.0,1200.0,22800.0
5000007667,20241206,1,743,2,2.0,2,12600.0,1260.0,23940.0
5000007679,20241206,1,731,1,,3,10800.0,1620.0,30780.0
5000009768,20241206,1,127,2,1.0,3,10800.0,1620.0,30780.0
5000009769,20241206,2,127,2,1.0,1,15000.0,0.0,15000.0
5000010028,20241206,1,283,1,,2,12000.0,0.0,24000.0
5000010533,20241206,1,515,1,,2,12000.0,1200.0,22800.0
5000010745,20241206,2,1019,1,,1,15000.0,300.0,14700.0
5000010746,20241206,2,1019,1,,2,16500.0,3300.0,29700.0
5000011717,20241206,1,405,2,2.0,1,12000.0,1200.0,10800.0
5000011793,20241206,2,43,2,1.0,1,13500.0,0.0,13500.0
5000012264,20241206,1,1088,2,2.0,1,12000.0,1200.0,10800.0
5000012510,20241206,1,427,2,3.0,1,12000.0,600.0,11400.0
5000012995,20241206,1,409,1,,3,12000.0,720.0,35280.0
5000013076,20241206,2,193,1,,1,15000.0,1500.0,13500.0
5000013140,20241206,2,1037,1,,1,15000.0,750.0,14250.0
5000013254,20241206,1,1246,1,,2,12000.0,1200.0,22800.0
5000013692,20241206,1,750,2,1.0,2,12000.0,480.0,23520.0
5000013693,20241206,1,750,2,1.0,1,12000.0,0.0,12000.0
5000013694,20241206,2,750,2,1.0,2,13500.0,2700.0,24300.0
5000014819,20241206,2,1099,1,,2,13500.0,1350.0,25650.0
5000000103,20241207,2,1224,1,,1,15750.0,315.0,15435.0
5000000204,20241207,2,1338,1,,2,16500.0,660.0,32340.0
5000000205,20241207,2,1338,1,,2,15000.0,3000.0,27000.0
5000000643,20241207,2,348,2,1.0,2,16500.0,1650.0,31350.0
5000001319,20241207,2,648,1,,2,15000.0,0.0,30000.0
5000002272,20241207,1,708,1,,3,12000.0,3600.0,32400.0
5000003593,20241207,2,317,1,,3,15750.0,2362.5,44887.5
5000006234,20241207,1,485,1,,1,12000.0,240.0,11760.0
5000007065,20241207,1,1371,2,4.0,3,12000.0,1800.0,34200.0
5000007197,20241207,1,1406,1,,2,12000.0,2400.0,21600.0
5000009072,20241207,1,997,2,2.0,1,12600.0,1260.0,11340.0
5000009522,20241207,1,1224,1,,1,12000.0,600.0,11400.0
5000009523,20241207,1,1224,1,,2,12000.0,2400.0,21600.0
5000010097,20241207,1,978,1,,3,12000.0,3600.0,32400.0
5000012200,20241207,2,1338,1,,3,15000.0,4500.0,40500.0
5000012484,20241207,2,913,2,1.0,2,16500.0,1650.0,31350.0
5000012485,20241207,1,913,2,1.0,3,12000.0,720.0,35280.0
5000015263,20241207,2,1416,1,,3,15000.0,900.0,44100.0
5000015694,20241207,2,327,1,,3,15000.0,900.0,44100.0
5000003586,20241208,1,1413,2,2.0,2,12000.0,480.0,23520.0
5000003587,20241208,1,1413,2,2.0,3,12000.0,720.0,35280.0
5000003733,20241208,1,302,2,1.0,2,12000.0,1200.0,22800.0
5000003739,20241208,1,740,2,3.0,1,12000.0,600.0,11400.0
5000004740,20241208,2,121,2,3.0,3,15750.0,4725.0,42525.0
5000004764,20241208,1,1210,2,1.0,3,12000.0,1800.0,34200.0
5000008710,20241208,2,1133,2,3.0,1,15000.0,750.0,14250.0
5000008711,20241208,2,1133,2,3.0,3,15000.0,0.0,45000.0
5000008712,20241208,2,1133,2,3.0,1,15000.0,300.0,14700.0
5000008761,20241208,2,415,1,,2,16500.0,1650.0,31350.0
5000008793,20241208,2,236,1,,1,15000.0,0.0,15000.0
5000008851,20241208,2,376,2,4.0,3,13500.0,4050.0,36450.0
5000008970,20241208,2,1078,1,,2,15000.0,1500.0,28500.0
5000009716,20241208,1,890,2,3.0,1,12000.0,1200.0,10800.0
5000009717,20241208,1,890,2,3.0,2,12600.0,1260.0,23940.0
5000010000,20241208,1,1048,2,2.0,3,12600.0,756.0,37044.0
5000010001,20241208,2,1048,2,2.0,1,16500.0,330.0,16170.0
5000010375,20241208,2,415,1,,2,15000.0,0.0,30000.0
5000010636,20241208,1,409,1,,3,12000.0,1800.0,34200.0
5000011522,20241208,2,687,2,4.0,3,15000.0,900.0,44100.0
5000011837,20241208,2,72,2,4.0,3,15750.0,2362.5,44887.5
5000011838,20241208,2,72,2,4.0,2,15750.0,3150.0,28350.0
5000012856,20241208,1,1118,2,3.0,2,12000.0,1200.0,22800.0
5000012857,20241208,2,1118,2,3.0,2,16500.0,1650.0,31350.0
5000015802,20241208,1,204,2,3.0,2,12000.0,2400.0,21600.0
5000000479,20241209,2,920,1,,3,15000.0,4500.0,40500.0
5000000562,20241209,1,1430,2,2.0,1,12000.0,600.0,11400.0
5000000710,20241209,2,1315,2,4.0,2,16500.0,0.0,33000.0
5000002306,20241209,2,1373,2,3.0,2,15000.0,600.0,29400.0
5000002967,20241209,2,217,1,,3,15000.0,4500.0,40500.0
5000003499,20241209,2,1231,2,2.0,3,15000.0,0.0,45000.0
5000003504,20241209,1,1161,1,,1,12000.0,600.0,11400.0
5000004088,20241209,1,558,2,4.0,3,10800.0,1620.0,30780.0
5000006451,20241209,1,8,1,,1,12000.0,1200.0,10800.0
5000007117,20241209,1,1440,1,,2,12600.0,1260.0,23940.0
5000007118,20241209,2,1440,1,,3,15000.0,4500.0,40500.0
5000007344,20241209,2,1155,1,,1,15000.0,1500.0,13500.0
5000008100,20241209,2,109,2,1.0,2,16500.0,3300.0,29700.0
5000008101,20241209,1,109,2,1.0,3,10800.0,0.0,32400.0
5000008650,20241209,1,1025,2,2.0,1,12000.0,1200.0,10800.0
5000009172,20241209,2,19,1,,1,15750.0,1575.0,14175.0
5000009173,20241209,1,19,1,,3,12000.0,1800.0,34200.0
5000010127,20241209,2,946,2,4.0,2,15000.0,600.0,29400.0
5000010128,20241209,2,946,2,4.0,2,15750.0,1575.0,29925.0
5000010726,20241209,2,759,1,,1,15000.0,1500.0,13500.0
5000011400,20241209,2,292,1,,2,15000.0,600.0,29400.0
5000011967,20241209,2,477,1,,2,15000.0,1500.0,28500.0
5000011968,20241209,1,477,1,,2,12000.0,2400.0,21600.0
5000014097,20241209,2,980,1,,2,13500.0,540.0,26460.0
5000014098,20241209,2,980,1,,1,16500.0,1650.0,14850.0
5000014388,20241209,1,113,1,,2,12000.0,1200.0,22800.0
5000015400,20241209,2,669,2,3.0,1,15750.0,787.5,14962.5
5000015797,20241209,1,964,1,,2,12000.0,480.0,23520.0
5000015851,20241209,2,127,2,1.0,3,15000.0,4500.0,40500.0
5000015989,20241209,2,649,2,1.0,2,15000.0,1500.0,28500.0
5000001233,20241210,2,1001,1,,2,15000.0,3000.0,27000.0
5000001352,20241210,2,917,2,3.0,1,15000.0,300.0,14700.0
5000001987,20241210,2,790,1,,2,15750.0,630.0,30870.0
5000001988,20241210,1,790,1,,2,12000.0,0.0,24000.0
5000002710,20241210,1,241,1,,2,10800.0,0.0,21600.0
5000002845,20241210,1,559,2,2.0,3,12000.0,3600.0,32400.0
5000003196,20241210,1,1206,1,,3,12600.0,0.0,37800.0
5000003671,20241210,1,1391,1,,2,13200.0,528.0,25872.0
5000003672,20241210,2,1391,1,,1,15750.0,0.0,15750.0
5000004073,20241210,1,1177,1,,3,12600.0,3780.0,34020.0
5000004074,20241210,2,1177,1,,1,15000.0,750.0,14250.0
5000004075,20241210,2,1177,1,,3,13500.0,4050.0,36450.0
5000007374,20241210,2,631,2,2.0,3,15750.0,2362.5,44887.5
5000008046,20241210,2,580,1,,1,15000.0,1500.0,13500.0
5000008047,20241210,1,580,1,,1,12000.0,240.0,11760.0
5000008662,20241210,1,539,1,,2,10800.0,1080.0,20520.0
5000009847,20241210,1,774,2,2.0,3,10800.0,648.0,31752.0
5000009848,20241210,1,774,2,2.0,3,12000.0,3600.0,32400.0
5000011110,20241210,2,464,1,,3,15000.0,4500.0,40500.0
5000011433,20241210,2,1100,1,,1,16500.0,825.0,15675.0
5000011970,20241210,2,1101,1,,1,15000.0,300.0,14700.0
5000000496,20241211,1,666,2,1.0,3,12000.0,3600.0,32400.0
5000001577,20241211,2,822,1,,2,15000.0,600.0,29400.0
5000004050,20241211,2,161,1,,2,15750.0,3150.0,28350.0
5000004051,20241211,2,161,1,,1,13500.0,1350.0,12150.0
5000005070,20241211,2,332,1,,1,15000.0,300.0,14700.0
5000005285,20241211,1,485,1,,3,12600.0,0.0,37800.0
5000005286,20241211,2,485,1,,1,15000.0,1500.0,13500.0
5000006781,20241211,2,1040,2,2.0,2,16500.0,3300.0,29700.0
5000006782,20241211,1,1040,2,2.0,2,12000.0,1200.0,22800.0
5000006783,20241211,1,1040,2,2.0,3,12000.0,0.0,36000.0
5000007721,20241211,1,958,1,,1,12000.0,1200.0,10800.0
5000008061,20241211,2,724,1,,3,15000.0,0.0,45000.0
5000008867,20241211,1,1126,1,,2,13200.0,2640.0,23760.0
5000008868,20241211,1,1126,1,,1,12600.0,252.0,12348.0
5000010895,20241211,1,951,1,,3,12600.0,3780.0,34020.0
5000013881,20241211,2,1298,2,1.0,1,15000.0,0.0,15000.0
5000014926,20241211,2,1400,2,2.0,3,15000.0,0.0,45000.0
5000015950,20241211,2,934,2,4.0,1,15000.0,300.0,14700.0
5000016081,20241211,2,1192,1,,1,13500.0,0.0,13500.0
5000016104,20241211,1,1045,2,1.0,2,12000.0,2400.0,21600.0
5000000043,20241212,2,1201,1,,1,15000.0,1500.0,13500.0
5000000347,20241212,2,1491,1,,2,16500.0,0.0,33000.0
5000001228,20241212,1,1023,1,,3,12000.0,720.0,35280.0
5000001229,20241212,2,1023,1,,3,16500.0,990.0,48510.0
5000003039,20241212,1,378,1,,2,12000.0,1200.0,22800.0
5000004300,20241212,1,266,1,,1,12000.0,240.0,11760.0
5000005097,20241212,2,974,1,,1,13500.0,0.0,13500.0
5000005098,20241212,1,974,1,,3,10800.0,1620.0,30780.0
5000005266,20241212,2,671,2,4.0,2,15000.0,600.0,29400.0
5000005267,20241212,2,671,2,4.0,2,13500.0,1350.0,25650.0
5000005759,20241212,2,156,2,1.0,1,15000.0,1500.0,13500.0
5000005760,20241212,1,156,2,1.0,2,12600.0,2520.0,22680.0
5000007939,20241212,2,3,2,4.0,1,15000.0,300.0,14700.0
5000007940,20241212,2,3,2,4.0,2,15750.0,3150.0,28350.0
5000008010,20241212,1,926,1,,3,12000.0,1800.0,34200.0
5000008477,20241212,1,1025,1,,2,13200.0,528.0,25872.0
5000009085,20241212,2,1233,1,,1,15000.0,1500.0,13500.0
5000009578,20241212,2,1424,1,,2,16500.0,660.0,32340.0
5000010045,20241212,2,1085,1,,3,13500.0,0.0,40500.0
5000010921,20241212,2,475,2,2.0,1,13500.0,270.0,13230.0
5000012490,20241212,1,916,1,,1,12000.0,0.0,12000.0
5000013409,20241212,1,1361,2,2.0,3,12000.0,1800.0,34200.0
5000014246,20241212,1,148,1,,2,12600.0,0.0,25200.0
5000014295,20241212,2,1217,1,,3,15000.0,4500.0,40500.0
5000014296,20241212,2,1217,1,,2,15000.0,3000.0,27000.0
5000014402,20241212,2,687,2,1.0,3,15000.0,900.0,44100.0
5000014615,20241212,1,899,1,,2,12600.0,0.0,25200.0
5000014616,20241212,2,899,1,,2,15000.0,3000.0,27000.0
5000014751,20241212,2,61,2,1.0,2,15000.0,3000.0,27000.0
5000015030,20241212,2,385,1,,1,16500.0,330.0,16170.0
5000015053,20241212,2,713,2,2.0,2,15000.0,0.0,30000.0
5000015054,20241212,2,713,2,2.0,1,15000.0,300.0,14700.0
5000015320,20241212,1,2,2,4.0,2,12000.0,0.0,24000.0
5000015824,20241212,1,1071,1,,3,12000.0,3600.0,32400.0
5000000122,20241213,1,490,1,,1,12000.0,600.0,11400.0
5000000683,20241213,2,538,2,3.0,2,13500.0,540.0,26460.0
5000001096,20241213,2,1413,2,4.0,2,15000.0,600.0,29400.0
5000001097,20241213,2,1413,2,4.0,2,15000.0,0.0,30000.0
5000001108,20241213,1,1437,1,,2,12000.0,2400.0,21600.0
5000002628,20241213,1,18,1,,1,12000.0,1200.0,10800.0
5000003767,20241213,1,462,2,2.0,1,13200.0,660.0,12540.0
5000003768,20241213,2,462,2,2.0,2,13500.0,540.0,26460.0
5000003769,20241213,1,462,2,2.0,3,12000.0,3600.0,32400.0
5000006147,20241213,1,541,1,,1,13200.0,264.0,12936.0
5000008201,20241213,1,882,1,,3,12600.0,3780.0,34020.0
5000008202,20241213,1,882,1,,3,10800.0,1620.0,30780.0
5000008934,20241213,2,271,2,2.0,1,15000.0,750.0,14250.0
5000009090,20241213,1,155,1,,3,12000.0,720.0,35280.0
5000009091,20241213,1,155,1,,1,12000.0,1200.0,10800.0
5000009106,20241213,2,1459,2,3.0,2,15000.0,0.0,30000.0
5000009335,20241213,2,960,1,,2,15000.0,1500.0,28500.0
5000009693,20241213,2,516,2,4.0,1,15000.0,0.0,15000.0
5000010768,20241213,1,596,1,,1,10800.0,540.0,10260.0
5000011000,20241213,2,483,2,3.0,2,16500.0,660.0,32340.0
5000011001,20241213,2,483,2,3.0,3,15000.0,900.0,44100.0
5000011220,20241213,1,1101,2,4.0,1,12000.0,1200.0,10800.0
5000013856,20241213,1,970,2,2.0,1,10800.0,1080.0,9720.0
5000014646,20241213,1,504,2,4.0,3,12000.0,3600.0,32400.0
5000015480,20241213,1,893,1,,1,12000.0,0.0,12000.0
5000000104,20241214,1,446,1,,2,12600.0,1260.0,23940.0
5000000105,20241214,1,446,1,,3,12000.0,3600.0,32400.0
5000000447,20241214,1,973,2,2.0,2,12000.0,0.0,24000.0
5000000539,20241214,2,814,1,,3,15000.0,0.0,45000.0
5000002139,20241214,1,426,1,,2,12600.0,0.0,25200.0
5000002246,20241214,2,115,1,,2,15750.0,630.0,30870.0
5000003623,20241214,2,1268,1,,2,15000.0,0.0,30000.0
5000005241,20241214,1,106,2,2.0,3,12000.0,0.0,36000.0
5000006976,20241214,2,658,1,,2,15000.0,600.0,29400.0
5000007921,20241214,2,484,1,,2,15750.0,630.0,30870.0
5000008147,20241214,2,402,1,,2,15000.0,1500.0,28500.0
5000008148,20241214,1,402,1,,1,10800.0,216.0,10584.0
5000008686,20241214,1,1304,1,,1,12000.0,1200.0,10800.0
5000008882,20241214,1,809,2,1.0,3,13200.0,792.0,38808.0
5000009000,20241214,1,1410,2,4.0,3,12000.0,720.0,35280.0
5000009001,20241214,1,1410,2,4.0,2,12000.0,1200.0,22800.0
5000009002,20241214,1,1410,2,4.0,1,12600.0,0.0,12600.0
5000009931,20241214,2,100,1,,1,15000.0,300.0,14700.0
5000011495,20241214,1,161,1,,3,10800.0,0.0,32400.0
5000011546,20241214,2,1128,1,,1,15000.0,0.0,15000.0
5000012225,20241214,2,38,2,4.0,3,15000.0,2250.0,42750.0
5000012547,20241214,2,781,2,2.0,2,15000.0,1500.0,28500.0
5000012726,20241214,1,1376,1,,1,12000.0,0.0,12000.0
5000013493,20241214,2,893,2,2.0,1,15000.0,750.0,14250.0
5000013857,20241214,2,27,2,1.0,2,15750.0,3150.0,28350.0
5000015047,20241214,1,995,2,1.0,3,12000.0,0.0,36000.0
5000015048,20241214,2,995,2,1.0,2,15750.0,630.0,30870.0
5000015049,20241214,2,995,2,1.0,1,15750.0,1575.0,14175.0
5000015312,20241214,1,528,2,1.0,3,12000.0,720.0,35280.0
5000015313,20241214,1,528,2,1.0,3,12000.0,720.0,35280.0
5000015586,20241214,2,1027,1,,2,15750.0,1575.0,29925.0
5000015587,20241214,1,1027,1,,1,12000.0,240.0,11760.0
5000000503,20241215,2,164,2,2.0,3,15000.0,2250.0,42750.0
5000000614,20241215,1,738,1,,2,13200.0,2640.0,23760.0
5000000976,20241215,1,820,1,,1,10800.0,540.0,10260.0
5000001105,20241215,2,689,1,,1,15750.0,787.5,14962.5
5000001237,20241215,1,40,1,,1,13200.0,660.0,12540.0
5000001865,20241215,2,561,1,,3,16500.0,2475.0,47025.0
5000001994,20241215,1,102,2,2.0,1,12000.0,1200.0,10800.0
5000003544,20241215,1,1456,1,,1,12000.0,1200.0,10800.0
5000003545,20241215,2,1456,1,,2,15000.0,1500.0,28500.0
5000003764,20241215,1,463,1,,3,12000.0,720.0,35280.0
5000004304,20241215,1,664,1,,1,12000.0,240.0,11760.0
5000005612,20241215,2,950,1,,3,15000.0,0.0,45000.0
5000005828,20241215,1,23,1,,1,10800.0,1080.0,9720.0
5000005829,20241215,2,23,1,,3,13500.0,2025.0,38475.0
5000005952,20241215,2,1026,2,1.0,1,13500.0,0.0,13500.0
5000007288,20241215,1,445,2,4.0,2,12600.0,0.0,25200.0
5000007365,20241215,2,985,2,1.0,1,15000.0,750.0,14250.0
5000007969,20241215,1,1000,1,,1,12600.0,252.0,12348.0
5000007970,20241215,2,1000,1,,1,13500.0,675.0,12825.0
5000008602,20241215,2,514,2,1.0,1,16500.0,1650.0,14850.0
5000009315,20241215,2,948,1,,3,16500.0,2475.0,47025.0
5000009316,20241215,2,948,1,,2,15000.0,0.0,30000.0
5000009369,20241215,1,246,2,2.0,3,12000.0,0.0,36000.0
5000009370,20241215,2,246,2,2.0,1,16500.0,330.0,16170.0
5000009562,20241215,2,961,1,,2,13500.0,1350.0,25650.0
5000010046,20241215,1,355,1,,1,12600.0,0.0,12600.0
5000011047,20241215,1,771,1,,1,12000.0,600.0,11400.0
5000012954,20241215,2,1300,2,2.0,3,16500.0,2475.0,47025.0
5000014565,20241215,1,58,2,1.0,1,12000.0,1200.0,10800.0
5000014891,20241215,1,849,1,,1,12000.0,1200.0,10800.0
5000014892,20241215,2,849,1,,3,15000.0,4500.0,40500.0
5000014940,20241215,1,1051,1,,1,12000.0,600.0,11400.0
5000014941,20241215,1,1051,1,,1,12000.0,1200.0,10800.0
5000015084,20241215,2,1312,1,,3,16500.0,4950.0,44550.0
5000015085,20241215,2,1312,1,,1,15000.0,750.0,14250.0
5000015568,20241215,1,1406,1,,2,12000.0,480.0,23520.0
5000015569,20241215,1,1406,1,,3,12000.0,720.0,35280.0
5000015570,20241215,2,1406,1,,1,15000.0,1500.0,13500.0
5000015806,20241215,2,994,1,,2,15750.0,0.0,31500.0
5000000452,20241216,1,737,1,,1,13200.0,264.0,12936.0
5000000718,20241216,2,383,1,,2,13500.0,2700.0,24300.0
5000001005,20241216,1,212,1,,2,12000.0,480.0,23520.0
5000001409,20241216,1,740,2,4.0,1,13200.0,264.0,12936.0
5000001410,20241216,1,740,2,4.0,3,12000.0,0.0,36000.0
5000001411,20241216,1,740,2,4.0,1,12000.0,240.0,11760.0
5000001428,20241216,1,397,1,,1,12000.0,1200.0,10800.0
5000001531,20241216,1,936,1,,2,13200.0,1320.0,25080.0
5000002707,20241216,1,571,2,1.0,1,13200.0,1320.0,11880.0
5000003329,20241216,2,1372,2,4.0,3,15000.0,2250.0,42750.0
5000003604,20241216,1,639,1,,2,13200.0,2640.0,23760.0
5000004463,20241216,1,624,1,,2,13200.0,0.0,26400.0
5000006506,20241216,1,954,2,4.0,3,12000.0,720.0,35280.0
5000006507,20241216,2,954,2,4.0,3,15000.0,0.0,45000.0
5000006523,20241216,2,1337,2,4.0,3,13500.0,2025.0,38475.0
5000007360,20241216,1,1403,1,,1,12000.0,0.0,12000.0
5000008813,20241216,1,328,1,,2,12600.0,2520.0,22680.0
5000009753,20241216,2,452,1,,3,15000.0,0.0,45000.0
5000009820,20241216,2,1107,1,,3,15000.0,4500.0,40500.0
5000010444,20241216,1,929,2,4.0,2,12000.0,480.0,23520.0
5000010445,20241216,1,929,2,4.0,3,13200.0,0.0,39600.0
5000011293,20241216,1,140,2,2.0,2,12000.0,2400.0,21600.0
5000012021,20241216,1,1184,1,,2,13200.0,528.0,25872.0
5000012287,20241216,1,814,2,3.0,1,12000.0,1200.0,10800.0
5000012911,20241216,1,554,1,,2,10800.0,2160.0,19440.0
5000013486,20241216,1,1395,1,,2,10800.0,1080.0,20520.0
5000013839,20241216,1,1174,1,,2,13200.0,2640.0,23760.0
5000015984,20241216,2,1318,2,3.0,1,16500.0,330.0,16170.0
5000015985,20241216,2,1318,2,3.0,3,15750.0,945.0,46305.0
5000015986,20241216,2,1318,2,3.0,1,15000.0,750.0,14250.0
5000016056,20241216,2,362,1,,1,15000.0,1500.0,13500.0
5000016057,20241216,2,362,1,,3,13500.0,4050.0,36450.0
5000016058,20241216,1,362,1,,1,12000.0,600.0,11400.0
5000000898,20241217,2,3,2,1.0,2,13500.0,540.0,26460.0
5000000899,20241217,1,3,2,1.0,3,12000.0,0.0,36000.0
5000003752,20241217,1,1068,1,,1,12000.0,600.0,11400.0
5000003753,20241217,2,1068,1,,1,15000.0,750.0,14250.0
5000003754,20241217,2,1068,1,,3,15000.0,900.0,44100.0
5000004026,20241217,2,194,1,,2,15000.0,600.0,29400.0
5000004027,20241217,2,194,1,,1,13500.0,270.0,13230.0
5000004028,20241217,1,194,1,,2,12000.0,0.0,24000.0
5000005136,20241217,1,127,1,,2,12600.0,1260.0,23940.0
5000005300,20241217,1,935,1,,2,12000.0,0.0,24000.0
5000006058,20241217,1,435,1,,3,10800.0,3240.0,29160.0
5000006873,20241217,1,503,2,4.0,1,12000.0,0.0,12000.0
5000006874,20241217,2,503,2,4.0,2,15000.0,1500.0,28500.0
5000006939,20241217,1,222,2,3.0,3,12000.0,720.0,35280.0
5000009603,20241217,2,887,2,1.0,2,15000.0,1500.0,28500.0
5000009945,20241217,1,477,2,1.0,2,12000.0,1200.0,22800.0
5000012110,20241217,2,1213,2,1.0,1,15000.0,750.0,14250.0
5000012111,20241217,1,1213,2,1.0,1,10800.0,216.0,10584.0
5000012599,20241217,1,1199,2,2.0,3,10800.0,0.0,32400.0
5000012983,20241217,2,714,1,,1,15000.0,0.0,15000.0
5000013023,20241217,1,410,2,4.0,3,13200.0,1980.0,37620.0
5000013034,20241217,1,1104,2,4.0,2,12000.0,2400.0,21600.0
5000013976,20241217,2,93,1,,1,15000.0,0.0,15000.0
5000014425,20241217,2,775,1,,2,15750.0,3150.0,28350.0
5000014426,20241217,1,775,1,,1,12000.0,240.0,11760.0
5000014975,20241217,2,843,1,,1,15000.0,750.0,14250.0
5000014976,20241217,1,843,1,,3,12000.0,0.0,36000.0
5000001781,20241218,2,609,2,2.0,1,13500.0,675.0,12825.0
5000001782,20241218,2,609,2,2.0,2,15000.0,600.0,29400.0
5000001783,20241218,1,609,2,2.0,3,12600.0,756.0,37044.0
5000001905,20241218,1,204,2,2.0,2,12000.0,480.0,23520.0
5000002228,20241218,1,1265,1,,2,13200.0,0.0,26400.0
5000002450,20241218,2,1192,1,,3,15000.0,4500.0,40500.0
5000002508,20241218,1,464,2,3.0,3,12000.0,0.0,36000.0
5000003404,20241218,1,698,2,2.0,2,13200.0,528.0,25872.0
5000003405,20241218,1,698,2,2.0,2,10800.0,432.0,21168.0
5000003806,20241218,1,870,1,,3,10800.0,3240.0,29160.0
5000004203,20241218,2,738,1,,1,15000.0,0.0,15000.0
5000004247,20241218,1,1161,1,,2,12000.0,0.0,24000.0
5000005520,20241218,1,387,1,,3,10800.0,648.0,31752.0
5000006054,20241218,2,251,1,,3,15750.0,0.0,47250.0
5000006055,20241218,2,251,1,,3,15750.0,945.0,46305.0
5000009550,20241218,1,383,2,3.0,1,12000.0,1200.0,10800.0
5000009551,20241218,1,383,2,3.0,1,13200.0,1320.0,11880.0
5000010326,20241218,1,421,1,,2,12000.0,1200.0,22800.0
5000010719,20241218,2,1005,1,,2,15750.0,1575.0,29925.0
5000010720,20241218,1,1005,1,,1,12000.0,0.0,12000.0
5000012703,20241218,1,621,2,4.0,2,12000.0,480.0,23520.0
5000012704,20241218,2,621,2,4.0,1,15750.0,0.0,15750.0
5000014365,20241218,1,943,2,4.0,3,12000.0,1800.0,34200.0
5000014366,20241218,1,943,2,4.0,1,13200.0,264.0,12936.0
5000014405,20241218,2,789,2,1.0,1,13500.0,270.0,13230.0
5000014954,20241218,1,865,2,1.0,3,13200.0,1980.0,37620.0
5000014955,20241218,1,865,2,1.0,3,13200.0,1980.0,37620.0
5000015383,20241218,1,349,1,,1,10800.0,216.0,10584.0
5000015783,20241218,1,365,2,1.0,1,12000.0,0.0,12000.0
5000016061,20241218,1,550,1,,1,12000.0,240.0,11760.0
5000000538,20241219,1,889,1,,3,13200.0,3960.0,35640.0
5000001442,20241219,1,468,1,,2,12600.0,0.0,25200.0
5000002091,20241219,2,783,1,,1,15000.0,0.0,15000.0
5000002334,20241219,1,946,1,,2,12600.0,1260.0,23940.0
5000002982,20241219,1,1186,1,,1,12000.0,0.0,12000.0
5000002983,20241219,1,1186,1,,3,12600.0,1890.0,35910.0
5000003210,20241219,1,709,1,,2,10800.0,2160.0,19440.0
5000003394,20241219,2,310,1,,3,15750.0,4725.0,42525.0
5000003395,20241219,2,310,1,,3,13500.0,810.0,39690.0
5000003396,20241219,1,310,1,,2,12000.0,480.0,23520.0
5000005086,20241219,2,175,2,1.0,1,15000.0,300.0,14700.0
5000005087,20241219,2,175,2,1.0,2,15000.0,0.0,30000.0
5000007069,20241219,1,381,1,,2,12000.0,2400.0,21600.0
5000008003,20241219,1,141,1,,3,12000.0,720.0,35280.0
5000009282,20241219,2,1261,2,4.0,1,15000.0,750.0,14250.0
5000011666,20241219,2,888,2,2.0,3,15750.0,4725.0,42525.0
5000011667,20241219,2,888,2,2.0,2,16500.0,3300.0,29700.0
5000011668,20241219,1,888,2,2.0,2,12000.0,2400.0,21600.0
5000012523,20241219,2,862,2,3.0,3,16500.0,2475.0,47025.0
5000012795,20241219,2,1432,1,,3,15000.0,900.0,44100.0
5000012859,20241219,2,1074,1,,3,15000.0,0.0,45000.0
5000014378,20241219,1,834,1,,2,12000.0,480.0,23520.0
5000014701,20241219,2,1452,1,,2,16500.0,0.0,33000.0
5000015803,20241219,2,524,1,,1,15000.0,1500.0,13500.0
5000000155,20241220,2,1333,1,,1,15750.0,315.0,15435.0
5000000166,20241220,1,959,2,4.0,3,13200.0,1980.0,37620.0
5000001698,20241220,1,1082,1,,2,12000.0,480.0,23520.0
5000003429,20241220,1,35,2,3.0,2,13200.0,0.0,26400.0
5000003597,20241220,2,1277,1,,1,16500.0,0.0,16500.0
5000003598,20241220,1,1277,1,,2,12000.0,480.0,23520.0
5000004796,20241220,1,1406,1,,2,12000.0,1200.0,22800.0
5000006209,20241220,1,554,1,,3,12000.0,3600.0,32400.0
5000006210,20241220,1,554,1,,3,10800.0,3240.0,29160.0
5000006439,20241220,1,1057,1,,3,12600.0,3780.0,34020.0
5000007468,20241220,1,653,2,2.0,1,12000.0,1200.0,10800.0
5000008141,20241220,2,727,1,,3,16500.0,2475.0,47025.0
5000008890,20241220,2,100,1,,1,15000.0,0.0,15000.0
5000009255,20241220,1,958,1,,2,12600.0,2520.0,22680.0
5000009432,20241220,1,1080,1,,2,12000.0,2400.0,21600.0
5000009984,20241220,1,33,1,,1,12000.0,600.0,11400.0
5000011471,20241220,2,1343,1,,1,15000.0,750.0,14250.0
5000011472,20241220,2,1343,1,,1,15750.0,1575.0,14175.0
5000011547,20241220,1,320,2,1.0,2,12000.0,1200.0,22800.0
5000011626,20241220,1,484,1,,3,12000.0,0.0,36000.0
5000011637,20241220,2,212,1,,2,15000.0,1500.0,28500.0
5000011638,20241220,1,212,1,,1,13200.0,1320.0,11880.0
5000012318,20241220,2,1260,2,1.0,1,15000.0,1500.0,13500.0
5000012319,20241220,2,1260,2,1.0,2,15000.0,1500.0,28500.0
5000014501,20241220,1,77,1,,1,13200.0,0.0,13200.0
5000015611,20241220,1,141,1,,2,12000.0,480.0,23520.0
5000015732,20241220,2,1285,2,1.0,2,15000.0,600.0,29400.0
5000015853,20241220,1,788,2,1.0,1,12000.0,1200.0,10800.0
5000000464,20241221,1,128,2,2.0,2,12600.0,0.0,25200.0
5000001169,20241221,2,711,1,,3,15000.0,2250.0,42750.0
5000003180,20241221,2,429,1,,2,15000.0,1500.0,28500.0
5000003991,20241221,1,469,1,,2,12000.0,480.0,23520.0
5000003992,20241221,1,469,1,,2,13200.0,2640.0,23760.0
5000004391,20241221,1,130,2,3.0,2,12600.0,2520.0,22680.0
5000004392,20241221,1,130,2,3.0,3,12000.0,720.0,35280.0
5000004438,20241221,2,4,2,3.0,1,16500.0,825.0,15675.0
5000005396,20241221,2,985,2,3.0,3,15000.0,0.0,45000.0
5000005397,20241221,1,985,2,3.0,1,13200.0,264.0,12936.0
5000006129,20241221,1,110,1,,2,12000.0,2400.0,21600.0
5000006130,20241221,2,110,1,,1,15000.0,0.0,15000.0
5000006733,20241221,1,4,1,,3,12000.0,1800.0,34200.0
5000006740,20241221,1,441,1,,1,12000.0,600.0,11400.0
5000006741,20241221,1,441,1,,2,10800.0,1080.0,20520.0
5000007083,20241221,2,549,1,,1,15750.0,1575.0,14175.0
5000008151,20241221,2,1406,1,,1,15750.0,1575.0,14175.0
5000008155,20241221,1,947,1,,2,12600.0,0.0,25200.0
5000009590,20241221,2,171,1,,2,15000.0,1500.0,28500.0
5000010717,20241221,2,540,1,,1,15000.0,0.0,15000.0
5000010718,20241221,2,540,1,,1,15000.0,1500.0,13500.0
5000010733,20241221,2,1057,1,,1,15000.0,300.0,14700.0
5000010947,20241221,2,1081,1,,1,15000.0,1500.0,13500.0
5000012154,20241221,2,667,1,,3,15000.0,2250.0,42750.0
5000012217,20241221,1,267,2,2.0,1,10800.0,1080.0,9720.0
5000012831,20241221,2,11,1,,2,15000.0,600.0,29400.0
5000013330,20241221,2,119,2,4.0,1,15000.0,0.0,15000.0
5000013331,20241221,1,119,2,4.0,1,12000.0,0.0,12000.0
5000013351,20241221,2,296,1,,3,15750.0,4725.0,42525.0
5000013352,20241221,2,296,1,,2,15000.0,1500.0,28500.0
5000014345,20241221,1,518,1,,1,12000.0,240.0,11760.0
5000014392,20241221,2,1132,1,,3,15000.0,900.0,44100.0
5000014393,20241221,2,1132,1,,1,15000.0,0.0,15000.0
5000015888,20241221,1,360,2,4.0,1,13200.0,1320.0,11880.0
5000015889,20241221,2,360,2,4.0,2,15000.0,1500.0,28500.0
5000015958,20241221,1,871,1,,1,13200.0,264.0,12936.0
5000001832,20241222,1,618,1,,1,13200.0,264.0,12936.0
5000002015,20241222,2,518,2,4.0,1,15000.0,750.0,14250.0
5000002016,20241222,1,518,2,4.0,2,12000.0,480.0,23520.0
5000003044,20241222,1,1297,2,2.0,3,12000.0,1800.0,34200.0
5000004574,20241222,1,26,1,,2,13200.0,1320.0,25080.0
5000004575,20241222,1,26,1,,1,12000.0,1200.0,10800.0
5000005022,20241222,2,942,2,1.0,1,15750.0,1575.0,14175.0
5000005171,20241222,1,793,2,2.0,3,12600.0,756.0,37044.0
5000005641,20241222,1,142,1,,1,12000.0,240.0,11760.0
5000005642,20241222,2,142,1,,3,13500.0,810.0,39690.0
5000005643,20241222,1,142,1,,2,10800.0,432.0,21168.0
5000007466,20241222,1,974,2,4.0,1,12000.0,240.0,11760.0
5000007467,20241222,2,974,2,4.0,3,13500.0,810.0,39690.0
5000008116,20241222,2,598,2,1.0,2,15000.0,1500.0,28500.0
5000008522,20241222,2,605,2,4.0,3,15000.0,2250.0,42750.0
5000008797,20241222,2,787,1,,1,15750.0,315.0,15435.0
5000009825,20241222,2,1076,2,1.0,1,15000.0,750.0,14250.0
5000010555,20241222,2,732,2,2.0,2,15000.0,3000.0,27000.0
5000012061,20241222,1,1434,2,4.0,3,10800.0,0.0,32400.0
5000012963,20241222,1,240,1,,2,12000.0,480.0,23520.0
5000012964,20241222,1,240,1,,1,12000.0,240.0,11760.0
5000015302,20241222,1,900,1,,3,12000.0,3600.0,32400.0
5000015303,20241222,1,900,1,,2,12000.0,0.0,24000.0
5000000090,20241223,2,1442,2,3.0,3,15000.0,0.0,45000.0
5000001134,20241223,1,817,1,,1,12600.0,630.0,11970.0
5000002418,20241223,2,982,2,2.0,3,15750.0,4725.0,42525.0
5000002974,20241223,2,1413,2,3.0,2,13500.0,1350.0,25650.0
5000003789,20241223,1,1111,2,4.0,3,12600.0,0.0,37800.0
5000005091,20241223,1,975,1,,3,12000.0,720.0,35280.0
5000005092,20241223,1,975,1,,3,12000.0,720.0,35280.0
5000005093,20241223,2,975,1,,2,15000.0,0.0,30000.0
5000005275,20241223,1,1202,1,,3,13200.0,1980.0,37620.0
5000006777,20241223,2,773,2,3.0,3,15000.0,900.0,44100.0
5000007918,20241223,2,728,2,4.0,1,15000.0,0.0,15000.0
5000007919,20241223,1,728,2,4.0,1,10800.0,0.0,10800.0
5000008448,20241223,2,251,2,4.0,3,15000.0,0.0,45000.0
5000009694,20241223,1,355,2,2.0,2,12000.0,2400.0,21600.0
5000011271,20241223,1,1393,2,1.0,1,12000.0,600.0,11400.0
5000012077,20241223,2,184,1,,3,15000.0,0.0,45000.0
5000012274,20241223,1,571,1,,2,12600.0,2520.0,22680.0
5000015202,20241223,1,253,1,,2,13200.0,2640.0,23760.0
5000000301,20241224,1,157,2,1.0,2,12600.0,2520.0,22680.0
5000000448,20241224,2,1449,1,,3,15000.0,4500.0,40500.0
5000000449,20241224,2,1449,1,,1,15750.0,315.0,15435.0
5000001300,20241224,1,299,2,4.0,2,13200.0,1320.0,25080.0
5000001301,20241224,1,299,2,4.0,2,12600.0,504.0,24696.0
5000003533,20241224,2,1356,1,,2,15000.0,3000.0,27000.0
5000004808,20241224,2,1409,1,,2,15000.0,600.0,29400.0
5000004809,20241224,2,1409,1,,2,15750.0,630.0,30870.0
5000004917,20241224,1,429,1,,2,12000.0,1200.0,22800.0
5000004918,20241224,1,429,1,,3,12000.0,3600.0,32400.0
5000004967,20241224,2,102,1,,1,15000.0,0.0,15000.0
5000005532,20241224,1,409,1,,3,12000.0,1800.0,34200.0
5000005749,20241224,2,144,2,1.0,2,16500.0,0.0,33000.0
5000006012,20241224,1,992,1,,3,12000.0,1800.0,34200.0
5000006742,20241224,2,1090,1,,2,15000.0,1500.0,28500.0
5000006743,20241224,2,1090,1,,3,13500.0,810.0,39690.0
5000008186,20241224,1,1155,2,4.0,3,12000.0,3600.0,32400.0
5000008909,20241224,2,575,1,,1,15000.0,0.0,15000.0
5000008910,20241224,2,575,1,,3,13500.0,0.0,40500.0
5000009657,20241224,2,306,1,,2,15000.0,0.0,30000.0
5000010214,20241224,1,926,1,,2,12000.0,480.0,23520.0
5000011100,20241224,1,1075,1,,3,10800.0,648.0,31752.0
5000011101,20241224,1,1075,1,,3,12000.0,1800.0,34200.0
5000014091,20241224,1,384,2,4.0,2,12000.0,2400.0,21600.0
5000014755,20241224,1,335,2,1.0,1,12000.0,240.0,11760.0
5000014935,20241224,1,183,1,,3,12600.0,0.0,37800.0
5000015493,20241224,1,24,1,,3,12000.0,1800.0,34200.0
5000001016,20241225,2,326,1,,1,16500.0,825.0,15675.0
5000001167,20241225,2,582,1,,2,15000.0,600.0,29400.0
5000001168,20241225,2,582,1,,1,15000.0,750.0,14250.0
5000003211,20241225,2,368,2,4.0,2,13500.0,2700.0,24300.0
5000003743,20241225,2,1095,1,,3,16500.0,4950.0,44550.0
5000003744,20241225,2,1095,1,,2,13500.0,540.0,26460.0
5000003777,20241225,1,414,1,,1,12000.0,1200.0,10800.0
5000003985,20241225,1,1411,1,,2,12000.0,2400.0,21600.0
5000004689,20241225,2,1168,1,,1,15000.0,750.0,14250.0
5000004690,20241225,2,1168,1,,1,15000.0,0.0,15000.0
5000005271,20241225,2,479,2,3.0,2,15000.0,1500.0,28500.0
5000007474,20241225,2,866,2,4.0,1,15000.0,300.0,14700.0
5000009349,20241225,1,606,1,,2,12000.0,480.0,23520.0
5000009350,20241225,2,606,1,,1,15000.0,1500.0,13500.0
5000009351,20241225,2,606,1,,1,15000.0,0.0,15000.0
5000009954,20241225,1,918,1,,3,12000.0,0.0,36000.0
5000010280,20241225,1,1444,1,,2,12000.0,0.0,24000.0
5000010569,20241225,1,252,1,,3,12000.0,1800.0,34200.0
5000012049,20241225,1,1418,2,4.0,3,12600.0,1890.0,35910.0
5000012050,20241225,1,1418,2,4.0,1,12000.0,240.0,11760.0
5000012931,20241225,1,996,2,1.0,3,12000.0,3600.0,32400.0
5000012932,20241225,1,996,2,1.0,3,12000.0,720.0,35280.0
5000012933,20241225,1,996,2,1.0,2,12000.0,1200.0,22800.0
5000012962,20241225,2,812,1,,2,15000.0,0.0,30000.0
5000015304,20241225,2,1009,2,2.0,2,15000.0,3000.0,27000.0
5000015548,20241225,2,301,1,,1,15000.0,750.0,14250.0
5000000345,20241226,2,319,1,,2,15000.0,1500.0,28500.0
5000001627,20241226,1,1370,2,3.0,3,12600.0,3780.0,34020.0
5000002067,20241226,2,1133,1,,3,15000.0,900.0,44100.0
5000002504,20241226,2,1220,1,,3,16500.0,2475.0,47025.0
5000003510,20241226,2,555,2,3.0,3,15000.0,900.0,44100.0
5000003511,20241226,1,555,2,3.0,3,12000.0,720.0,35280.0
5000004901,20241226,2,587,2,3.0,3,15000.0,2250.0,42750.0
5000005423,20241226,1,1068,1,,3,12000.0,3600.0,32400.0
5000005424,20241226,1,1068,1,,2,12000.0,0.0,24000.0
5000005953,20241226,1,259,2,3.0,2,12000.0,2400.0,21600.0
5000006025,20241226,1,293,2,4.0,3,12600.0,1890.0,35910.0
5000008599,20241226,2,1348,2,4.0,2,15000.0,0.0,30000.0
5000008791,20241226,1,229,1,,2,12000.0,480.0,23520.0
5000008925,20241226,1,903,2,3.0,1,10800.0,0.0,10800.0
5000008926,20241226,1,903,2,3.0,2,12000.0,1200.0,22800.0
5000009342,20241226,2,414,2,2.0,3,15000.0,4500.0,40500.0
5000009343,20241226,1,414,2,2.0,1,12600.0,0.0,12600.0
5000013004,20241226,2,614,1,,3,15000.0,900.0,44100.0
5000013005,20241226,1,614,1,,3,13200.0,3960.0,35640.0
5000014927,20241226,1,1342,2,4.0,2,12000.0,0.0,24000.0
5000015277,20241226,1,882,2,4.0,3,12000.0,720.0,35280.0
5000000134,20241227,1,1006,2,4.0,3,12000.0,1800.0,34200.0
5000000135,20241227,2,1006,2,4.0,3,13500.0,0.0,40500.0
5000001014,20241227,1,127,1,,1,12000.0,0.0,12000.0
5000001015,20241227,1,127,1,,1,12000.0,0.0,12000.0
5000001209,20241227,1,228,2,2.0,2,12000.0,2400.0,21600.0
5000001210,20241227,1,228,2,2.0,1,12600.0,630.0,11970.0
5000002464,20241227,1,815,1,,1,12000.0,600.0,11400.0
5000002465,20241227,2,815,1,,3,15000.0,900.0,44100.0
5000002736,20241227,1,483,1,,3,13200.0,792.0,38808.0
5000002737,20241227,1,483,1,,2,12000.0,0.0,24000.0
5000008049,20241227,1,353,1,,3,12000.0,0.0,36000.0
5000008642,20241227,1,668,1,,3,12000.0,720.0,35280.0
5000013535,20241227,1,797,1,,3,12000.0,0.0,36000.0
5000013952,20241227,2,745,1,,2,15000.0,0.0,30000.0
5000014376,20241227,1,1040,2,2.0,1,12000.0,1200.0,10800.0
5000014544,20241227,2,595,2,2.0,1,15000.0,300.0,14700.0
5000015536,20241227,2,321,1,,1,15750.0,0.0,15750.0
5000015571,20241227,2,476,2,1.0,2,15000.0,600.0,29400.0
5000016015,20241227,1,714,1,,3,12600.0,0.0,37800.0
5000016016,20241227,1,714,1,,1,13200.0,264.0,12936.0
5000000379,20241228,1,475,1,,2,10800.0,2160.0,19440.0
5000001800,20241228,1,1054,1,,1,12600.0,1260.0,11340.0
5000001801,20241228,2,1054,1,,1,15000.0,0.0,15000.0
5000001964,20241228,1,1094,1,,2,12000.0,0.0,24000.0
5000001965,20241228,2,1094,1,,3,15000.0,900.0,44100.0
5000002095,20241228,2,336,2,2.0,3,13500.0,0.0,40500.0
5000002096,20241228,1,336,2,2.0,3,12000.0,720.0,35280.0
5000002165,20241228,2,746,2,2.0,1,15000.0,0.0,15000.0
5000002636,20241228,1,407,1,,2,12000.0,480.0,23520.0
5000002733,20241228,1,1336,1,,1,12000.0,240.0,11760.0
5000003367,20241228,1,510,2,2.0,3,12000.0,3600.0,32400.0
5000004836,20241228,1,1305,1,,2,12600.0,1260.0,23940.0
5000004839,20241228,2,1325,2,4.0,3,15750.0,2362.5,44887.5
5000005102,20241228,1,588,2,2.0,3,13200.0,0.0,39600.0
5000005146,20241228,2,1353,2,4.0,1,15750.0,315.0,15435.0
5000005147,20241228,1,1353,2,4.0,3,12000.0,1800.0,34200.0
5000005218,20241228,1,1110,1,,1,10800.0,216.0,10584.0
5000005219,20241228,2,1110,1,,2,13500.0,0.0,27000.0
5000008303,20241228,1,63,1,,3,12000.0,0.0,36000.0
5000010829,20241228,1,1008,1,,2,12000.0,1200.0,22800.0
5000011476,20241228,1,560,1,,1,12000.0,1200.0,10800.0
5000011975,20241228,2,1081,1,,1,15000.0,750.0,14250.0
5000012321,20241228,1,1267,1,,2,12000.0,480.0,23520.0
5000014188,20241228,2,1110,1,,2,16500.0,1650.0,31350.0
5000014668,20241228,2,866,2,1.0,2,15750.0,0.0,31500.0
5000014669,20241228,1,866,2,1.0,2,12000.0,1200.0,22800.0
5000014984,20241228,1,512,1,,2,12000.0,0.0,24000.0
5000000308,20241229,1,485,1,,3,12000.0,3600.0,32400.0
5000001733,20241229,2,683,1,,3,15000.0,2250.0,42750.0
5000001858,20241229,1,355,2,2.0,2,12000.0,0.0,24000.0
5000002190,20241229,2,217,2,2.0,1,15000.0,0.0,15000.0
5000002191,20241229,2,217,2,2.0,1,15000.0,300.0,14700.0
5000002561,20241229,1,634,1,,3,12600.0,756.0,37044.0
5000002562,20241229,2,634,1,,1,15000.0,1500.0,13500.0
5000004384,20241229,1,1292,1,,2,13200.0,528.0,25872.0
5000004385,20241229,2,1292,1,,1,15750.0,0.0,15750.0
5000005693,20241229,2,477,1,,1,15000.0,750.0,14250.0
5000005840,20241229,2,536,1,,1,16500.0,825.0,15675.0
5000006521,20241229,2,1498,1,,2,15000.0,3000.0,27000.0
5000006522,20241229,2,1498,1,,3,15000.0,4500.0,40500.0
5000006727,20241229,2,724,1,,1,15000.0,0.0,15000.0
5000007539,20241229,2,1472,2,4.0,3,13500.0,4050.0,36450.0
5000008033,20241229,2,93,1,,3,15750.0,2362.5,44887.5
5000009595,20241229,2,1472,2,1.0,1,15000.0,300.0,14700.0
5000009953,20241229,2,930,1,,2,16500.0,1650.0,31350.0
5000011152,20241229,1,479,1,,1,12000.0,0.0,12000.0
5000011656,20241229,1,2,2,1.0,2,12000.0,480.0,23520.0
5000014173,20241229,1,827,2,3.0,2,10800.0,0.0,21600.0
5000014174,20241229,1,827,2,3.0,2,12000.0,480.0,23520.0
5000015170,20241229,2,88,1,,3,13500.0,4050.0,36450.0
5000001582,20241230,1,1247,1,,3,10800.0,648.0,31752.0
5000002708,20241230,1,131,2,1.0,3,12000.0,1800.0,34200.0
5000004951,20241230,1,1427,2,3.0,3,13200.0,1980.0,37620.0
5000005596,20241230,1,433,1,,2,12000.0,2400.0,21600.0
5000006547,20241230,1,839,2,4.0,3,12600.0,3780.0,34020.0
5000006548,20241230,2,839,2,4.0,2,13500.0,2700.0,24300.0
5000006549,20241230,1,839,2,4.0,1,10800.0,216.0,10584.0
5000008139,20241230,1,1005,2,4.0,1,10800.0,540.0,10260.0
5000008140,20241230,2,1005,2,4.0,2,15000.0,0.0,30000.0
5000009229,20241230,1,887,1,,2,12000.0,0.0,24000.0
5000009366,20241230,1,113,2,2.0,1,12000.0,0.0,12000.0
5000009396,20241230,1,962,2,3.0,3,12000.0,720.0,35280.0
5000009414,20241230,1,208,2,2.0,1,13200.0,1320.0,11880.0
5000009415,20241230,1,208,2,2.0,1,10800.0,540.0,10260.0
5000010093,20241230,2,1148,2,2.0,2,15000.0,0.0,30000.0
5000000350,20241231,2,537,1,,3,15000.0,4500.0,40500.0
5000000649,20241231,1,1020,2,4.0,2,12000.0,0.0,24000.0
5000000722,20241231,1,12,2,3.0,1,12000.0,0.0,12000.0
5000000777,20241231,2,334,2,2.0,1,16500.0,330.0,16170.0
5000001002,20241231,1,633,2,4.0,3,12600.0,1890.0,35910.0
5000001344,20241231,2,527,1,,2,16500.0,3300.0,29700.0
5000001345,20241231,2,527,1,,3,15000.0,4500.0,40500.0
5000001515,20241231,2,297,1,,3,15750.0,945.0,46305.0
5000001985,20241231,1,745,2,3.0,3,12000.0,1800.0,34200.0
5000001986,20241231,2,745,2,3.0,3,16500.0,0.0,49500.0
5000002005,20241231,2,1237,1,,3,15000.0,0.0,45000.0
5000002938,20241231,1,956,2,1.0,1,12000.0,240.0,11760.0
5000002939,20241231,2,956,2,1.0,2,15000.0,0.0,30000.0
5000003114,20241231,1,85,1,,3,12600.0,0.0,37800.0
5000004370,20241231,2,1485,1,,3,15750.0,2362.5,44887.5
5000004547,20241231,2,1079,1,,2,15000.0,1500.0,28500.0
5000004662,20241231,2,1121,2,1.0,2,16500.0,3300.0,29700.0
5000004663,20241231,1,1121,2,1.0,2,12600.0,0.0,25200.0
5000006100,20241231,2,1034,1,,2,15000.0,3000.0,27000.0
5000006534,20241231,1,314,1,,2,12600.0,504.0,24696.0
5000006535,20241231,2,314,1,,1,15750.0,787.5,14962.5
5000007536,20241231,1,78,2,2.0,2,12000.0,0.0,24000.0
5000007537,20241231,1,78,2,2.0,3,12600.0,756.0,37044.0
5000008827,20241231,1,764,2,2.0,3,12000.0,1800.0,34200.0
5000008849,20241231,2,539,1,,1,13500.0,0.0,13500.0
5000008981,20241231,1,557,2,2.0,2,13200.0,1320.0,25080.0
5000010762,20241231,2,1189,1,,3,15000.0,900.0,44100.0
5000011035,20241231,1,2,2,4.0,1,12000.0,0.0,12000.0
5000011043,20241231,1,134,1,,2,12000.0,2400.0,21600.0
5000011080,20241231,2,215,2,4.0,2,15750.0,0.0,31500.0
5000012413,20241231,1,9,1,,3,12000.0,3600.0,32400.0
5000013475,20241231,2,433,1,,3,15000.0,0.0,45000.0
5000014527,20241231,2,676,1,,1,15000.0,0.0,15000.0
5000014528,20241231,2,676,1,,1,13500.0,0.0,13500.0
5000014881,20241231,2,1175,1,,2,15000.0,0.0,30000.0
5000000986,20250101,2,258,1,,1,13500.0,270.0,13230.0
5000000987,20250101,1,258,1,,3,12000.0,3600.0,32400.0
5000001837,20250101,2,761,1,,3,13500.0,2025.0,38475.0
5000003103,20250101,2,949,1,,3,15000.0,900.0,44100.0
5000003104,20250101,1,949,1,,3,12000.0,3600.0,32400.0
5000005336,20250101,2,1462,2,2.0,2,13500.0,540.0,26460.0
5000006420,20250101,2,241,1,,2,16500.0,1650.0,31350.0
5000006421,20250101,1,241,1,,2,12600.0,2520.0,22680.0
5000006422,20250101,1,241,1,,1,12000.0,240.0,11760.0
5000006904,20250101,2,401,2,2.0,3,15000.0,0.0,45000.0
5000007314,20250101,1,264,2,3.0,2,12000.0,480.0,23520.0
5000008106,20250101,2,1024,2,1.0,3,15000.0,4500.0,40500.0
5000008107,20250101,2,1024,2,1.0,3,15000.0,0.0,45000.0
5000008372,20250101,1,80,2,1.0,2,12000.0,2400.0,21600.0
5000009635,20250101,1,719,1,,3,12600.0,1890.0,35910.0
5000009764,20250101,1,838,1,,2,10800.0,0.0,21600.0
5000009765,20250101,2,838,1,,2,15000.0,3000.0,27000.0
5000010068,20250101,2,1005,1,,2,15000.0,3000.0,27000.0
5000010277,20250101,2,690,2,4.0,3,15000.0,2250.0,42750.0
5000011272,20250101,2,1185,2,2.0,3,15000.0,900.0,44100.0
5000012105,20250101,1,1231,1,,3,10800.0,648.0,31752.0
5000012729,20250101,1,439,1,,2,10800.0,0.0,21600.0
5000014872,20250101,1,459,2,2.0,3,12000.0,3600.0,32400.0
5000014918,20250101,1,299,1,,1,10800.0,0.0,10800.0
5000000626,20250102,1,746,2,2.0,3,12000.0,3600.0,32400.0
5000004684,20250102,2,305,1,,1,15000.0,750.0,14250.0
5000004685,20250102,1,305,1,,1,12000.0,0.0,12000.0
5000006048,20250102,2,1029,1,,3,15000.0,2250.0,42750.0
5000010799,20250102,2,1387,2,2.0,1,15000.0,1500.0,13500.0
5000011819,20250102,1,100,2,1.0,2,12000.0,480.0,23520.0
5000011820,20250102,1,100,2,1.0,1,12000.0,240.0,11760.0
5000011988,20250102,2,14,2,4.0,2,15000.0,0.0,30000.0
5000012846,20250102,2,561,1,,1,16500.0,1650.0,14850.0
5000012847,20250102,2,561,1,,2,13500.0,540.0,26460.0
5000012848,20250102,2,561,1,,3,13500.0,4050.0,36450.0
5000012908,20250102,1,929,1,,3,13200.0,3960.0,35640.0
5000013261,20250102,2,1379,1,,3,15750.0,0.0,47250.0
5000013262,20250102,2,1379,1,,2,15000.0,1500.0,28500.0
5000013372,20250102,1,763,1,,2,12000.0,2400.0,21600.0
5000015261,20250102,1,1215,2,4.0,3,10800.0,0.0,32400.0
5000015446,20250102,2,1179,1,,3,15750.0,945.0,46305.0
5000001499,20250103,1,146,1,,3,10800.0,0.0,32400.0
5000001900,20250103,1,812,1,,1,12600.0,1260.0,11340.0
5000002312,20250103,1,413,1,,1,12600.0,630.0,11970.0
5000002313,20250103,1,413,1,,1,12000.0,1200.0,10800.0
5000002633,20250103,2,405,1,,1,15750.0,1575.0,14175.0
5000003408,20250103,1,1258,1,,2,10800.0,2160.0,19440.0
5000003409,20250103,2,1258,1,,3,13500.0,2025.0,38475.0
5000003543,20250103,2,706,1,,3,16500.0,0.0,49500.0
5000004943,20250103,1,787,1,,3,12600.0,756.0,37044.0
5000005863,20250103,1,1256,2,3.0,1,10800.0,1080.0,9720.0
5000006940,20250103,1,1396,1,,1,12000.0,240.0,11760.0
5000008905,20250103,1,456,1,,1,12600.0,252.0,12348.0
5000008906,20250103,1,456,1,,3,12000.0,1800.0,34200.0
5000009636,20250103,1,1450,1,,3,12000.0,0.0,36000.0
5000009637,20250103,1,1450,1,,2,12000.0,0.0,24000.0
5000010311,20250103,2,974,1,,1,15000.0,750.0,14250.0
5000012254,20250103,1,1375,2,1.0,3,12600.0,0.0,37800.0
5000012286,20250103,2,1326,2,4.0,1,15750.0,787.5,14962.5
5000014404,20250103,2,622,2,4.0,2,13500.0,2700.0,24300.0
5000014542,20250103,1,412,2,4.0,2,13200.0,2640.0,23760.0
5000015059,20250103,1,248,2,4.0,3,12600.0,3780.0,34020.0
5000015861,20250103,2,389,1,,1,16500.0,825.0,15675.0
5000000315,20250104,1,593,2,1.0,1,12000.0,0.0,12000.0
5000000316,20250104,1,593,2,1.0,1,12000.0,0.0,12000.0
5000000417,20250104,1,673,1,,2,12000.0,2400.0,21600.0
5000000940,20250104,1,762,2,4.0,1,12000.0,240.0,11760.0
5000001775,20250104,1,1365,2,3.0,3,12000.0,720.0,35280.0
5000004937,20250104,2,937,2,3.0,2,16500.0,3300.0,29700.0
5000005221,20250104,1,1163,2,1.0,2,10800.0,1080.0,20520.0
5000005882,20250104,1,606,1,,1,12600.0,252.0,12348.0
5000006161,20250104,1,164,1,,3,13200.0,3960.0,35640.0
5000010338,20250104,1,1389,1,,2,12000.0,0.0,24000.0
5000010739,20250104,1,67,1,,1,10800.0,0.0,10800.0
5000013600,20250104,2,745,1,,1,16500.0,825.0,15675.0
5000013601,20250104,2,745,1,,2,15750.0,3150.0,28350.0
5000013602,20250104,1,745,1,,1,12000.0,240.0,11760.0
5000015151,20250104,1,1210,2,2.0,1,12600.0,1260.0,11340.0
5000016110,20250104,1,1272,1,,2,10800.0,0.0,21600.0
5000002945,20250105,1,1446,1,,3,12600.0,3780.0,34020.0
5000005707,20250105,1,170,1,,2,12600.0,504.0,24696.0
5000005708,20250105,1,170,1,,2,12000.0,0.0,24000.0
5000006346,20250105,1,384,1,,2,12000.0,2400.0,21600.0
5000006377,20250105,1,133,2,2.0,3,10800.0,0.0,32400.0
5000006875,20250105,1,46,2,4.0,2,12600.0,504.0,24696.0
5000006876,20250105,2,46,2,4.0,1,15000.0,750.0,14250.0
5000007693,20250105,2,1389,1,,1,16500.0,0.0,16500.0
5000007694,20250105,1,1389,1,,2,12000.0,2400.0,21600.0
5000007696,20250105,2,1406,1,,2,16500.0,660.0,32340.0
5000007722,20250105,1,1006,2,4.0,3,12000.0,1800.0,34200.0
5000009910,20250105,1,246,1,,3,10800.0,3240.0,29160.0
5000009911,20250105,2,246,1,,2,15000.0,600.0,29400.0
5000010557,20250105,1,74,1,,3,12000.0,1800.0,34200.0
5000013144,20250105,1,1422,1,,3,12000.0,1800.0,34200.0
5000013561,20250105,2,451,1,,1,15000.0,300.0,14700.0
5000014114,20250105,1,275,2,4.0,3,12000.0,1800.0,34200.0
5000014115,20250105,2,275,2,4.0,3,16500.0,990.0,48510.0
5000014869,20250105,2,296,1,,3,15750.0,0.0,47250.0
5000014870,20250105,2,296,1,,2,15000.0,600.0,29400.0
5000002052,20250106,2,810,1,,2,15000.0,3000.0,27000.0
5000002350,20250106,2,1012,1,,2,15000.0,1500.0,28500.0
5000002541,20250106,2,1458,1,,2,15000.0,1500.0,28500.0
5000002542,20250106,1,1458,1,,2,12000.0,2400.0,21600.0
5000003226,20250106,1,245,2,4.0,2,10800.0,0.0,21600.0
5000003552,20250106,2,806,1,,2,15000.0,600.0,29400.0
5000005129,20250106,1,1285,1,,3,12000.0,1800.0,34200.0
5000005488,20250106,2,47,2,1.0,1,15000.0,750.0,14250.0
5000005489,20250106,2,47,2,1.0,3,15000.0,0.0,45000.0
5000005490,20250106,2,47,2,1.0,3,15750.0,2362.5,44887.5
5000006378,20250106,2,1154,1,,1,15000.0,300.0,14700.0
5000007859,20250106,1,688,2,4.0,1,12000.0,600.0,11400.0
5000008077,20250106,2,221,1,,2,16500.0,0.0,33000.0
5000008078,20250106,2,221,1,,1,15750.0,315.0,15435.0
5000008571,20250106,1,1253,2,2.0,3,12600.0,3780.0,34020.0
5000008572,20250106,1,1253,2,2.0,2,12600.0,2520.0,22680.0
5000008616,20250106,1,28,2,1.0,2,12000.0,0.0,24000.0
5000010530,20250106,2,1439,2,1.0,2,15000.0,0.0,30000.0
5000012658,20250106,1,261,1,,3,12600.0,3780.0,34020.0
5000013549,20250106,1,1133,1,,3,12000.0,3600.0,32400.0
5000014414,20250106,2,284,2,1.0,3,15000.0,2250.0,42750.0
5000014434,20250106,2,200,1,,3,15000.0,0.0,45000.0
5000014483,20250106,2,771,2,1.0,2,15000.0,600.0,29400.0
5000014484,20250106,1,771,2,1.0,2,12000.0,1200.0,22800.0
5000015784,20250106,1,1310,2,4.0,1,12000.0,240.0,11760.0
5000015882,20250106,2,960,2,1.0,2,15000.0,3000.0,27000.0
5000000418,20250107,2,1266,2,2.0,2,15750.0,1575.0,29925.0
5000002411,20250107,2,1066,2,4.0,2,16500.0,3300.0,29700.0
5000002956,20250107,1,865,2,3.0,2,12000.0,480.0,23520.0
5000003075,20250107,1,1199,1,,3,10800.0,0.0,32400.0
5000003221,20250107,2,216,1,,2,15000.0,1500.0,28500.0
5000003222,20250107,2,216,1,,1,15750.0,1575.0,14175.0
5000003306,20250107,1,146,2,3.0,3,10800.0,1620.0,30780.0
5000003354,20250107,1,290,1,,2,10800.0,432.0,21168.0
5000004753,20250107,2,580,1,,1,15000.0,300.0,14700.0
5000005770,20250107,1,475,2,2.0,1,10800.0,540.0,10260.0
5000006083,20250107,2,422,2,1.0,2,15000.0,0.0,30000.0
5000007094,20250107,1,728,1,,2,12000.0,0.0,24000.0
5000007147,20250107,2,100,2,1.0,2,15000.0,600.0,29400.0
5000007852,20250107,2,1053,2,2.0,3,15750.0,945.0,46305.0
5000007853,20250107,1,1053,2,2.0,3,12000.0,1800.0,34200.0
5000008607,20250107,2,718,2,2.0,2,15000.0,1500.0,28500.0
5000008648,20250107,2,1230,1,,2,15000.0,1500.0,28500.0
5000009930,20250107,1,567,1,,1,12600.0,0.0,12600.0
5000010049,20250107,2,446,2,3.0,2,15000.0,3000.0,27000.0
5000010227,20250107,2,1393,1,,3,13500.0,4050.0,36450.0
5000010228,20250107,2,1393,1,,2,13500.0,1350.0,25650.0
5000010842,20250107,2,528,1,,2,15750.0,630.0,30870.0
5000010843,20250107,2,528,1,,2,16500.0,1650.0,31350.0
5000010936,20250107,2,674,1,,2,13500.0,540.0,26460.0
5000010937,20250107,1,674,1,,1,12600.0,630.0,11970.0
5000012500,20250107,2,1328,1,,1,15000.0,300.0,14700.0
5000012819,20250107,1,1132,1,,3,12600.0,756.0,37044.0
5000013044,20250107,1,749,1,,2,12600.0,504.0,24696.0
5000013505,20250107,2,1362,1,,2,15000.0,0.0,30000.0
5000013506,20250107,1,1362,1,,2,12000.0,2400.0,21600.0
5000014747,20250107,1,325,2,1.0,3,10800.0,3240.0,29160.0
5000015177,20250107,2,601,2,4.0,1,16500.0,825.0,15675.0
5000003727,20250108,2,175,1,,2,15000.0,3000.0,27000.0
5000007403,20250108,2,357,2,2.0,2,15000.0,1500.0,28500.0
5000007910,20250108,1,1144,2,3.0,3,12000.0,1800.0,34200.0
5000008495,20250108,2,1363,1,,1,15000.0,0.0,15000.0
5000009175,20250108,1,321,1,,3,10800.0,0.0,32400.0
5000009276,20250108,1,333,1,,1,10800.0,0.0,10800.0
5000010926,20250108,2,766,1,,3,15000.0,4500.0,40500.0
5000011296,20250108,2,924,2,1.0,2,13500.0,1350.0,25650.0
5000011297,20250108,2,924,2,1.0,2,15000.0,3000.0,27000.0
5000012462,20250108,1,305,2,4.0,3,12600.0,0.0,37800.0
5000012463,20250108,1,305,2,4.0,2,10800.0,432.0,21168.0
5000012625,20250108,1,1405,2,3.0,2,12000.0,1200.0,22800.0
5000013196,20250108,2,434,1,,2,15000.0,0.0,30000.0
5000013197,20250108,1,434,1,,3,12000.0,3600.0,32400.0
5000013378,20250108,1,405,1,,3,10800.0,1620.0,30780.0
5000013724,20250108,1,556,2,4.0,3,12000.0,720.0,35280.0
5000013782,20250108,2,1433,1,,2,15000.0,3000.0,27000.0
5000014287,20250108,1,252,2,1.0,1,12600.0,630.0,11970.0
5000014288,20250108,1,252,2,1.0,2,12000.0,0.0,24000.0
5000014289,20250108,2,252,2,1.0,2,15000.0,0.0,30000.0
5000015967,20250108,2,813,1,,2,15000.0,1500.0,28500.0
5000000109,20250109,2,814,1,,1,15000.0,750.0,14250.0
5000000110,20250109,1,814,1,,2,13200.0,0.0,26400.0
5000000443,20250109,1,1236,1,,2,12600.0,504.0,24696.0
5000000578,20250109,1,369,1,,1,10800.0,0.0,10800.0
5000001196,20250109,1,350,1,,3,12000.0,0.0,36000.0
5000001200,20250109,1,474,1,,2,12600.0,504.0,24696.0
5000002244,20250109,2,956,2,4.0,1,15750.0,787.5,14962.5
5000002829,20250109,2,255,1,,3,13500.0,810.0,39690.0
5000002876,20250109,2,1485,2,2.0,1,15000.0,1500.0,13500.0
5000003603,20250109,1,594,2,1.0,2,12000.0,2400.0,21600.0
5000005472,20250109,2,248,1,,2,15750.0,1575.0,29925.0
5000005473,20250109,2,248,1,,1,15000.0,1500.0,13500.0
5000005474,20250109,2,248,1,,1,16500.0,0.0,16500.0
5000006967,20250109,1,659,1,,2,12000.0,480.0,23520.0
5000007155,20250109,1,330,2,3.0,3,12000.0,1800.0,34200.0
5000007156,20250109,1,330,2,3.0,1,12000.0,0.0,12000.0
5000007442,20250109,2,1210,2,1.0,2,16500.0,3300.0,29700.0
5000008241,20250109,2,1158,1,,2,15000.0,1500.0,28500.0
5000008242,20250109,1,1158,1,,3,12000.0,3600.0,32400.0
5000008243,20250109,1,1158,1,,1,12000.0,0.0,12000.0
5000008615,20250109,1,147,2,1.0,1,12000.0,240.0,11760.0
5000009628,20250109,1,1282,1,,3,12600.0,0.0,37800.0
5000010864,20250109,1,996,1,,1,10800.0,216.0,10584.0
5000011146,20250109,2,488,1,,2,15750.0,0.0,31500.0
5000011147,20250109,1,488,1,,2,12000.0,480.0,23520.0
5000011148,20250109,2,488,1,,1,16500.0,825.0,15675.0
5000011275,20250109,1,311,1,,2,12000.0,0.0,24000.0
5000011276,20250109,2,311,1,,2,15000.0,0.0,30000.0
5000013438,20250109,1,1229,2,3.0,3,12000.0,720.0,35280.0
5000014640,20250109,1,12,2,2.0,3,12000.0,0.0,36000.0
5000015273,20250109,2,423,2,1.0,3,15000.0,0.0,45000.0
5000015274,20250109,2,423,2,1.0,3,15000.0,4500.0,40500.0
5000015612,20250109,2,330,2,2.0,1,16500.0,330.0,16170.0
5000016049,20250109,1,473,1,,3,12000.0,720.0,35280.0
5000001073,20250110,2,48,1,,2,15000.0,600.0,29400.0
5000001421,20250110,2,1351,1,,3,15750.0,4725.0,42525.0
5000002668,20250110,2,346,1,,1,15000.0,0.0,15000.0
5000003029,20250110,1,526,2,2.0,1,10800.0,0.0,10800.0
5000003030,20250110,1,526,2,2.0,1,12600.0,0.0,12600.0
5000005421,20250110,2,363,1,,3,15000.0,4500.0,40500.0
5000005956,20250110,2,26,1,,1,16500.0,1650.0,14850.0
5000008771,20250110,2,339,1,,1,15000.0,1500.0,13500.0
5000009312,20250110,1,675,2,3.0,2,12600.0,0.0,25200.0
5000010601,20250110,1,27,1,,3,12000.0,0.0,36000.0
5000011141,20250110,2,460,1,,1,15000.0,0.0,15000.0
5000011321,20250110,2,128,1,,2,15750.0,3150.0,28350.0
5000011372,20250110,1,72,1,,1,13200.0,264.0,12936.0
5000011373,20250110,2,72,1,,1,15000.0,1500.0,13500.0
5000011640,20250110,1,1441,2,4.0,2,12000.0,1200.0,22800.0
5000012075,20250110,1,477,1,,1,12000.0,1200.0,10800.0
5000013574,20250110,2,967,1,,3,15000.0,4500.0,40500.0
5000013850,20250110,1,234,1,,2,12000.0,2400.0,21600.0
5000013851,20250110,1,234,1,,2,12000.0,0.0,24000.0
5000014478,20250110,1,1296,2,2.0,2,10800.0,1080.0,20520.0
5000000438,20250111,2,96,2,4.0,2,16500.0,0.0,33000.0
5000000439,20250111,1,96,2,4.0,2,12600.0,504.0,24696.0
5000000597,20250111,1,852,2,1.0,1,12000.0,600.0,11400.0
5000000741,20250111,2,1399,2,1.0,1,15000.0,750.0,14250.0
5000000742,20250111,2,1399,2,1.0,3,15000.0,900.0,44100.0
5000000796,20250111,2,41,1,,3,15000.0,4500.0,40500.0
5000002270,20250111,1,1032,2,3.0,3,13200.0,3960.0,35640.0
5000002271,20250111,1,1032,2,3.0,2,12000.0,480.0,23520.0
5000003741,20250111,1,1234,1,,1,10800.0,0.0,10800.0
5000003742,20250111,1,1234,1,,2,13200.0,0.0,26400.0
5000004856,20250111,1,358,2,4.0,1,12000.0,0.0,12000.0
5000006264,20250111,2,1112,1,,3,15000.0,2250.0,42750.0
5000006855,20250111,1,1137,2,1.0,1,12000.0,1200.0,10800.0
5000007628,20250111,2,706,2,4.0,1,15750.0,1575.0,14175.0
5000007842,20250111,2,338,1,,3,15000.0,900.0,44100.0
5000009672,20250111,2,812,2,3.0,3,15000.0,0.0,45000.0
5000009673,20250111,2,812,2,3.0,1,15750.0,315.0,15435.0
5000010094,20250111,2,248,1,,1,15000.0,750.0,14250.0
5000010452,20250111,2,209,1,,1,15000.0,750.0,14250.0
5000011752,20250111,2,1090,2,1.0,1,15000.0,300.0,14700.0
5000011753,20250111,1,1090,2,1.0,1,12000.0,240.0,11760.0
5000013354,20250111,2,694,2,3.0,2,15750.0,630.0,30870.0
5000015194,20250111,2,1388,2,2.0,2,15000.0,0.0,30000.0
5000015195,20250111,1,1388,2,2.0,2,12000.0,2400.0,21600.0
5000004258,20250112,2,320,1,,1,13500.0,270.0,13230.0
5000004259,20250112,1,320,1,,1,13200.0,0.0,13200.0
5000005312,20250112,1,1201,2,2.0,3,13200.0,3960.0,35640.0
5000008766,20250112,1,1045,2,2.0,2,13200.0,1320.0,25080.0
5000009580,20250112,1,875,2,4.0,1,12600.0,0.0,12600.0
5000009581,20250112,1,875,2,4.0,3,10800.0,3240.0,29160.0
5000009895,20250112,1,510,2,3.0,3,12000.0,1800.0,34200.0
5000009896,20250112,1,510,2,3.0,1,12000.0,0.0,12000.0
5000012295,20250112,1,568,1,,2,10800.0,0.0,21600.0
5000012296,20250112,1,568,1,,1,12000.0,0.0,12000.0
5000013387,20250112,1,868,1,,2,12600.0,504.0,24696.0
5000013388,20250112,1,868,1,,3,12000.0,720.0,35280.0
5000014821,20250112,1,1467,1,,1,12000.0,240.0,11760.0
5000014822,20250112,2,1467,1,,3,13500.0,0.0,40500.0
5000015099,20250112,2,1364,1,,2,15000.0,1500.0,28500.0
5000015100,20250112,1,1364,1,,3,12000.0,1800.0,34200.0
5000016036,20250112,2,663,1,,3,15000.0,0.0,45000.0
5000001543,20250113,1,171,1,,3,12000.0,3600.0,32400.0
5000002445,20250113,2,103,1,,2,13500.0,540.0,26460.0
5000002446,20250113,2,103,1,,1,15000.0,300.0,14700.0
5000003371,20250113,1,918,1,,1,12000.0,1200.0,10800.0
5000003372,20250113,2,918,1,,1,13500.0,0.0,13500.0
5000004129,20250113,2,288,2,2.0,3,15000.0,2250.0,42750.0
5000004130,20250113,1,288,2,2.0,1,12000.0,0.0,12000.0
5000004424,20250113,1,855,2,3.0,3,12000.0,0.0,36000.0
5000004962,20250113,1,1225,1,,2,12000.0,2400.0,21600.0
5000004963,20250113,1,1225,1,,1,10800.0,540.0,10260.0
5000005784,20250113,1,329,2,3.0,2,12000.0,0.0,24000.0
5000005990,20250113,1,879,2,1.0,3,12000.0,720.0,35280.0
5000006191,20250113,1,1377,2,4.0,1,12000.0,0.0,12000.0
5000009169,20250113,1,235,1,,2,12000.0,2400.0,21600.0
5000009233,20250113,1,789,1,,2,12000.0,0.0,24000.0
5000009703,20250113,2,1268,1,,1,15000.0,300.0,14700.0
5000009704,20250113,2,1268,1,,2,15000.0,0.0,30000.0
5000010152,20250113,2,547,1,,2,15000.0,600.0,29400.0
5000011404,20250113,1,748,1,,3,12000.0,720.0,35280.0
5000011405,20250113,1,748,1,,1,12000.0,0.0,12000.0
5000011511,20250113,1,141,1,,2,12000.0,1200.0,22800.0
5000013419,20250113,1,61,1,,2,12600.0,1260.0,23940.0
5000014456,20250113,1,229,1,,3,10800.0,1620.0,30780.0
5000014576,20250113,1,227,1,,1,13200.0,264.0,12936.0
5000015604,20250113,1,915,1,,1,12600.0,630.0,11970.0
5000001649,20250114,1,677,1,,1,12000.0,1200.0,10800.0
5000001777,20250114,1,821,2,3.0,1,12000.0,1200.0,10800.0
5000002371,20250114,1,980,1,,1,12000.0,1200.0,10800.0
5000002372,20250114,1,980,1,,2,12000.0,1200.0,22800.0
5000002373,20250114,2,980,1,,2,13500.0,1350.0,25650.0
5000002474,20250114,1,497,2,1.0,1,12000.0,1200.0,10800.0
5000002475,20250114,1,497,2,1.0,3,13200.0,0.0,39600.0
5000004644,20250114,2,1252,1,,2,15000.0,0.0,30000.0
5000004645,20250114,2,1252,1,,1,15000.0,1500.0,13500.0
5000004852,20250114,1,277,1,,1,12000.0,1200.0,10800.0
5000005456,20250114,1,352,2,1.0,2,12000.0,2400.0,21600.0
5000005686,20250114,1,123,1,,1,12600.0,1260.0,11340.0
5000006165,20250114,1,1083,2,2.0,1,10800.0,540.0,10260.0
5000006166,20250114,2,1083,2,2.0,1,15000.0,750.0,14250.0
5000007070,20250114,1,166,2,4.0,2,10800.0,0.0,21600.0
5000007071,20250114,2,166,2,4.0,1,15000.0,750.0,14250.0
5000007218,20250114,2,1433,1,,2,15000.0,600.0,29400.0
5000007219,20250114,1,1433,1,,1,12000.0,0.0,12000.0
5000007269,20250114,2,618,2,1.0,3,16500.0,0.0,49500.0
5000007270,20250114,2,618,2,1.0,1,15000.0,0.0,15000.0
5000008596,20250114,1,1276,1,,2,12000.0,0.0,24000.0
5000009205,20250114,1,1216,2,3.0,2,12000.0,2400.0,21600.0
5000009634,20250114,1,1100,2,1.0,3,10800.0,3240.0,29160.0
5000010388,20250114,2,1470,2,4.0,1,15750.0,0.0,15750.0
5000010389,20250114,1,1470,2,4.0,1,12000.0,600.0,11400.0
5000012506,20250114,2,804,2,2.0,3,15750.0,2362.5,44887.5
5000012712,20250114,1,1022,1,,1,12000.0,240.0,11760.0
5000013809,20250114,2,737,1,,2,15000.0,600.0,29400.0
5000013810,20250114,1,737,1,,1,12000.0,240.0,11760.0
5000014266,20250114,2,467,2,3.0,3,15750.0,0.0,47250.0
5000016001,20250114,2,19,1,,3,15000.0,900.0,44100.0
5000016123,20250114,1,626,1,,1,12000.0,600.0,11400.0
5000016124,20250114,2,626,1,,3,15000.0,900.0,44100.0
5000000763,20250115,1,1031,2,2.0,3,12000.0,0.0,36000.0
5000000821,20250115,2,412,1,,2,15000.0,0.0,30000.0
5000002933,20250115,2,1363,1,,1,15000.0,0.0,15000.0
5000004382,20250115,1,726,1,,2,12000.0,2400.0,21600.0
5000004751,20250115,1,1188,2,4.0,2,12000.0,1200.0,22800.0
5000007840,20250115,1,591,1,,2,10800.0,1080.0,20520.0
5000007841,20250115,2,591,1,,2,15000.0,600.0,29400.0
5000007936,20250115,1,1061,1,,1,12600.0,0.0,12600.0
5000008405,20250115,1,584,1,,1,12000.0,600.0,11400.0
5000008406,20250115,2,584,1,,3,15750.0,4725.0,42525.0
5000009179,20250115,1,466,1,,3,12000.0,3600.0,32400.0
5000009180,20250115,1,466,1,,2,12000.0,1200.0,22800.0
5000009181,20250115,1,466,1,,1,12000.0,600.0,11400.0
5000010833,20250115,1,788,1,,3,12000.0,3600.0,32400.0
5000014208,20250115,1,1411,1,,1,13200.0,660.0,12540.0
5000014209,20250115,1,1411,1,,2,13200.0,528.0,25872.0
5000015161,20250115,2,1028,2,3.0,2,15750.0,3150.0,28350.0
5000015162,20250115,1,1028,2,3.0,3,10800.0,1620.0,30780.0
5000015566,20250115,1,580,1,,3,13200.0,792.0,38808.0
5000015677,20250115,1,330,2,2.0,2,12000.0,1200.0,22800.0
5000000139,20250116,1,520,1,,3,12600.0,1890.0,35910.0
5000000593,20250116,1,310,1,,3,13200.0,3960.0,35640.0
5000000985,20250116,1,217,1,,2,12000.0,2400.0,21600.0
5000003289,20250116,2,1049,1,,3,13500.0,4050.0,36450.0
5000003290,20250116,2,1049,1,,2,15000.0,3000.0,27000.0
5000004154,20250116,2,201,2,4.0,1,15000.0,0.0,15000.0
5000006472,20250116,2,240,1,,2,15000.0,1500.0,28500.0
5000007748,20250116,1,953,1,,1,12000.0,0.0,12000.0
5000008161,20250116,2,52,2,2.0,2,15000.0,600.0,29400.0
5000008162,20250116,2,52,2,2.0,2,15000.0,3000.0,27000.0
5000008415,20250116,2,210,2,2.0,3,16500.0,990.0,48510.0
5000008420,20250116,2,942,1,,3,15000.0,4500.0,40500.0
5000008613,20250116,2,800,2,2.0,1,13500.0,1350.0,12150.0
5000008657,20250116,1,1175,1,,1,12000.0,600.0,11400.0
5000008723,20250116,1,1006,1,,1,12000.0,1200.0,10800.0
5000010436,20250116,1,719,2,4.0,1,12000.0,0.0,12000.0
5000011564,20250116,2,1080,2,2.0,2,15000.0,600.0,29400.0
5000013345,20250116,2,447,2,1.0,2,15000.0,600.0,29400.0
5000013612,20250116,2,495,1,,1,15000.0,0.0,15000.0
5000014060,20250116,2,1195,1,,1,15000.0,0.0,15000.0
5000014061,20250116,2,1195,1,,2,15750.0,3150.0,28350.0
5000015575,20250116,2,86,2,2.0,1,15000.0,1500.0,13500.0
5000015576,20250116,1,86,2,2.0,2,12000.0,0.0,24000.0
5000001619,20250117,2,517,1,,1,16500.0,330.0,16170.0
5000002543,20250117,2,233,2,2.0,1,13500.0,270.0,13230.0
5000002544,20250117,1,233,2,2.0,2,13200.0,528.0,25872.0
5000003633,20250117,2,1425,1,,1,15000.0,300.0,14700.0
5000003634,20250117,1,1425,1,,3,13200.0,3960.0,35640.0
5000003635,20250117,1,1425,1,,3,12000.0,3600.0,32400.0
5000004747,20250117,1,889,2,3.0,2,10800.0,1080.0,20520.0
5000004748,20250117,2,889,2,3.0,1,16500.0,330.0,16170.0
5000005737,20250117,2,790,2,1.0,3,13500.0,2025.0,38475.0
5000005738,20250117,1,790,2,1.0,3,12000.0,720.0,35280.0
5000006723,20250117,1,57,2,3.0,3,10800.0,0.0,32400.0
5000006724,20250117,2,57,2,3.0,3,15000.0,0.0,45000.0
5000007029,20250117,1,535,1,,2,12000.0,2400.0,21600.0
5000007030,20250117,2,535,1,,2,15000.0,600.0,29400.0
5000007641,20250117,1,681,2,4.0,3,12600.0,0.0,37800.0
5000008145,20250117,2,376,2,4.0,2,15000.0,600.0,29400.0
5000008146,20250117,1,376,2,4.0,3,10800.0,3240.0,29160.0
5000008754,20250117,1,1194,2,4.0,3,10800.0,3240.0,29160.0
5000010217,20250117,2,121,2,4.0,2,16500.0,0.0,33000.0
5000010299,20250117,2,1233,2,3.0,1,13500.0,675.0,12825.0
5000010834,20250117,1,594,1,,1,12000.0,0.0,12000.0
5000010835,20250117,1,594,1,,2,12000.0,0.0,24000.0
5000010962,20250117,1,268,2,3.0,1,12000.0,1200.0,10800.0
5000011569,20250117,2,110,1,,3,15750.0,4725.0,42525.0
5000012684,20250117,2,797,1,,1,15000.0,750.0,14250.0
5000012832,20250117,2,857,2,1.0,3,15750.0,2362.5,44887.5
5000013028,20250117,2,855,1,,2,15000.0,0.0,30000.0
5000013029,20250117,2,855,1,,2,15000.0,0.0,30000.0
5000013030,20250117,1,855,1,,3,12600.0,3780.0,34020.0
5000013968,20250117,1,72,2,2.0,1,12600.0,252.0,12348.0
5000014191,20250117,2,722,1,,2,15000.0,3000.0,27000.0
5000014291,20250117,2,971,1,,2,15000.0,0.0,30000.0
5000014292,20250117,1,971,1,,3,12000.0,720.0,35280.0
5000014552,20250117,1,425,2,1.0,2,12000.0,1200.0,22800.0
5000014553,20250117,2,425,2,1.0,3,15750.0,2362.5,44887.5
5000015307,20250117,2,497,2,2.0,2,15000.0,0.0,30000.0
5000000228,20250118,2,1234,1,,1,13500.0,675.0,12825.0
5000000229,20250118,1,1234,1,,1,10800.0,540.0,10260.0
5000000230,20250118,1,1234,1,,2,12000.0,0.0,24000.0
5000001252,20250118,2,1305,1,,3,15000.0,0.0,45000.0
5000003639,20250118,1,704,2,4.0,3,12000.0,0.0,36000.0
5000003640,20250118,1,704,2,4.0,2,12000.0,2400.0,21600.0
5000005790,20250118,2,547,2,3.0,2,15000.0,600.0,29400.0
5000008588,20250118,1,410,2,2.0,2,12000.0,2400.0,21600.0
5000008779,20250118,1,1163,1,,3,12000.0,720.0,35280.0
5000008780,20250118,1,1163,1,,1,12000.0,1200.0,10800.0
5000009105,20250118,2,492,2,2.0,3,15750.0,2362.5,44887.5
5000010211,20250118,2,540,2,4.0,2,15000.0,600.0,29400.0
5000010212,20250118,1,540,2,4.0,3,10800.0,0.0,32400.0
5000010788,20250118,1,899,2,3.0,1,12000.0,600.0,11400.0
5000010789,20250118,1,899,2,3.0,1,12000.0,0.0,12000.0
5000012649,20250118,1,461,1,,1,12000.0,1200.0,10800.0
5000013369,20250118,2,666,2,4.0,2,13500.0,1350.0,25650.0
5000014163,20250118,1,431,1,,3,10800.0,0.0,32400.0
5000014164,20250118,1,431,1,,1,12000.0,240.0,11760.0
5000014165,20250118,1,431,1,,3,12000.0,1800.0,34200.0
5000014279,20250118,1,20,1,,3,12600.0,0.0,37800.0
5000014280,20250118,2,20,1,,2,15000.0,1500.0,28500.0
5000014620,20250118,1,1212,1,,1,12600.0,252.0,12348.0
5000014621,20250118,1,1212,1,,2,12600.0,0.0,25200.0
5000014950,20250118,2,855,1,,2,13500.0,0.0,27000.0
5000015096,20250118,2,265,2,3.0,3,15750.0,2362.5,44887.5
5000015507,20250118,1,141,2,2.0,3,10800.0,648.0,31752.0
5000015515,20250118,2,234,2,1.0,2,16500.0,0.0,33000.0
5000000162,20250119,1,524,1,,2,12000.0,0.0,24000.0
5000000486,20250119,1,938,1,,3,13200.0,3960.0,35640.0
5000000487,20250119,1,938,1,,2,12000.0,480.0,23520.0
5000006432,20250119,1,524,2,2.0,2,12000.0,0.0,24000.0
5000006433,20250119,1,524,2,2.0,3,12000.0,720.0,35280.0
5000006848,20250119,1,954,1,,3,10800.0,648.0,31752.0
5000006963,20250119,1,357,1,,3,12000.0,3600.0,32400.0
5000008930,20250119,2,159,2,4.0,2,16500.0,3300.0,29700.0
5000009748,20250119,1,517,2,2.0,3,12600.0,3780.0,34020.0
5000010685,20250119,2,46,1,,1,16500.0,825.0,15675.0
5000011166,20250119,2,1002,1,,2,15000.0,0.0,30000.0
5000011456,20250119,1,729,2,2.0,1,12000.0,0.0,12000.0
5000011457,20250119,2,729,2,2.0,2,15000.0,1500.0,28500.0
5000012728,20250119,2,1084,2,3.0,3,13500.0,810.0,39690.0
5000012755,20250119,1,121,2,4.0,1,12600.0,0.0,12600.0
5000014604,20250119,2,261,1,,3,15000.0,0.0,45000.0
5000014619,20250119,1,1165,2,2.0,1,12000.0,240.0,11760.0
5000014656,20250119,1,409,2,3.0,2,12000.0,480.0,23520.0
5000014705,20250119,1,1160,1,,3,12000.0,1800.0,34200.0
5000014706,20250119,2,1160,1,,3,15000.0,0.0,45000.0
5000014742,20250119,1,1000,2,4.0,3,13200.0,3960.0,35640.0
5000015075,20250119,2,1166,2,2.0,1,13500.0,0.0,13500.0
5000000189,20250120,2,140,1,,2,15000.0,1500.0,28500.0
5000002570,20250120,1,195,1,,1,10800.0,1080.0,9720.0
5000002571,20250120,2,195,1,,2,15000.0,3000.0,27000.0
5000003293,20250120,1,983,1,,3,12000.0,3600.0,32400.0
5000003629,20250120,1,725,2,1.0,1,12000.0,600.0,11400.0
5000004792,20250120,2,1134,1,,1,15000.0,300.0,14700.0
5000005225,20250120,1,79,1,,1,12000.0,1200.0,10800.0
5000005767,20250120,2,770,1,,3,15000.0,2250.0,42750.0
5000005818,20250120,1,943,1,,3,12000.0,720.0,35280.0
5000005819,20250120,2,943,1,,2,16500.0,3300.0,29700.0
5000005820,20250120,2,943,1,,2,15000.0,0.0,30000.0
5000005842,20250120,2,1023,2,3.0,2,15000.0,600.0,29400.0
5000005843,20250120,2,1023,2,3.0,3,15000.0,4500.0,40500.0
5000006212,20250120,2,1085,1,,1,15000.0,750.0,14250.0
5000010913,20250120,1,1480,1,,1,12000.0,600.0,11400.0
5000014321,20250120,2,890,1,,3,16500.0,2475.0,47025.0
5000014859,20250120,2,1090,2,1.0,3,15000.0,4500.0,40500.0
5000014860,20250120,2,1090,2,1.0,3,15750.0,945.0,46305.0
5000000207,20250121,2,655,1,,1,15000.0,1500.0,13500.0
5000000850,20250121,1,385,2,4.0,3,10800.0,648.0,31752.0
5000002054,20250121,1,769,1,,3,12000.0,0.0,36000.0
5000003802,20250121,1,310,1,,3,12000.0,0.0,36000.0
5000003937,20250121,2,743,2,4.0,1,13500.0,0.0,13500.0
5000004015,20250121,2,40,1,,2,13500.0,2700.0,24300.0
5000004436,20250121,1,529,2,2.0,1,12000.0,600.0,11400.0
5000004437,20250121,1,529,2,2.0,1,12600.0,0.0,12600.0
5000005054,20250121,2,1116,1,,1,15750.0,1575.0,14175.0
5000005055,20250121,2,1116,1,,1,15750.0,0.0,15750.0
5000005056,20250121,2,1116,1,,2,15000.0,3000.0,27000.0
5000005166,20250121,1,1330,1,,2,12000.0,2400.0,21600.0
5000005167,20250121,1,1330,1,,2,12000.0,0.0,24000.0
5000007751,20250121,1,536,2,3.0,1,12000.0,600.0,11400.0
5000008617,20250121,2,786,1,,3,15000.0,0.0,45000.0
5000010987,20250121,2,1245,2,2.0,3,15000.0,2250.0,42750.0
5000011395,20250121,1,66,1,,3,12600.0,0.0,37800.0
5000011396,20250121,1,66,1,,1,12000.0,0.0,12000.0
5000011397,20250121,2,66,1,,1,13500.0,675.0,12825.0
5000011423,20250121,1,904,2,2.0,2,12600.0,1260.0,23940.0
5000011424,20250121,2,904,2,2.0,1,15000.0,300.0,14700.0
5000011425,20250121,1,904,2,2.0,1,10800.0,216.0,10584.0
5000011462,20250121,2,766,1,,3,15000.0,0.0,45000.0
5000011621,20250121,2,291,1,,2,16500.0,1650.0,31350.0
5000011879,20250121,1,558,1,,3,10800.0,648.0,31752.0
5000011880,20250121,1,558,1,,2,12600.0,1260.0,23940.0
5000011911,20250121,1,187,1,,1,12000.0,240.0,11760.0
5000013613,20250121,2,743,2,1.0,2,15000.0,3000.0,27000.0
5000014463,20250121,1,62,1,,2,10800.0,2160.0,19440.0
5000014996,20250121,2,349,2,4.0,3,15000.0,2250.0,42750.0
5000014997,20250121,1,349,2,4.0,3,10800.0,1620.0,30780.0
5000015442,20250121,1,850,1,,2,10800.0,2160.0,19440.0
5000000738,20250122,1,103,2,1.0,3,10800.0,3240.0,29160.0
5000000993,20250122,1,593,1,,3,12000.0,3600.0,32400.0
5000002871,20250122,2,723,2,4.0,2,15000.0,3000.0,27000.0
5000003272,20250122,1,89,2,3.0,3,10800.0,1620.0,30780.0
5000003273,20250122,2,89,2,3.0,2,16500.0,3300.0,29700.0
5000003402,20250122,1,1207,1,,2,12000.0,1200.0,22800.0
5000005670,20250122,1,254,1,,1,10800.0,216.0,10584.0
5000005671,20250122,2,254,1,,3,15000.0,900.0,44100.0
5000009652,20250122,1,1161,1,,1,12000.0,600.0,11400.0
5000009653,20250122,1,1161,1,,1,12000.0,240.0,11760.0
5000010031,20250122,1,340,2,1.0,2,12000.0,480.0,23520.0
5000010269,20250122,1,226,1,,1,12000.0,0.0,12000.0
5000010270,20250122,1,226,1,,1,10800.0,0.0,10800.0
5000011088,20250122,1,634,1,,1,12000.0,1200.0,10800.0
5000011089,20250122,1,634,1,,2,12000.0,2400.0,21600.0
5000011887,20250122,1,779,1,,1,10800.0,540.0,10260.0
5000011888,20250122,2,779,1,,2,15000.0,0.0,30000.0
5000011979,20250122,2,90,1,,3,16500.0,2475.0,47025.0
5000012316,20250122,2,1466,2,3.0,3,13500.0,2025.0,38475.0
5000012317,20250122,2,1466,2,3.0,1,15750.0,1575.0,14175.0
5000012340,20250122,1,284,1,,1,12000.0,240.0,11760.0
5000012460,20250122,2,257,1,,2,15000.0,600.0,29400.0
5000013710,20250122,2,867,2,3.0,2,15000.0,0.0,30000.0
5000013711,20250122,2,867,2,3.0,2,15000.0,600.0,29400.0
5000013861,20250122,1,330,1,,2,12000.0,1200.0,22800.0
5000013862,20250122,2,330,1,,2,15750.0,0.0,31500.0
5000014639,20250122,1,928,1,,3,10800.0,648.0,31752.0
5000015050,20250122,2,897,2,4.0,1,15000.0,1500.0,13500.0
5000015347,20250122,2,10,2,1.0,3,15000.0,4500.0,40500.0
5000015348,20250122,1,10,2,1.0,3,10800.0,0.0,32400.0
5000001567,20250123,1,687,1,,3,12000.0,3600.0,32400.0
5000002893,20250123,2,1094,1,,3,13500.0,2025.0,38475.0
5000006060,20250123,1,34,1,,2,12000.0,1200.0,22800.0
5000006061,20250123,1,34,1,,1,12000.0,0.0,12000.0
5000006331,20250123,2,1424,1,,2,15000.0,600.0,29400.0
5000006564,20250123,2,201,1,,2,15000.0,600.0,29400.0
5000006762,20250123,1,1327,1,,2,12000.0,2400.0,21600.0
5000008408,20250123,2,475,1,,3,15000.0,4500.0,40500.0
5000008409,20250123,2,475,1,,2,15000.0,600.0,29400.0
5000008800,20250123,1,334,2,2.0,2,13200.0,528.0,25872.0
5000009015,20250123,2,1034,1,,1,16500.0,825.0,15675.0
5000009675,20250123,2,1088,2,4.0,1,15000.0,1500.0,13500.0
5000009685,20250123,2,1292,1,,1,15000.0,750.0,14250.0
5000009686,20250123,1,1292,1,,1,12000.0,240.0,11760.0
5000011299,20250123,1,1264,1,,2,10800.0,2160.0,19440.0
5000011458,20250123,1,747,1,,2,12600.0,0.0,25200.0
5000011693,20250123,1,645,2,3.0,1,12600.0,0.0,12600.0
5000012234,20250123,2,1336,1,,3,15000.0,0.0,45000.0
5000013015,20250123,2,1047,2,3.0,2,16500.0,1650.0,31350.0
5000013016,20250123,2,1047,2,3.0,2,13500.0,1350.0,25650.0
5000013132,20250123,2,324,2,4.0,1,15000.0,300.0,14700.0
5000013133,20250123,1,324,2,4.0,3,12600.0,1890.0,35910.0
5000013620,20250123,2,77,2,1.0,2,15000.0,1500.0,28500.0
5000013621,20250123,1,77,2,1.0,2,12600.0,2520.0,22680.0
5000013956,20250123,2,838,1,,2,15000.0,3000.0,27000.0
5000013957,20250123,2,838,1,,2,15000.0,3000.0,27000.0
5000014357,20250123,2,332,1,,2,15000.0,0.0,30000.0
5000014487,20250123,1,1173,1,,1,12000.0,600.0,11400.0
5000002252,20250124,1,126,1,,1,12000.0,0.0,12000.0
5000002253,20250124,2,126,1,,3,15000.0,2250.0,42750.0
5000002915,20250124,2,1004,1,,2,15000.0,1500.0,28500.0
5000003241,20250124,2,1369,2,3.0,3,15000.0,0.0,45000.0
5000004146,20250124,2,754,1,,3,15000.0,0.0,45000.0
5000005186,20250124,2,1385,1,,1,15000.0,1500.0,13500.0
5000006659,20250124,2,766,1,,2,15000.0,600.0,29400.0
5000006660,20250124,1,766,1,,1,12000.0,1200.0,10800.0
5000007601,20250124,1,7,2,4.0,3,12000.0,3600.0,32400.0
5000007602,20250124,1,7,2,4.0,1,12000.0,600.0,11400.0
5000007603,20250124,1,1447,1,,2,13200.0,528.0,25872.0
5000008837,20250124,1,1338,1,,2,12000.0,480.0,23520.0
5000008838,20250124,2,1338,1,,1,16500.0,330.0,16170.0
5000008839,20250124,1,1338,1,,1,12000.0,600.0,11400.0
5000009794,20250124,2,181,2,1.0,2,13500.0,2700.0,24300.0
5000012398,20250124,2,37,1,,2,15000.0,0.0,30000.0
5000014406,20250124,1,126,2,1.0,3,12000.0,3600.0,32400.0
5000015239,20250124,2,661,1,,3,15000.0,0.0,45000.0
5000001028,20250125,1,1490,1,,3,12000.0,0.0,36000.0
5000001029,20250125,1,1490,1,,3,10800.0,648.0,31752.0
5000001030,20250125,1,1490,1,,1,12000.0,600.0,11400.0
5000001566,20250125,1,1280,1,,2,12000.0,2400.0,21600.0
5000003610,20250125,1,816,1,,2,12000.0,480.0,23520.0
5000003611,20250125,1,816,1,,1,12000.0,600.0,11400.0
5000004562,20250125,1,1076,1,,2,12000.0,480.0,23520.0
5000005105,20250125,1,266,1,,3,12000.0,0.0,36000.0
5000005868,20250125,2,818,1,,2,15000.0,600.0,29400.0
5000005998,20250125,2,1461,1,,1,15000.0,0.0,15000.0
5000006788,20250125,1,1011,1,,2,12000.0,0.0,24000.0
5000006789,20250125,1,1011,1,,1,12000.0,1200.0,10800.0
5000007947,20250125,1,1149,2,1.0,3,12600.0,3780.0,34020.0
5000007948,20250125,1,1149,2,1.0,3,12000.0,3600.0,32400.0
5000007982,20250125,2,100,2,2.0,2,15000.0,600.0,29400.0
5000009109,20250125,1,1161,2,4.0,3,12600.0,1890.0,35910.0
5000009155,20250125,2,983,2,1.0,3,15000.0,4500.0,40500.0
5000009676,20250125,2,137,2,2.0,2,16500.0,660.0,32340.0
5000010408,20250125,2,367,1,,3,15750.0,2362.5,44887.5
5000011215,20250125,1,1045,1,,1,12000.0,1200.0,10800.0
5000011680,20250125,2,708,2,1.0,1,15000.0,0.0,15000.0
5000012143,20250125,2,1068,1,,2,13500.0,540.0,26460.0
5000012189,20250125,1,649,1,,1,12000.0,1200.0,10800.0
5000012190,20250125,1,649,1,,3,12000.0,3600.0,32400.0
5000012244,20250125,2,847,1,,2,15750.0,0.0,31500.0
5000013522,20250125,2,903,2,1.0,1,15000.0,300.0,14700.0
5000013523,20250125,1,903,2,1.0,1,12000.0,600.0,11400.0
5000014831,20250125,2,512,1,,3,15000.0,4500.0,40500.0
5000015022,20250125,1,955,1,,1,12600.0,252.0,12348.0
5000000215,20250126,1,371,2,3.0,1,12000.0,0.0,12000.0
5000000216,20250126,2,371,2,3.0,3,15750.0,0.0,47250.0
5000002133,20250126,2,1008,2,4.0,3,16500.0,4950.0,44550.0
5000002134,20250126,1,1008,2,4.0,2,10800.0,1080.0,20520.0
5000002135,20250126,2,1008,2,4.0,2,13500.0,1350.0,25650.0
5000002656,20250126,1,895,2,2.0,2,10800.0,1080.0,20520.0
5000002868,20250126,2,1438,1,,1,15000.0,300.0,14700.0
5000002972,20250126,1,590,1,,1,13200.0,0.0,13200.0
5000003699,20250126,2,613,1,,2,15000.0,600.0,29400.0
5000003700,20250126,2,613,1,,1,15750.0,787.5,14962.5
5000003879,20250126,2,502,2,2.0,2,15000.0,600.0,29400.0
5000004044,20250126,2,800,2,2.0,1,15000.0,750.0,14250.0
5000004946,20250126,2,938,2,4.0,1,15000.0,750.0,14250.0
5000007217,20250126,1,997,1,,3,12000.0,720.0,35280.0
5000007503,20250126,2,1452,2,2.0,3,15000.0,2250.0,42750.0
5000007504,20250126,2,1452,2,2.0,1,13500.0,675.0,12825.0
5000007505,20250126,2,1452,2,2.0,1,15000.0,0.0,15000.0
5000007973,20250126,2,1447,1,,1,15000.0,1500.0,13500.0
5000009067,20250126,2,1366,2,4.0,2,15000.0,3000.0,27000.0
5000009632,20250126,1,1337,2,3.0,2,12000.0,1200.0,22800.0
5000009786,20250126,1,1184,2,3.0,2,12000.0,2400.0,21600.0
5000011701,20250126,1,1288,2,1.0,3,12000.0,0.0,36000.0
5000011702,20250126,2,1288,2,1.0,2,15000.0,1500.0,28500.0
5000011873,20250126,1,684,2,3.0,3,12000.0,1800.0,34200.0
5000011874,20250126,1,684,2,3.0,3,12000.0,3600.0,32400.0
5000011875,20250126,1,684,2,3.0,1,12000.0,0.0,12000.0
5000012027,20250126,1,49,1,,1,12000.0,0.0,12000.0
5000012435,20250126,2,89,1,,3,15000.0,2250.0,42750.0
5000012862,20250126,1,104,1,,3,12600.0,3780.0,34020.0
5000012863,20250126,1,104,1,,2,12600.0,2520.0,22680.0
5000012967,20250126,1,1059,2,3.0,1,10800.0,1080.0,9720.0
5000012968,20250126,2,1059,2,3.0,3,15000.0,2250.0,42750.0
5000012969,20250126,2,1059,2,3.0,3,15000.0,900.0,44100.0
5000015816,20250126,2,1091,1,,1,15000.0,1500.0,13500.0
5000015817,20250126,2,1091,1,,2,15750.0,3150.0,28350.0
5000000276,20250127,2,488,1,,1,15000.0,1500.0,13500.0
5000000277,20250127,2,488,1,,2,15000.0,3000.0,27000.0
5000001863,20250127,2,1426,1,,2,15750.0,630.0,30870.0
5000002024,20250127,1,1318,1,,3,12600.0,3780.0,34020.0
5000005466,20250127,2,1230,2,1.0,3,16500.0,0.0,49500.0
5000005467,20250127,1,1230,2,1.0,2,12000.0,1200.0,22800.0
5000006906,20250127,1,662,1,,3,12600.0,1890.0,35910.0
5000006907,20250127,1,662,1,,3,12000.0,1800.0,34200.0
5000008532,20250127,1,321,1,,3,12000.0,0.0,36000.0
5000011826,20250127,2,49,2,1.0,2,15000.0,600.0,29400.0
5000011827,20250127,1,49,2,1.0,1,12000.0,1200.0,10800.0
5000012391,20250127,2,1153,1,,3,16500.0,990.0,48510.0
5000012392,20250127,2,1153,1,,3,16500.0,990.0,48510.0
5000012952,20250127,2,52,1,,3,13500.0,2025.0,38475.0
5000012953,20250127,2,52,1,,3,15000.0,0.0,45000.0
5000015962,20250127,2,185,1,,1,15000.0,300.0,14700.0
5000000575,20250128,1,582,1,,3,12600.0,0.0,37800.0
5000001295,20250128,2,1080,2,4.0,3,15750.0,2362.5,44887.5
5000001296,20250128,2,1080,2,4.0,1,15000.0,750.0,14250.0
5000001475,20250128,1,758,2,1.0,1,12600.0,1260.0,11340.0
5000004325,20250128,1,1352,2,4.0,1,10800.0,540.0,10260.0
5000005654,20250128,2,1304,2,2.0,3,15000.0,0.0,45000.0
5000006974,20250128,1,796,2,1.0,2,12000.0,2400.0,21600.0
5000007112,20250128,1,72,1,,1,12000.0,0.0,12000.0
5000007191,20250128,1,1108,1,,3,12000.0,0.0,36000.0
5000007192,20250128,2,1108,1,,3,15000.0,2250.0,42750.0
5000008654,20250128,1,820,1,,3,12000.0,3600.0,32400.0
5000009009,20250128,1,1487,1,,1,12600.0,252.0,12348.0
5000009041,20250128,1,486,1,,3,12000.0,0.0,36000.0
5000009042,20250128,1,486,1,,3,13200.0,1980.0,37620.0
5000009352,20250128,2,94,1,,3,15750.0,0.0,47250.0
5000010426,20250128,1,794,1,,1,12000.0,1200.0,10800.0
5000010427,20250128,2,794,1,,1,15750.0,787.5,14962.5
5000010780,20250128,2,90,1,,3,15000.0,2250.0,42750.0
5000010781,20250128,2,90,1,,2,15000.0,0.0,30000.0
5000010782,20250128,1,90,1,,2,12600.0,1260.0,23940.0
5000011283,20250128,2,950,1,,1,15000.0,300.0,14700.0
5000011336,20250128,1,1181,1,,1,12000.0,600.0,11400.0
5000011337,20250128,2,1181,1,,3,15000.0,900.0,44100.0
5000011338,20250128,1,1181,1,,2,12000.0,2400.0,21600.0
5000012701,20250128,2,634,2,1.0,1,15750.0,1575.0,14175.0
5000013575,20250128,1,805,2,1.0,1,12000.0,1200.0,10800.0
5000014020,20250128,1,66,1,,2,12000.0,480.0,23520.0
5000014033,20250128,1,341,1,,2,12600.0,2520.0,22680.0
5000014034,20250128,2,341,1,,3,15000.0,2250.0,42750.0
5000014488,20250128,2,1317,2,2.0,3,16500.0,4950.0,44550.0
5000014574,20250128,1,942,1,,2,13200.0,1320.0,25080.0
5000014760,20250128,1,1398,1,,1,12000.0,0.0,12000.0
5000014825,20250128,1,695,1,,1,12000.0,0.0,12000.0
5000000838,20250129,1,893,1,,2,12000.0,480.0,23520.0
5000000839,20250129,1,893,1,,3,12600.0,756.0,37044.0
5000001507,20250129,1,110,1,,3,12000.0,720.0,35280.0
5000001508,20250129,1,110,1,,1,12000.0,1200.0,10800.0
5000002224,20250129,2,1490,1,,3,13500.0,4050.0,36450.0
5000002566,20250129,2,1393,1,,1,15000.0,1500.0,13500.0
5000005436,20250129,1,752,1,,2,12000.0,2400.0,21600.0
5000009392,20250129,2,637,1,,1,13500.0,675.0,12825.0
5000009968,20250129,2,1053,2,3.0,3,16500.0,990.0,48510.0
5000009969,20250129,2,1053,2,3.0,3,16500.0,0.0,49500.0
5000010185,20250129,1,66,2,2.0,2,12000.0,0.0,24000.0
5000010566,20250129,1,1008,2,2.0,2,12000.0,2400.0,21600.0
5000010567,20250129,2,1008,2,2.0,1,15750.0,0.0,15750.0
5000010608,20250129,1,1199,1,,1,12000.0,1200.0,10800.0
5000011216,20250129,2,1257,1,,3,13500.0,2025.0,38475.0
5000011217,20250129,1,1257,1,,2,12000.0,0.0,24000.0
5000011228,20250129,1,205,2,3.0,2,12600.0,1260.0,23940.0
5000012449,20250129,1,346,2,4.0,1,12600.0,1260.0,11340.0
5000012685,20250129,1,85,2,2.0,1,12000.0,240.0,11760.0
5000012694,20250129,2,528,1,,3,15000.0,4500.0,40500.0
5000013102,20250129,2,1087,2,4.0,2,15750.0,3150.0,28350.0
5000015462,20250129,2,92,1,,1,15750.0,0.0,15750.0
5000015463,20250129,2,92,1,,3,15000.0,4500.0,40500.0
5000016103,20250129,1,222,2,2.0,3,12000.0,3600.0,32400.0
5000001024,20250130,2,841,2,1.0,2,15750.0,3150.0,28350.0
5000001972,20250130,2,69,1,,1,15000.0,750.0,14250.0
5000001973,20250130,2,69,1,,3,13500.0,4050.0,36450.0
5000001974,20250130,1,69,1,,2,12600.0,504.0,24696.0
5000002947,20250130,1,1410,2,3.0,3,12000.0,0.0,36000.0
5000003142,20250130,2,1294,1,,3,15000.0,2250.0,42750.0
5000003270,20250130,2,1034,1,,3,15000.0,0.0,45000.0
5000004518,20250130,2,419,1,,1,15750.0,1575.0,14175.0
5000006021,20250130,1,1125,2,1.0,3,10800.0,648.0,31752.0
5000006571,20250130,1,1138,1,,1,10800.0,0.0,10800.0
5000007210,20250130,2,680,1,,1,15000.0,750.0,14250.0
5000009560,20250130,1,569,1,,3,10800.0,1620.0,30780.0
5000011226,20250130,2,821,1,,1,15750.0,315.0,15435.0
5000011227,20250130,1,821,1,,1,12600.0,0.0,12600.0
5000011498,20250130,1,850,1,,1,12600.0,0.0,12600.0
5000013398,20250130,1,1074,1,,1,12000.0,240.0,11760.0
5000013399,20250130,2,1074,1,,2,15000.0,600.0,29400.0
5000013400,20250130,1,1074,1,,2,12600.0,2520.0,22680.0
5000015856,20250130,1,92,2,1.0,1,12600.0,252.0,12348.0
5000015857,20250130,1,92,2,1.0,1,10800.0,540.0,10260.0
5000001835,20250131,2,1390,1,,3,16500.0,4950.0,44550.0
5000001836,20250131,2,1390,1,,1,15750.0,1575.0,14175.0
5000002431,20250131,1,849,2,2.0,3,12000.0,1800.0,34200.0
5000003425,20250131,1,988,1,,3,12000.0,3600.0,32400.0
5000003426,20250131,1,988,1,,1,13200.0,0.0,13200.0
5000003917,20250131,1,1330,2,2.0,1,13200.0,0.0,13200.0
5000004957,20250131,2,724,2,3.0,2,16500.0,0.0,33000.0
5000005154,20250131,1,1118,1,,2,12000.0,1200.0,22800.0
5000005597,20250131,2,403,1,,2,15000.0,3000.0,27000.0
5000008023,20250131,2,1297,1,,1,16500.0,330.0,16170.0
5000008068,20250131,1,894,1,,3,12000.0,1800.0,34200.0
5000008464,20250131,1,413,2,3.0,2,13200.0,1320.0,25080.0
5000009059,20250131,2,281,1,,3,15000.0,0.0,45000.0
5000009060,20250131,2,281,1,,1,15000.0,300.0,14700.0
5000009210,20250131,2,1222,1,,2,15000.0,0.0,30000.0
5000012090,20250131,1,1219,2,4.0,3,12000.0,0.0,36000.0
5000013193,20250131,1,293,2,4.0,1,12000.0,600.0,11400.0
5000014079,20250131,1,803,1,,1,12000.0,600.0,11400.0
5000014080,20250131,1,803,1,,3,12600.0,0.0,37800.0
5000014888,20250131,2,255,1,,2,15000.0,1500.0,28500.0
5000014889,20250131,2,255,1,,3,15000.0,0.0,45000.0
5000016147,20250131,2,1055,2,4.0,1,15000.0,1500.0,13500.0
5000000386,20250201,1,33,2,1.0,1,12000.0,240.0,11760.0
5000000814,20250201,1,593,2,3.0,1,10800.0,216.0,10584.0
5000000815,20250201,2,593,2,3.0,2,15750.0,630.0,30870.0
5000000816,20250201,2,593,2,3.0,2,16500.0,0.0,33000.0
5000001754,20250201,1,837,2,2.0,2,12000.0,0.0,24000.0
5000002053,20250201,1,1339,1,,3,12000.0,720.0,35280.0
5000002944,20250201,1,194,1,,3,10800.0,0.0,32400.0
5000003559,20250201,2,1339,1,,1,15000.0,0.0,15000.0
5000003560,20250201,1,1339,1,,2,12000.0,0.0,24000.0
5000004927,20250201,2,971,2,2.0,3,15000.0,2250.0,42750.0
5000004928,20250201,1,971,2,2.0,3,12000.0,0.0,36000.0
5000005215,20250201,2,1251,2,4.0,2,15000.0,600.0,29400.0
5000005751,20250201,1,901,1,,2,10800.0,432.0,21168.0
5000005822,20250201,1,704,1,,1,10800.0,1080.0,9720.0
5000009118,20250201,1,769,1,,1,12000.0,600.0,11400.0
5000011073,20250201,1,1389,2,2.0,3,10800.0,0.0,32400.0
5000011074,20250201,1,1389,2,2.0,1,12000.0,240.0,11760.0
5000011092,20250201,1,713,1,,3,12000.0,1800.0,34200.0
5000011093,20250201,2,713,1,,1,15000.0,750.0,14250.0
5000012305,20250201,2,407,2,2.0,3,15750.0,4725.0,42525.0
5000013072,20250201,2,758,1,,1,15000.0,0.0,15000.0
5000013163,20250201,1,1213,1,,2,12000.0,0.0,24000.0
5000013233,20250201,1,895,1,,1,10800.0,0.0,10800.0
5000013311,20250201,2,214,2,3.0,2,15000.0,1500.0,28500.0
5000013312,20250201,2,214,2,3.0,3,15000.0,2250.0,42750.0
5000013313,20250201,1,214,2,3.0,1,13200.0,0.0,13200.0
5000013465,20250201,2,691,1,,2,15750.0,0.0,31500.0
5000000114,20250202,1,1433,1,,2,12000.0,1200.0,22800.0
5000000115,20250202,2,1433,1,,2,15000.0,0.0,30000.0
5000002381,20250202,1,551,1,,1,12000.0,1200.0,10800.0
5000002382,20250202,1,551,1,,2,12000.0,2400.0,21600.0
5000002449,20250202,2,1496,2,4.0,2,15000.0,1500.0,28500.0
5000002507,20250202,1,447,1,,2,12000.0,1200.0,22800.0
5000003027,20250202,2,832,1,,1,15000.0,1500.0,13500.0
5000003484,20250202,1,593,1,,1,13200.0,0.0,13200.0
5000003522,20250202,1,517,2,1.0,1,12000.0,600.0,11400.0
5000003631,20250202,1,378,2,3.0,3,12000.0,0.0,36000.0
5000003632,20250202,2,378,2,3.0,2,15000.0,3000.0,27000.0
5000004163,20250202,1,822,1,,2,13200.0,1320.0,25080.0
5000004956,20250202,1,465,1,,2,12000.0,2400.0,21600.0
5000004999,20250202,1,290,1,,1,12000.0,0.0,12000.0
5000005094,20250202,2,760,2,4.0,1,16500.0,825.0,15675.0
5000005507,20250202,2,243,2,3.0,2,15000.0,0.0,30000.0
5000005508,20250202,2,243,2,3.0,1,15000.0,750.0,14250.0
5000006201,20250202,1,1408,1,,2,12600.0,2520.0,22680.0
5000007120,20250202,1,638,2,1.0,3,12000.0,0.0,36000.0
5000007140,20250202,2,853,1,,3,15000.0,4500.0,40500.0
5000007821,20250202,2,347,1,,3,15000.0,900.0,44100.0
5000008645,20250202,2,198,1,,3,13500.0,0.0,40500.0
5000009645,20250202,2,1463,2,2.0,3,15000.0,4500.0,40500.0
5000009999,20250202,2,944,1,,1,16500.0,825.0,15675.0
5000011390,20250202,1,525,1,,1,12000.0,240.0,11760.0
5000011391,20250202,1,525,1,,2,13200.0,0.0,26400.0
5000012724,20250202,1,90,2,1.0,1,12000.0,0.0,12000.0
5000014003,20250202,1,896,1,,1,12000.0,240.0,11760.0
5000014664,20250202,1,657,1,,1,12000.0,0.0,12000.0
5000014665,20250202,2,657,1,,1,15000.0,0.0,15000.0
5000014666,20250202,2,657,1,,2,15000.0,3000.0,27000.0
5000014768,20250202,2,1103,2,2.0,2,15000.0,3000.0,27000.0
5000014769,20250202,2,1103,2,2.0,2,15000.0,600.0,29400.0
5000014770,20250202,2,1103,2,2.0,1,16500.0,825.0,15675.0
5000015500,20250202,2,966,1,,1,16500.0,0.0,16500.0
5000015501,20250202,2,966,1,,1,15000.0,300.0,14700.0
5000015522,20250202,1,1260,1,,3,13200.0,3960.0,35640.0
5000015616,20250202,1,1033,1,,3,10800.0,0.0,32400.0
5000015941,20250202,1,850,2,4.0,2,12600.0,2520.0,22680.0
5000002340,20250203,1,656,1,,3,12000.0,0.0,36000.0
5000003607,20250203,2,35,1,,1,16500.0,0.0,16500.0
5000003832,20250203,2,1327,1,,2,15750.0,0.0,31500.0
5000003833,20250203,1,1327,1,,2,12000.0,2400.0,21600.0
5000006170,20250203,2,256,1,,1,16500.0,0.0,16500.0
5000006339,20250203,1,314,2,3.0,1,10800.0,540.0,10260.0
5000006360,20250203,2,627,1,,2,15000.0,3000.0,27000.0
5000006841,20250203,1,107,2,1.0,2,12000.0,1200.0,22800.0
5000006881,20250203,2,12,2,4.0,1,16500.0,825.0,15675.0
5000006882,20250203,1,12,2,4.0,2,12000.0,2400.0,21600.0
5000008943,20250203,1,789,1,,2,12000.0,1200.0,22800.0
5000009300,20250203,1,1368,2,3.0,1,12000.0,600.0,11400.0
5000009301,20250203,1,1368,2,3.0,3,12000.0,3600.0,32400.0
5000009368,20250203,2,600,2,2.0,3,15000.0,4500.0,40500.0
5000009406,20250203,1,445,2,2.0,1,12000.0,240.0,11760.0
5000010756,20250203,1,1151,1,,2,12000.0,480.0,23520.0
5000011242,20250203,1,1142,1,,1,12000.0,0.0,12000.0
5000012013,20250203,2,1413,1,,1,13500.0,1350.0,12150.0
5000012903,20250203,1,1072,1,,1,12600.0,1260.0,11340.0
5000012904,20250203,1,1072,1,,2,13200.0,528.0,25872.0
5000015098,20250203,1,1053,1,,3,12600.0,1890.0,35910.0
5000015378,20250203,1,1451,1,,1,12000.0,600.0,11400.0
5000002470,20250204,2,1089,1,,1,15000.0,1500.0,13500.0
5000002471,20250204,1,1089,1,,2,10800.0,0.0,21600.0
5000005353,20250204,2,489,2,2.0,1,15000.0,0.0,15000.0
5000005354,20250204,1,489,2,2.0,3,12600.0,1890.0,35910.0
5000005646,20250204,2,401,1,,1,15000.0,0.0,15000.0
5000006716,20250204,1,706,1,,1,10800.0,216.0,10584.0
5000006735,20250204,1,385,1,,1,12000.0,240.0,11760.0
5000007160,20250204,1,637,1,,2,12600.0,0.0,25200.0
5000007161,20250204,2,637,1,,3,13500.0,4050.0,36450.0
5000009585,20250204,2,229,1,,3,15000.0,4500.0,40500.0
5000010072,20250204,1,999,2,3.0,1,12600.0,0.0,12600.0
5000010950,20250204,1,714,2,2.0,1,12000.0,600.0,11400.0
5000011159,20250204,1,176,1,,2,10800.0,0.0,21600.0
5000011160,20250204,1,176,1,,2,10800.0,0.0,21600.0
5000011401,20250204,1,1377,1,,3,12000.0,1800.0,34200.0
5000011402,20250204,1,1377,1,,2,12000.0,2400.0,21600.0
5000011413,20250204,2,1259,2,2.0,3,15000.0,4500.0,40500.0
5000011414,20250204,1,1259,2,2.0,2,12000.0,1200.0,22800.0
5000011415,20250204,1,1259,2,2.0,2,12000.0,480.0,23520.0
5000012197,20250204,2,352,1,,1,13500.0,675.0,12825.0
5000012203,20250204,2,1370,2,2.0,1,16500.0,0.0,16500.0
5000013457,20250204,2,375,1,,2,15750.0,0.0,31500.0
5000014281,20250204,2,335,2,1.0,1,15000.0,750.0,14250.0
5000014465,20250204,2,181,1,,2,15000.0,1500.0,28500.0
5000014469,20250204,1,497,1,,3,13200.0,3960.0,35640.0
5000014771,20250204,2,28,1,,2,16500.0,1650.0,31350.0
5000014772,20250204,1,28,1,,1,13200.0,264.0,12936.0
5000015588,20250204,1,485,1,,2,12000.0,2400.0,21600.0
5000015632,20250204,1,1110,2,3.0,3,10800.0,648.0,31752.0
5000015633,20250204,1,1110,2,3.0,2,13200.0,2640.0,23760.0
5000002512,20250205,2,226,1,,3,16500.0,2475.0,47025.0
5000003970,20250205,2,61,1,,3,15000.0,2250.0,42750.0
5000003987,20250205,2,471,2,3.0,3,15000.0,0.0,45000.0
5000004926,20250205,1,622,1,,2,12000.0,480.0,23520.0
5000006466,20250205,2,923,2,1.0,1,16500.0,825.0,15675.0
5000008902,20250205,1,257,1,,2,10800.0,432.0,21168.0
5000009442,20250205,2,240,2,3.0,1,16500.0,1650.0,14850.0
5000009859,20250205,1,1301,2,3.0,1,12000.0,1200.0,10800.0
5000009860,20250205,1,1301,2,3.0,3,12000.0,0.0,36000.0
5000010215,20250205,2,881,1,,2,15750.0,3150.0,28350.0
5000010387,20250205,1,1420,1,,3,12000.0,3600.0,32400.0
5000010723,20250205,1,1268,2,2.0,1,12000.0,600.0,11400.0
5000010724,20250205,1,1268,2,2.0,3,12600.0,3780.0,34020.0
5000014338,20250205,1,805,2,3.0,3,12000.0,0.0,36000.0
5000001032,20250206,2,905,1,,2,15000.0,1500.0,28500.0
5000001033,20250206,1,905,1,,2,13200.0,1320.0,25080.0
5000003050,20250206,1,1091,2,2.0,3,13200.0,0.0,39600.0
5000003051,20250206,1,1091,2,2.0,1,10800.0,540.0,10260.0
5000003052,20250206,2,1091,2,2.0,2,13500.0,540.0,26460.0
5000003055,20250206,2,557,2,4.0,1,15000.0,750.0,14250.0
5000003056,20250206,2,557,2,4.0,1,16500.0,1650.0,14850.0
5000003268,20250206,1,1418,2,1.0,1,12000.0,0.0,12000.0
5000003269,20250206,2,1418,2,1.0,1,13500.0,675.0,12825.0
5000004020,20250206,1,346,1,,3,12000.0,1800.0,34200.0
5000005033,20250206,1,921,1,,3,10800.0,1620.0,30780.0
5000006185,20250206,1,86,1,,2,12000.0,0.0,24000.0
5000006306,20250206,1,858,1,,3,12000.0,1800.0,34200.0
5000006442,20250206,1,26,1,,2,12600.0,504.0,24696.0
5000007345,20250206,2,1472,1,,2,15000.0,0.0,30000.0
5000007355,20250206,2,708,2,2.0,3,15000.0,4500.0,40500.0
5000007606,20250206,2,246,1,,3,15000.0,2250.0,42750.0
5000007656,20250206,2,781,1,,2,15000.0,600.0,29400.0
5000007657,20250206,1,781,1,,1,12000.0,240.0,11760.0
5000008230,20250206,1,914,1,,3,12000.0,1800.0,34200.0
5000008462,20250206,1,456,1,,2,12000.0,2400.0,21600.0
5000008463,20250206,1,456,1,,2,10800.0,2160.0,19440.0
5000009799,20250206,1,61,2,4.0,3,12000.0,720.0,35280.0
5000009800,20250206,1,61,2,4.0,1,12000.0,0.0,12000.0
5000009801,20250206,2,61,2,4.0,1,13500.0,675.0,12825.0
5000010129,20250206,2,603,1,,1,15000.0,1500.0,13500.0
5000013611,20250206,1,1042,1,,3,12000.0,3600.0,32400.0
5000015545,20250206,1,619,2,1.0,1,12000.0,600.0,11400.0
5000015546,20250206,2,619,2,1.0,3,15000.0,900.0,44100.0
5000015547,20250206,2,619,2,1.0,2,15000.0,600.0,29400.0
5000015905,20250206,1,323,1,,3,13200.0,1980.0,37620.0
5000001576,20250207,2,1224,1,,1,13500.0,0.0,13500.0
5000001929,20250207,1,642,1,,2,12600.0,0.0,25200.0
5000001930,20250207,1,642,1,,2,12000.0,480.0,23520.0
5000002437,20250207,1,388,1,,1,13200.0,264.0,12936.0
5000003427,20250207,2,687,2,3.0,1,15000.0,1500.0,13500.0
5000004316,20250207,2,401,1,,2,15000.0,1500.0,28500.0
5000005202,20250207,2,190,2,4.0,1,15000.0,0.0,15000.0
5000006726,20250207,2,497,1,,3,15000.0,900.0,44100.0
5000007122,20250207,1,846,1,,1,12000.0,1200.0,10800.0
5000007163,20250207,2,1322,1,,3,15000.0,2250.0,42750.0
5000008022,20250207,2,333,1,,2,15750.0,630.0,30870.0
5000008203,20250207,2,1213,1,,1,15000.0,0.0,15000.0
5000010560,20250207,1,611,1,,3,12000.0,1800.0,34200.0
5000010561,20250207,1,611,1,,1,12000.0,600.0,11400.0
5000010568,20250207,1,1048,1,,3,12000.0,720.0,35280.0
5000010678,20250207,1,544,1,,3,12000.0,1800.0,34200.0
5000014470,20250207,1,389,1,,3,12000.0,1800.0,34200.0
5000014983,20250207,2,1487,2,2.0,1,16500.0,330.0,16170.0
5000015069,20250207,1,453,2,4.0,2,12000.0,2400.0,21600.0
5000015339,20250207,1,547,2,2.0,1,12000.0,1200.0,10800.0
5000015780,20250207,2,314,2,3.0,1,16500.0,0.0,16500.0
5000000148,20250208,2,801,1,,1,15000.0,0.0,15000.0
5000000672,20250208,1,511,1,,2,12000.0,1200.0,22800.0
5000001151,20250208,1,555,2,4.0,2,10800.0,432.0,21168.0
5000001802,20250208,1,993,2,1.0,1,10800.0,540.0,10260.0
5000001803,20250208,1,993,2,1.0,3,12000.0,0.0,36000.0
5000002077,20250208,2,1263,1,,2,15000.0,3000.0,27000.0
5000005848,20250208,2,1262,1,,1,15000.0,0.0,15000.0
5000005849,20250208,1,1262,1,,1,10800.0,540.0,10260.0
5000006589,20250208,1,401,2,2.0,2,12000.0,480.0,23520.0
5000007064,20250208,2,303,1,,3,15000.0,2250.0,42750.0
5000008317,20250208,1,271,2,4.0,2,12000.0,480.0,23520.0
5000008393,20250208,1,145,1,,1,10800.0,540.0,10260.0
5000009766,20250208,1,1047,1,,3,12000.0,1800.0,34200.0
5000011716,20250208,1,726,1,,1,12000.0,600.0,11400.0
5000014311,20250208,2,1343,1,,3,15000.0,2250.0,42750.0
5000014312,20250208,1,1343,1,,3,12600.0,3780.0,34020.0
5000014313,20250208,2,1343,1,,3,15000.0,900.0,44100.0
5000015368,20250208,2,589,1,,3,15750.0,0.0,47250.0
5000015369,20250208,2,589,1,,1,15000.0,1500.0,13500.0
5000015370,20250208,1,589,1,,2,12000.0,2400.0,21600.0
5000015518,20250208,1,647,1,,1,12600.0,0.0,12600.0
5000001501,20250209,1,1098,2,2.0,3,10800.0,0.0,32400.0
5000001850,20250209,1,385,1,,1,13200.0,264.0,12936.0
5000001851,20250209,2,385,1,,2,15000.0,0.0,30000.0
5000002104,20250209,2,383,1,,2,13500.0,0.0,27000.0
5000002234,20250209,1,899,1,,2,12600.0,504.0,24696.0
5000002235,20250209,1,899,1,,3,10800.0,648.0,31752.0
5000003435,20250209,2,789,1,,3,15000.0,0.0,45000.0
5000003436,20250209,1,789,1,,2,12000.0,0.0,24000.0
5000003437,20250209,2,789,1,,1,13500.0,0.0,13500.0
5000005698,20250209,2,887,1,,1,16500.0,330.0,16170.0
5000005959,20250209,1,1481,1,,2,12600.0,504.0,24696.0
5000005983,20250209,2,207,1,,3,16500.0,0.0,49500.0
5000006070,20250209,1,661,2,2.0,2,13200.0,0.0,26400.0
5000006251,20250209,1,1033,2,1.0,2,12600.0,504.0,24696.0
5000006309,20250209,2,229,2,2.0,2,15000.0,3000.0,27000.0
5000006731,20250209,1,694,2,4.0,1,12000.0,0.0,12000.0
5000006732,20250209,1,694,2,4.0,2,12000.0,480.0,23520.0
5000007216,20250209,1,758,2,1.0,2,12000.0,2400.0,21600.0
5000007735,20250209,1,209,1,,3,12000.0,3600.0,32400.0
5000008531,20250209,1,764,2,4.0,1,12600.0,630.0,11970.0
5000008775,20250209,2,799,1,,1,15750.0,787.5,14962.5
5000008776,20250209,2,799,1,,1,15000.0,1500.0,13500.0
5000010804,20250209,1,118,2,3.0,1,12000.0,0.0,12000.0
5000010908,20250209,1,1145,2,3.0,3,12000.0,3600.0,32400.0
5000011832,20250209,1,208,2,4.0,1,12000.0,0.0,12000.0
5000015656,20250209,1,1141,2,2.0,1,12000.0,0.0,12000.0
5000015868,20250209,1,896,1,,1,12000.0,240.0,11760.0
5000016100,20250209,2,580,1,,3,16500.0,990.0,48510.0
5000016101,20250209,2,580,1,,2,15000.0,0.0,30000.0
5000016102,20250209,1,580,1,,1,12000.0,0.0,12000.0
5000000444,20250210,2,130,1,,3,13500.0,2025.0,38475.0
5000000445,20250210,2,130,1,,2,15000.0,1500.0,28500.0
5000001377,20250210,2,104,2,2.0,2,15000.0,600.0,29400.0
5000001727,20250210,1,214,1,,1,12000.0,1200.0,10800.0
5000001728,20250210,1,214,1,,3,10800.0,3240.0,29160.0
5000002834,20250210,1,526,1,,3,12000.0,1800.0,34200.0
5000003074,20250210,2,304,2,3.0,1,15000.0,300.0,14700.0
5000003406,20250210,1,860,2,4.0,2,13200.0,528.0,25872.0
5000003407,20250210,1,860,2,4.0,1,12000.0,600.0,11400.0
5000003793,20250210,1,448,1,,2,12600.0,2520.0,22680.0
5000003794,20250210,1,448,1,,2,10800.0,0.0,21600.0
5000004183,20250210,2,1367,2,4.0,1,15000.0,1500.0,13500.0
5000004184,20250210,2,1367,2,4.0,1,13500.0,270.0,13230.0
5000005425,20250210,1,333,1,,2,12600.0,1260.0,23940.0
5000005568,20250210,2,369,1,,1,15000.0,1500.0,13500.0
5000005967,20250210,1,1363,1,,1,13200.0,0.0,13200.0
5000006734,20250210,1,434,1,,2,12000.0,0.0,24000.0
5000007800,20250210,2,468,1,,1,15000.0,750.0,14250.0
5000008087,20250210,1,939,1,,3,12000.0,720.0,35280.0
5000008540,20250210,1,1135,1,,2,12000.0,480.0,23520.0
5000009269,20250210,1,718,2,2.0,1,12000.0,600.0,11400.0
5000009626,20250210,1,705,2,2.0,3,13200.0,3960.0,35640.0
5000009627,20250210,2,705,2,2.0,2,15000.0,1500.0,28500.0
5000013779,20250210,2,446,1,,1,15750.0,1575.0,14175.0
5000014865,20250210,2,951,1,,1,15000.0,300.0,14700.0
5000001031,20250211,1,435,2,1.0,1,10800.0,0.0,10800.0
5000001390,20250211,1,1072,2,4.0,2,12000.0,0.0,24000.0
5000001426,20250211,2,1248,1,,2,13500.0,1350.0,25650.0
5000003859,20250211,2,1195,2,4.0,1,15000.0,1500.0,13500.0
5000003860,20250211,1,1195,2,4.0,1,12000.0,600.0,11400.0
5000004691,20250211,1,655,2,3.0,3,12000.0,1800.0,34200.0
5000004692,20250211,1,655,2,3.0,3,12000.0,1800.0,34200.0
5000007637,20250211,1,166,1,,1,12600.0,252.0,12348.0
5000009530,20250211,2,49,1,,1,15000.0,1500.0,13500.0
5000011102,20250211,1,256,2,4.0,1,12600.0,0.0,12600.0
5000011103,20250211,1,256,2,4.0,3,12000.0,720.0,35280.0
5000011417,20250211,1,643,1,,3,12000.0,1800.0,34200.0
5000011418,20250211,2,643,1,,2,15000.0,3000.0,27000.0
5000011518,20250211,2,719,1,,2,16500.0,3300.0,29700.0
5000011519,20250211,1,719,1,,2,13200.0,1320.0,25080.0
5000012361,20250211,1,528,1,,2,12000.0,0.0,24000.0
5000012362,20250211,1,528,1,,1,12000.0,600.0,11400.0
5000012388,20250211,2,914,1,,3,15000.0,900.0,44100.0
5000013304,20250211,1,188,1,,1,10800.0,1080.0,9720.0
5000013305,20250211,2,188,1,,2,15000.0,0.0,30000.0
5000013447,20250211,1,564,2,4.0,3,12000.0,3600.0,32400.0
5000013745,20250211,2,714,1,,3,15000.0,4500.0,40500.0
5000013746,20250211,1,714,1,,1,12000.0,0.0,12000.0
5000015758,20250211,1,1434,1,,3,10800.0,648.0,31752.0
5000015759,20250211,2,1434,1,,2,15000.0,1500.0,28500.0
5000015773,20250211,1,627,1,,2,10800.0,0.0,21600.0
5000000252,20250212,1,48,2,1.0,3,12000.0,3600.0,32400.0
5000001133,20250212,1,1104,1,,2,10800.0,1080.0,20520.0
5000001213,20250212,2,641,1,,1,15000.0,0.0,15000.0
5000001214,20250212,2,641,1,,1,15000.0,750.0,14250.0
5000001371,20250212,2,1288,1,,1,15750.0,0.0,15750.0
5000002258,20250212,2,77,2,3.0,1,16500.0,330.0,16170.0
5000004664,20250212,1,1395,2,3.0,2,10800.0,0.0,21600.0
5000005142,20250212,1,320,1,,2,12000.0,480.0,23520.0
5000005143,20250212,2,320,1,,3,15000.0,4500.0,40500.0
5000005604,20250212,2,724,1,,3,15000.0,2250.0,42750.0
5000005857,20250212,1,1126,1,,2,12000.0,1200.0,22800.0
5000006505,20250212,2,81,1,,2,16500.0,0.0,33000.0
5000006896,20250212,2,606,1,,3,13500.0,810.0,39690.0
5000007855,20250212,2,697,1,,1,13500.0,270.0,13230.0
5000007856,20250212,2,697,1,,1,13500.0,270.0,13230.0
5000007866,20250212,2,277,1,,2,16500.0,3300.0,29700.0
5000007867,20250212,2,277,1,,1,15000.0,750.0,14250.0
5000008504,20250212,1,1263,1,,2,12000.0,2400.0,21600.0
5000009866,20250212,2,448,1,,1,15000.0,750.0,14250.0
5000012059,20250212,2,861,1,,3,13500.0,810.0,39690.0
5000012641,20250212,2,712,2,3.0,2,13500.0,540.0,26460.0
5000013672,20250212,2,1463,1,,3,15750.0,2362.5,44887.5
5000014909,20250212,1,1010,1,,2,12000.0,2400.0,21600.0
5000015233,20250212,2,519,1,,2,13500.0,1350.0,25650.0
5000015998,20250212,2,366,1,,3,15000.0,2250.0,42750.0
5000016097,20250212,2,272,1,,2,15000.0,1500.0,28500.0
5000016098,20250212,2,272,1,,2,15000.0,600.0,29400.0
5000001960,20250213,1,670,1,,2,12000.0,0.0,24000.0
5000002821,20250213,1,937,2,4.0,2,12000.0,480.0,23520.0
5000004252,20250213,1,692,1,,3,12000.0,1800.0,34200.0
5000004298,20250213,1,342,1,,1,12000.0,0.0,12000.0
5000004299,20250213,2,342,1,,1,15000.0,0.0,15000.0
5000004586,20250213,1,1389,1,,1,12000.0,1200.0,10800.0
5000004594,20250213,2,847,1,,2,15750.0,1575.0,29925.0
5000004595,20250213,1,847,1,,2,12000.0,0.0,24000.0
5000006886,20250213,1,1156,1,,3,12000.0,3600.0,32400.0
5000006887,20250213,1,1156,1,,3,12600.0,0.0,37800.0
5000009842,20250213,1,531,1,,3,12000.0,1800.0,34200.0
5000009923,20250213,2,181,1,,1,13500.0,0.0,13500.0
5000009924,20250213,2,181,1,,3,15000.0,4500.0,40500.0
5000010831,20250213,1,1258,1,,2,10800.0,2160.0,19440.0
5000011624,20250213,2,130,2,4.0,2,13500.0,540.0,26460.0
5000013935,20250213,2,109,2,4.0,3,15000.0,900.0,44100.0
5000014836,20250213,1,611,1,,3,12000.0,720.0,35280.0
5000001822,20250214,2,1340,2,1.0,1,13500.0,0.0,13500.0
5000001823,20250214,1,1340,2,1.0,3,10800.0,648.0,31752.0
5000002958,20250214,1,1412,2,4.0,1,12600.0,1260.0,11340.0
5000008304,20250214,2,1388,1,,1,15750.0,787.5,14962.5
5000008305,20250214,2,1388,1,,3,15000.0,2250.0,42750.0
5000008614,20250214,1,1004,1,,3,13200.0,0.0,39600.0
5000009326,20250214,1,993,1,,2,12000.0,1200.0,22800.0
5000009327,20250214,2,993,1,,2,13500.0,2700.0,24300.0
5000010244,20250214,2,585,2,1.0,1,15000.0,0.0,15000.0
5000010245,20250214,1,585,2,1.0,1,12600.0,252.0,12348.0
5000012679,20250214,2,667,1,,1,15000.0,750.0,14250.0
5000013320,20250214,2,66,1,,1,15000.0,300.0,14700.0
5000013537,20250214,1,1396,1,,3,12000.0,720.0,35280.0
5000013679,20250214,2,57,1,,3,16500.0,4950.0,44550.0
5000014471,20250214,1,150,1,,2,10800.0,1080.0,20520.0
5000014472,20250214,1,150,1,,3,13200.0,0.0,39600.0
5000014473,20250214,2,150,1,,3,15000.0,4500.0,40500.0
5000015073,20250214,1,72,2,4.0,1,12000.0,1200.0,10800.0
5000015291,20250214,1,637,2,3.0,2,13200.0,528.0,25872.0
5000015559,20250214,1,340,1,,2,10800.0,0.0,21600.0
5000015560,20250214,1,340,1,,3,12000.0,1800.0,34200.0
5000016032,20250214,2,652,1,,1,16500.0,330.0,16170.0
5000001141,20250215,2,412,1,,3,15000.0,0.0,45000.0
5000001553,20250215,2,951,1,,1,15000.0,0.0,15000.0
5000002806,20250215,1,463,1,,3,13200.0,1980.0,37620.0
5000003334,20250215,1,444,1,,2,13200.0,528.0,25872.0
5000004290,20250215,1,1056,1,,3,10800.0,3240.0,29160.0
5000004427,20250215,2,1390,2,3.0,2,15000.0,0.0,30000.0
5000005428,20250215,1,481,1,,2,13200.0,0.0,26400.0
5000005728,20250215,1,892,2,3.0,3,12600.0,756.0,37044.0
5000005729,20250215,2,892,2,3.0,1,15000.0,0.0,15000.0
5000005839,20250215,2,488,2,1.0,2,16500.0,3300.0,29700.0
5000005926,20250215,1,546,1,,1,10800.0,540.0,10260.0
5000006087,20250215,2,394,2,1.0,2,15000.0,3000.0,27000.0
5000006088,20250215,1,394,2,1.0,3,12000.0,1800.0,34200.0
5000006450,20250215,2,1324,1,,3,15000.0,2250.0,42750.0
5000006508,20250215,2,77,2,2.0,1,15000.0,0.0,15000.0
5000006957,20250215,2,949,1,,3,15000.0,4500.0,40500.0
5000009073,20250215,2,122,1,,1,15000.0,750.0,14250.0
5000009222,20250215,1,87,1,,2,12000.0,480.0,23520.0
5000009746,20250215,2,667,2,3.0,3,15000.0,0.0,45000.0
5000011300,20250215,2,1256,1,,2,15750.0,1575.0,29925.0
5000011301,20250215,1,1256,1,,3,12000.0,3600.0,32400.0
5000012088,20250215,2,416,2,1.0,3,13500.0,0.0,40500.0
5000012389,20250215,1,469,1,,1,12600.0,630.0,11970.0
5000012390,20250215,2,469,1,,1,15000.0,750.0,14250.0
5000015067,20250215,1,1060,1,,3,12000.0,3600.0,32400.0
5000000476,20250216,2,435,1,,2,15750.0,3150.0,28350.0
5000001238,20250216,1,186,1,,2,12000.0,0.0,24000.0
5000001766,20250216,1,498,1,,1,12000.0,600.0,11400.0
5000002038,20250216,2,656,2,4.0,2,16500.0,660.0,32340.0
5000002527,20250216,2,883,1,,2,15000.0,1500.0,28500.0
5000003451,20250216,2,1306,1,,3,15750.0,945.0,46305.0
5000003749,20250216,2,694,2,2.0,2,13500.0,0.0,27000.0
5000003834,20250216,2,4,1,,1,15000.0,0.0,15000.0
5000004092,20250216,2,209,1,,2,15000.0,1500.0,28500.0
5000004755,20250216,1,204,1,,3,12000.0,3600.0,32400.0
5000004965,20250216,1,831,1,,2,10800.0,0.0,21600.0
5000004966,20250216,2,831,1,,3,15000.0,900.0,44100.0
5000006867,20250216,1,671,1,,3,12600.0,756.0,37044.0
5000006868,20250216,1,671,1,,2,12600.0,504.0,24696.0
5000007955,20250216,1,1225,2,1.0,3,12000.0,0.0,36000.0
5000007956,20250216,1,1225,2,1.0,3,12000.0,0.0,36000.0
5000009792,20250216,1,1463,2,4.0,2,12600.0,0.0,25200.0
5000011658,20250216,1,237,1,,3,12000.0,0.0,36000.0
5000011738,20250216,1,1014,2,2.0,1,10800.0,540.0,10260.0
5000012693,20250216,1,809,1,,2,12000.0,0.0,24000.0
5000014550,20250216,2,767,2,4.0,1,15000.0,750.0,14250.0
5000014787,20250216,1,115,1,,1,12000.0,1200.0,10800.0
5000014788,20250216,2,115,1,,2,15000.0,3000.0,27000.0
5000014789,20250216,2,115,1,,2,15750.0,3150.0,28350.0
5000015919,20250216,1,539,1,,3,12600.0,3780.0,34020.0
5000015920,20250216,1,539,1,,2,12000.0,480.0,23520.0
5000000193,20250217,2,645,2,3.0,1,13500.0,270.0,13230.0
5000001079,20250217,1,958,2,4.0,1,12000.0,0.0,12000.0
5000001603,20250217,2,608,1,,1,15750.0,0.0,15750.0
5000001630,20250217,1,122,1,,1,12600.0,1260.0,11340.0
5000001631,20250217,2,122,1,,1,15000.0,0.0,15000.0
5000003469,20250217,1,1206,2,1.0,2,12000.0,0.0,24000.0
5000003470,20250217,1,1206,2,1.0,1,12600.0,252.0,12348.0
5000004797,20250217,1,1176,2,4.0,1,13200.0,1320.0,11880.0
5000004798,20250217,2,1176,2,4.0,3,15000.0,2250.0,42750.0
5000006838,20250217,1,1129,2,1.0,3,12000.0,1800.0,34200.0
5000007329,20250217,1,38,1,,3,12000.0,720.0,35280.0
5000007330,20250217,2,38,1,,1,15000.0,750.0,14250.0
5000007487,20250217,2,429,1,,1,15000.0,300.0,14700.0
5000007844,20250217,1,46,2,1.0,3,12000.0,720.0,35280.0
5000008789,20250217,2,597,2,4.0,3,15000.0,4500.0,40500.0
5000010404,20250217,1,716,1,,3,12000.0,3600.0,32400.0
5000010405,20250217,1,716,1,,3,12000.0,1800.0,34200.0
5000010634,20250217,2,254,1,,1,15000.0,1500.0,13500.0
5000013665,20250217,1,102,1,,2,12000.0,480.0,23520.0
5000013666,20250217,2,102,1,,1,15000.0,1500.0,13500.0
5000013729,20250217,1,677,1,,3,12600.0,3780.0,34020.0
5000013967,20250217,1,1348,1,,1,12000.0,600.0,11400.0
5000014577,20250217,2,242,2,1.0,1,13500.0,1350.0,12150.0
5000014652,20250217,1,851,1,,1,13200.0,264.0,12936.0
5000014757,20250217,1,928,1,,3,10800.0,1620.0,30780.0
5000014758,20250217,1,928,1,,1,12000.0,600.0,11400.0
5000015200,20250217,2,750,1,,2,13500.0,0.0,27000.0
5000015201,20250217,1,750,1,,3,12000.0,720.0,35280.0
5000015226,20250217,1,850,1,,2,12000.0,0.0,24000.0
5000015227,20250217,2,850,1,,2,15000.0,3000.0,27000.0
5000015974,20250217,1,3,2,4.0,2,10800.0,0.0,21600.0
5000000286,20250218,1,945,1,,1,12000.0,240.0,11760.0
5000001375,20250218,1,1206,1,,1,12000.0,240.0,11760.0
5000001376,20250218,1,1206,1,,1,12000.0,0.0,12000.0
5000002322,20250218,1,650,2,4.0,2,10800.0,432.0,21168.0
5000003389,20250218,1,81,1,,3,12600.0,3780.0,34020.0
5000004108,20250218,2,481,1,,3,15000.0,4500.0,40500.0
5000004351,20250218,1,427,1,,2,10800.0,2160.0,19440.0
5000005357,20250218,2,752,1,,3,16500.0,0.0,49500.0
5000005748,20250218,1,791,1,,1,12000.0,1200.0,10800.0
5000010182,20250218,1,1002,1,,2,10800.0,1080.0,20520.0
5000011533,20250218,2,185,2,3.0,1,15000.0,1500.0,13500.0
5000011836,20250218,2,838,1,,1,15000.0,1500.0,13500.0
5000012302,20250218,1,1246,1,,1,12000.0,0.0,12000.0
5000012303,20250218,1,1246,1,,3,13200.0,1980.0,37620.0
5000012471,20250218,2,432,2,4.0,1,15000.0,0.0,15000.0
5000012472,20250218,1,432,2,4.0,1,12000.0,0.0,12000.0
5000013730,20250218,1,26,1,,2,12000.0,2400.0,21600.0
5000000028,20250219,2,753,2,2.0,2,15750.0,630.0,30870.0
5000000029,20250219,1,753,2,2.0,3,12000.0,0.0,36000.0
5000000778,20250219,2,99,1,,2,15000.0,0.0,30000.0
5000000779,20250219,1,99,1,,1,12000.0,240.0,11760.0
5000000780,20250219,1,99,1,,2,12000.0,0.0,24000.0
5000000873,20250219,2,527,2,1.0,2,15750.0,3150.0,28350.0
5000000919,20250219,1,97,2,3.0,3,12600.0,1890.0,35910.0
5000001535,20250219,1,1360,1,,1,12000.0,0.0,12000.0
5000001993,20250219,1,404,1,,3,12600.0,756.0,37044.0
5000003689,20250219,1,549,1,,3,10800.0,648.0,31752.0
5000003711,20250219,1,684,2,2.0,1,12000.0,0.0,12000.0
5000004786,20250219,2,1328,2,4.0,1,15000.0,300.0,14700.0
5000005339,20250219,1,1001,1,,1,10800.0,540.0,10260.0
5000006079,20250219,1,1232,2,4.0,3,12000.0,3600.0,32400.0
5000006080,20250219,1,1232,2,4.0,1,12000.0,1200.0,10800.0
5000006118,20250219,2,177,1,,1,15750.0,1575.0,14175.0
5000006119,20250219,1,177,1,,3,12600.0,1890.0,35910.0
5000006627,20250219,2,578,1,,1,15000.0,300.0,14700.0
5000006628,20250219,1,578,1,,1,12000.0,1200.0,10800.0
5000010024,20250219,2,594,2,3.0,1,15000.0,300.0,14700.0
5000012990,20250219,2,195,1,,2,13500.0,540.0,26460.0
5000012991,20250219,2,195,1,,1,15750.0,1575.0,14175.0
5000014051,20250219,1,862,1,,3,12000.0,0.0,36000.0
5000001779,20250220,1,468,1,,2,12000.0,480.0,23520.0
5000001780,20250220,1,468,1,,3,12000.0,720.0,35280.0
5000002341,20250220,1,1324,2,4.0,1,12000.0,240.0,11760.0
5000002920,20250220,2,1376,2,3.0,2,15000.0,1500.0,28500.0
5000003925,20250220,1,687,2,4.0,1,12600.0,252.0,12348.0
5000004284,20250220,1,1206,1,,2,12600.0,0.0,25200.0
5000004968,20250220,1,666,1,,1,13200.0,0.0,13200.0
5000005052,20250220,1,1454,1,,3,12600.0,0.0,37800.0
5000006115,20250220,2,1076,1,,1,15000.0,300.0,14700.0
5000006153,20250220,2,657,2,1.0,2,15000.0,0.0,30000.0
5000006840,20250220,2,6,2,2.0,2,16500.0,0.0,33000.0
5000007327,20250220,2,642,1,,2,13500.0,540.0,26460.0
5000007328,20250220,1,642,1,,1,12000.0,600.0,11400.0
5000008729,20250220,2,1313,1,,1,15000.0,0.0,15000.0
5000009588,20250220,2,297,2,1.0,2,15000.0,3000.0,27000.0
5000009589,20250220,2,297,2,1.0,3,15000.0,4500.0,40500.0
5000010991,20250220,1,1493,1,,2,12000.0,480.0,23520.0
5000011046,20250220,2,149,1,,3,15000.0,4500.0,40500.0
5000011255,20250220,1,889,1,,1,12000.0,0.0,12000.0
5000012393,20250220,2,795,1,,2,15000.0,3000.0,27000.0
5000013846,20250220,1,1424,1,,3,12000.0,720.0,35280.0
5000014194,20250220,1,166,2,2.0,1,12000.0,600.0,11400.0
5000014195,20250220,1,166,2,2.0,1,12000.0,1200.0,10800.0
5000014383,20250220,2,982,1,,3,16500.0,4950.0,44550.0
5000015021,20250220,1,1026,1,,1,12000.0,240.0,11760.0
5000015033,20250220,1,774,1,,2,13200.0,528.0,25872.0
5000015034,20250220,1,774,1,,2,12600.0,1260.0,23940.0
5000000082,20250221,2,338,2,4.0,1,15000.0,750.0,14250.0
5000000083,20250221,2,338,2,4.0,1,15750.0,1575.0,14175.0
5000000310,20250221,1,680,1,,1,13200.0,264.0,12936.0
5000000311,20250221,1,680,1,,2,12000.0,0.0,24000.0
5000000713,20250221,1,1167,1,,2,10800.0,1080.0,20520.0
5000000854,20250221,1,1417,2,2.0,1,12600.0,252.0,12348.0
5000002988,20250221,2,1442,2,1.0,3,13500.0,0.0,40500.0
5000003948,20250221,2,346,2,3.0,2,15000.0,1500.0,28500.0
5000004930,20250221,1,150,1,,2,10800.0,432.0,21168.0
5000006074,20250221,1,960,1,,3,10800.0,3240.0,29160.0
5000006174,20250221,2,306,1,,1,15000.0,300.0,14700.0
5000006500,20250221,1,861,1,,2,13200.0,1320.0,25080.0
5000007077,20250221,1,1315,2,1.0,3,12000.0,3600.0,32400.0
5000007078,20250221,1,1315,2,1.0,3,12000.0,3600.0,32400.0
5000007153,20250221,2,1082,1,,1,15000.0,1500.0,13500.0
5000008473,20250221,2,1034,2,4.0,2,15000.0,600.0,29400.0
5000008474,20250221,1,1034,2,4.0,3,12600.0,0.0,37800.0
5000009978,20250221,1,1366,2,3.0,2,13200.0,1320.0,25080.0
5000010359,20250221,2,1302,2,3.0,3,15000.0,900.0,44100.0
5000011597,20250221,2,684,2,2.0,3,15000.0,2250.0,42750.0
5000013139,20250221,1,509,2,3.0,2,12600.0,1260.0,23940.0
5000013817,20250221,2,1368,2,3.0,1,16500.0,825.0,15675.0
5000014116,20250221,1,263,2,4.0,3,13200.0,1980.0,37620.0
5000000223,20250222,1,436,1,,3,12000.0,0.0,36000.0
5000000224,20250222,2,436,1,,2,15000.0,3000.0,27000.0
5000000564,20250222,2,1419,1,,2,15000.0,3000.0,27000.0
5000000565,20250222,2,1419,1,,2,15000.0,1500.0,28500.0
5000002796,20250222,2,611,2,2.0,2,15000.0,600.0,29400.0
5000003512,20250222,2,24,1,,2,15000.0,1500.0,28500.0
5000003902,20250222,1,1206,1,,3,12000.0,3600.0,32400.0
5000003903,20250222,2,1206,1,,1,15000.0,750.0,14250.0
5000004123,20250222,1,709,1,,1,12000.0,0.0,12000.0
5000004733,20250222,2,1336,2,1.0,3,16500.0,0.0,49500.0
5000006394,20250222,1,1209,1,,2,12000.0,2400.0,21600.0
5000008012,20250222,1,562,2,2.0,1,10800.0,540.0,10260.0
5000008425,20250222,2,1366,1,,2,15000.0,600.0,29400.0
5000010114,20250222,1,597,2,2.0,2,12000.0,1200.0,22800.0
5000010206,20250222,1,1000,2,2.0,3,12000.0,1800.0,34200.0
5000010248,20250222,2,838,1,,3,15000.0,0.0,45000.0
5000010476,20250222,1,1394,1,,1,12600.0,252.0,12348.0
5000013658,20250222,2,1203,1,,2,13500.0,540.0,26460.0
5000013659,20250222,2,1203,1,,2,15750.0,0.0,31500.0
5000013663,20250222,2,1107,2,3.0,1,13500.0,1350.0,12150.0
5000013736,20250222,2,169,2,3.0,3,15000.0,0.0,45000.0
5000013767,20250222,2,168,1,,3,15000.0,900.0,44100.0
5000015678,20250222,2,67,2,1.0,1,13500.0,0.0,13500.0
5000015804,20250222,2,31,1,,1,15000.0,750.0,14250.0
5000016148,20250222,1,1288,1,,3,13200.0,0.0,39600.0
5000000419,20250223,2,7,2,2.0,2,15750.0,1575.0,29925.0
5000001060,20250223,1,765,1,,1,12600.0,1260.0,11340.0
5000001061,20250223,1,765,1,,1,12000.0,1200.0,10800.0
5000001121,20250223,2,172,2,3.0,1,13500.0,270.0,13230.0
5000001146,20250223,2,1259,1,,2,15000.0,0.0,30000.0
5000001147,20250223,1,1259,1,,1,10800.0,216.0,10584.0
5000001763,20250223,1,186,1,,1,12000.0,0.0,12000.0
5000002726,20250223,2,27,1,,3,16500.0,4950.0,44550.0
5000003643,20250223,1,176,1,,2,12000.0,2400.0,21600.0
5000003644,20250223,2,176,1,,3,16500.0,2475.0,47025.0
5000004317,20250223,1,609,2,4.0,2,12000.0,0.0,24000.0
5000005008,20250223,1,910,1,,2,10800.0,432.0,21168.0
5000005528,20250223,1,627,2,1.0,2,12000.0,0.0,24000.0
5000006529,20250223,2,1351,2,1.0,1,15000.0,300.0,14700.0
5000007816,20250223,2,279,2,3.0,1,15000.0,750.0,14250.0
5000007892,20250223,1,1103,2,1.0,1,12000.0,0.0,12000.0
5000008364,20250223,1,1224,2,4.0,3,10800.0,1620.0,30780.0
5000009035,20250223,1,1331,1,,1,12000.0,600.0,11400.0
5000009061,20250223,1,403,1,,3,12000.0,0.0,36000.0
5000010366,20250223,2,466,2,4.0,3,15000.0,0.0,45000.0
5000010367,20250223,1,466,2,4.0,1,12600.0,0.0,12600.0
5000010465,20250223,1,592,2,4.0,1,12000.0,600.0,11400.0
5000010466,20250223,1,592,2,4.0,1,12600.0,1260.0,11340.0
5000010814,20250223,1,879,1,,2,10800.0,1080.0,20520.0
5000011745,20250223,2,123,1,,1,15000.0,1500.0,13500.0
5000011746,20250223,1,123,1,,1,12000.0,0.0,12000.0
5000012667,20250223,1,801,2,4.0,1,12000.0,1200.0,10800.0
5000013538,20250223,1,1160,1,,1,12000.0,0.0,12000.0
5000013899,20250223,1,515,2,4.0,2,12000.0,480.0,23520.0
5000014519,20250223,2,658,1,,2,15000.0,3000.0,27000.0
5000015516,20250223,2,162,1,,1,15750.0,315.0,15435.0
5000015517,20250223,2,162,1,,2,15750.0,630.0,30870.0
5000000846,20250224,1,809,2,1.0,3,12000.0,1800.0,34200.0
5000000847,20250224,1,809,2,1.0,1,12000.0,240.0,11760.0
5000000848,20250224,1,809,2,1.0,2,12600.0,504.0,24696.0
5000000968,20250224,1,814,2,3.0,1,12000.0,1200.0,10800.0
5000000989,20250224,1,955,2,2.0,1,12600.0,0.0,12600.0
5000001427,20250224,2,513,2,3.0,3,13500.0,0.0,40500.0
5000001679,20250224,1,658,1,,2,10800.0,0.0,21600.0
5000001680,20250224,2,658,1,,2,16500.0,3300.0,29700.0
5000001914,20250224,2,185,1,,1,15000.0,300.0,14700.0
5000001915,20250224,1,185,1,,1,10800.0,1080.0,9720.0
5000001990,20250224,1,1029,1,,3,10800.0,0.0,32400.0
5000003538,20250224,2,87,1,,1,16500.0,1650.0,14850.0
5000004971,20250224,1,1412,1,,1,12000.0,240.0,11760.0
5000006215,20250224,2,956,1,,1,15750.0,1575.0,14175.0
5000006272,20250224,1,467,1,,2,12000.0,2400.0,21600.0
5000006273,20250224,2,467,1,,1,15750.0,1575.0,14175.0
5000007011,20250224,1,711,2,3.0,2,13200.0,528.0,25872.0
5000007278,20250224,1,1469,2,4.0,3,12000.0,1800.0,34200.0
5000007436,20250224,1,547,2,3.0,2,12000.0,480.0,23520.0
5000009755,20250224,1,850,2,1.0,3,10800.0,1620.0,30780.0
5000009874,20250224,2,118,2,2.0,3,13500.0,4050.0,36450.0
5000011158,20250224,1,116,1,,2,13200.0,1320.0,25080.0
5000011319,20250224,2,516,2,1.0,1,15750.0,787.5,14962.5
5000011320,20250224,1,516,2,1.0,3,12000.0,720.0,35280.0
5000012098,20250224,2,361,1,,2,13500.0,0.0,27000.0
5000013035,20250224,2,659,1,,3,15000.0,0.0,45000.0
5000013965,20250224,1,570,1,,3,12600.0,756.0,37044.0
5000014961,20250224,1,171,1,,3,12000.0,720.0,35280.0
5000014962,20250224,2,171,1,,1,15750.0,315.0,15435.0
5000015275,20250224,2,686,2,2.0,1,15000.0,750.0,14250.0
5000000239,20250225,2,1347,2,2.0,1,16500.0,1650.0,14850.0
5000001188,20250225,1,771,2,1.0,1,12600.0,1260.0,11340.0
5000001605,20250225,1,980,2,1.0,2,12000.0,0.0,24000.0
5000001606,20250225,2,980,2,1.0,2,15750.0,3150.0,28350.0
5000002862,20250225,1,1188,1,,2,12600.0,0.0,25200.0
5000003706,20250225,1,258,1,,2,10800.0,0.0,21600.0
5000004449,20250225,1,863,2,2.0,1,12000.0,1200.0,10800.0
5000004450,20250225,2,863,2,2.0,1,15750.0,1575.0,14175.0
5000004865,20250225,2,1188,1,,3,15000.0,2250.0,42750.0
5000005369,20250225,2,512,1,,3,15000.0,900.0,44100.0
5000005930,20250225,2,665,1,,1,15750.0,315.0,15435.0
5000006459,20250225,1,337,1,,2,10800.0,2160.0,19440.0
5000007406,20250225,2,710,1,,2,15000.0,3000.0,27000.0
5000008494,20250225,2,1011,1,,1,15000.0,1500.0,13500.0
5000011449,20250225,2,1495,1,,2,15000.0,3000.0,27000.0
5000012753,20250225,1,849,2,4.0,2,12000.0,2400.0,21600.0
5000013939,20250225,1,1254,1,,3,12000.0,1800.0,34200.0
5000013940,20250225,2,1254,1,,1,15000.0,300.0,14700.0
5000013941,20250225,1,1254,1,,3,12000.0,3600.0,32400.0
5000000005,20250226,1,1234,1,,1,12000.0,240.0,11760.0
5000000006,20250226,2,1234,1,,1,15000.0,1500.0,13500.0
5000000387,20250226,2,194,1,,3,15750.0,0.0,47250.0
5000000388,20250226,2,194,1,,2,13500.0,540.0,26460.0
5000001369,20250226,2,92,1,,3,15000.0,4500.0,40500.0
5000001370,20250226,2,92,1,,3,15000.0,0.0,45000.0
5000001664,20250226,1,385,1,,1,12000.0,240.0,11760.0
5000002071,20250226,2,1104,1,,1,13500.0,270.0,13230.0
5000002239,20250226,2,1003,1,,1,15750.0,1575.0,14175.0
5000002330,20250226,1,626,1,,1,12600.0,1260.0,11340.0
5000003186,20250226,2,1025,2,3.0,1,15000.0,0.0,15000.0
5000003781,20250226,1,798,1,,3,13200.0,1980.0,37620.0
5000004022,20250226,2,607,1,,1,15000.0,0.0,15000.0
5000004804,20250226,2,944,1,,1,13500.0,675.0,12825.0
5000005075,20250226,2,1275,2,2.0,1,15750.0,0.0,15750.0
5000005292,20250226,1,1422,2,3.0,2,13200.0,2640.0,23760.0
5000005293,20250226,1,1422,2,3.0,3,12000.0,1800.0,34200.0
5000008444,20250226,2,1476,1,,1,15000.0,0.0,15000.0
5000008742,20250226,2,1345,1,,1,15000.0,0.0,15000.0
5000008743,20250226,2,1345,1,,2,15750.0,630.0,30870.0
5000008795,20250226,1,1106,2,4.0,1,12000.0,0.0,12000.0
5000010431,20250226,1,567,1,,2,13200.0,528.0,25872.0
5000012669,20250226,1,808,1,,1,12600.0,630.0,11970.0
5000013206,20250226,1,725,2,2.0,1,12000.0,1200.0,10800.0
5000013207,20250226,2,725,2,2.0,3,13500.0,810.0,39690.0
5000014804,20250226,2,1472,2,3.0,3,15750.0,4725.0,42525.0
5000014805,20250226,1,1472,2,3.0,2,12000.0,2400.0,21600.0
5000015217,20250226,2,1177,1,,1,15000.0,0.0,15000.0
5000015525,20250226,2,131,1,,3,16500.0,4950.0,44550.0
5000015691,20250226,2,1032,1,,1,15000.0,750.0,14250.0
5000015692,20250226,1,1032,1,,2,12000.0,2400.0,21600.0
5000016111,20250226,1,371,2,2.0,3,12600.0,756.0,37044.0
5000000234,20250227,1,1490,1,,1,12000.0,240.0,11760.0
5000000632,20250227,1,1172,1,,3,12000.0,3600.0,32400.0
5000002145,20250227,2,694,1,,3,16500.0,0.0,49500.0
5000003502,20250227,1,1374,2,3.0,2,12000.0,2400.0,21600.0
5000005362,20250227,1,133,2,4.0,3,12000.0,0.0,36000.0
5000005363,20250227,1,133,2,4.0,2,10800.0,2160.0,19440.0
5000005768,20250227,1,1304,2,1.0,2,10800.0,0.0,21600.0
5000008626,20250227,2,746,1,,1,15000.0,1500.0,13500.0
5000008627,20250227,2,746,1,,3,16500.0,990.0,48510.0
5000009563,20250227,1,1383,2,3.0,2,13200.0,2640.0,23760.0
5000009642,20250227,1,383,1,,3,12600.0,1890.0,35910.0
5000009643,20250227,2,383,1,,3,15000.0,900.0,44100.0
5000009644,20250227,1,383,1,,3,13200.0,3960.0,35640.0
5000009830,20250227,2,1103,1,,2,15750.0,630.0,30870.0
5000009990,20250227,1,1408,2,1.0,1,12600.0,0.0,12600.0
5000011138,20250227,2,655,1,,1,15000.0,0.0,15000.0
5000012055,20250227,1,262,1,,1,13200.0,1320.0,11880.0
5000012056,20250227,1,262,1,,3,13200.0,0.0,39600.0
5000012206,20250227,2,768,1,,1,15000.0,300.0,14700.0
5000013526,20250227,2,1339,2,2.0,1,16500.0,1650.0,14850.0
5000013527,20250227,1,1339,2,2.0,2,12000.0,480.0,23520.0
5000014693,20250227,1,983,2,2.0,3,12000.0,1800.0,34200.0
5000015600,20250227,1,1497,2,3.0,1,13200.0,1320.0,11880.0
5000000156,20250228,1,24,2,2.0,3,12600.0,3780.0,34020.0
5000000157,20250228,2,24,2,2.0,3,15000.0,2250.0,42750.0
5000000263,20250228,2,371,1,,1,15000.0,1500.0,13500.0
5000000264,20250228,2,371,1,,2,16500.0,660.0,32340.0
5000000602,20250228,2,814,1,,3,15750.0,2362.5,44887.5
5000000719,20250228,1,527,1,,2,10800.0,432.0,21168.0
5000000720,20250228,1,527,1,,2,12000.0,2400.0,21600.0
5000001109,20250228,1,303,2,2.0,3,10800.0,0.0,32400.0
5000002818,20250228,1,161,1,,1,12600.0,1260.0,11340.0
5000002923,20250228,2,117,1,,1,15000.0,0.0,15000.0
5000002924,20250228,2,117,1,,2,13500.0,1350.0,25650.0
5000004584,20250228,1,242,1,,2,12000.0,480.0,23520.0
5000004825,20250228,1,86,1,,3,13200.0,0.0,39600.0
5000005854,20250228,2,605,1,,1,13500.0,675.0,12825.0
5000005855,20250228,1,605,1,,1,12000.0,1200.0,10800.0
5000006669,20250228,1,1013,1,,3,12600.0,0.0,37800.0
5000006670,20250228,1,1013,1,,2,12000.0,480.0,23520.0
5000007230,20250228,1,415,1,,3,12000.0,3600.0,32400.0
5000007405,20250228,2,306,2,1.0,3,15000.0,0.0,45000.0
5000007900,20250228,2,990,1,,3,15000.0,4500.0,40500.0
5000008407,20250228,2,521,1,,1,15000.0,1500.0,13500.0
5000008593,20250228,2,267,2,2.0,1,15000.0,750.0,14250.0
5000008935,20250228,2,143,1,,3,16500.0,2475.0,47025.0
5000010907,20250228,1,394,1,,2,10800.0,0.0,21600.0
5000011344,20250228,1,321,2,4.0,2,12000.0,2400.0,21600.0
5000011345,20250228,1,321,2,4.0,1,12600.0,1260.0,11340.0
5000011831,20250228,1,1423,1,,3,12000.0,1800.0,34200.0
5000012364,20250228,1,902,1,,3,12600.0,756.0,37044.0
5000012365,20250228,2,902,1,,2,15000.0,0.0,30000.0
5000013696,20250228,1,282,1,,3,12600.0,3780.0,34020.0
5000016005,20250228,1,1079,1,,1,12000.0,1200.0,10800.0
5000000007,20250301,1,156,1,,1,12000.0,1200.0,10800.0
5000000008,20250301,2,156,1,,1,15000.0,300.0,14700.0
5000000089,20250301,1,1337,1,,1,12000.0,0.0,12000.0
5000000120,20250301,1,655,1,,1,12600.0,252.0,12348.0
5000001796,20250301,1,1176,1,,3,12000.0,1800.0,34200.0
5000002042,20250301,2,305,1,,3,15000.0,2250.0,42750.0
5000002589,20250301,1,1087,2,4.0,1,13200.0,264.0,12936.0
5000002590,20250301,2,1087,2,4.0,3,15000.0,0.0,45000.0
5000003062,20250301,2,498,1,,1,16500.0,1650.0,14850.0
5000004145,20250301,2,154,1,,3,15750.0,0.0,47250.0
5000006911,20250301,1,235,2,3.0,1,12600.0,0.0,12600.0
5000007235,20250301,2,272,1,,3,16500.0,990.0,48510.0
5000007236,20250301,2,272,1,,2,15000.0,3000.0,27000.0
5000008073,20250301,1,210,1,,3,12000.0,3600.0,32400.0
5000008074,20250301,1,210,1,,3,12000.0,720.0,35280.0
5000008315,20250301,2,4,1,,2,15000.0,3000.0,27000.0
5000010786,20250301,1,1473,2,1.0,2,12000.0,0.0,24000.0
5000011243,20250301,1,499,1,,3,12000.0,1800.0,34200.0
5000014511,20250301,2,129,2,4.0,3,13500.0,810.0,39690.0
5000014512,20250301,1,129,2,4.0,3,12000.0,3600.0,32400.0
5000014513,20250301,1,129,2,4.0,3,12600.0,756.0,37044.0
5000000040,20250302,1,441,2,2.0,1,12000.0,240.0,11760.0
5000000716,20250302,1,513,2,4.0,3,12000.0,0.0,36000.0
5000003830,20250302,1,820,2,4.0,1,12000.0,600.0,11400.0
5000004314,20250302,1,1427,2,3.0,2,12000.0,2400.0,21600.0
5000004324,20250302,1,357,2,2.0,2,12000.0,1200.0,22800.0
5000005727,20250302,1,29,1,,1,12600.0,0.0,12600.0
5000005896,20250302,1,1044,1,,1,12600.0,1260.0,11340.0
5000008020,20250302,1,1133,2,2.0,1,12600.0,1260.0,11340.0
5000008628,20250302,1,894,2,1.0,1,13200.0,660.0,12540.0
5000008629,20250302,2,894,2,1.0,3,15000.0,900.0,44100.0
5000009714,20250302,2,826,2,4.0,1,15000.0,750.0,14250.0
5000009715,20250302,1,826,2,4.0,3,12000.0,1800.0,34200.0
5000009864,20250302,1,343,1,,2,12000.0,1200.0,22800.0
5000010620,20250302,1,601,2,3.0,2,12600.0,1260.0,23940.0
5000010919,20250302,2,1253,1,,1,15000.0,300.0,14700.0
5000010931,20250302,2,154,2,4.0,1,15000.0,750.0,14250.0
5000011605,20250302,1,1205,1,,2,12000.0,0.0,24000.0
5000011606,20250302,2,1205,1,,1,15000.0,1500.0,13500.0
5000012016,20250302,1,318,2,1.0,2,12000.0,2400.0,21600.0
5000012139,20250302,1,493,1,,2,12000.0,2400.0,21600.0
5000012140,20250302,2,493,1,,3,15000.0,0.0,45000.0
5000013462,20250302,2,712,1,,1,13500.0,1350.0,12150.0
5000013463,20250302,2,712,1,,1,15000.0,0.0,15000.0
5000014021,20250302,1,898,2,1.0,3,12000.0,3600.0,32400.0
5000014504,20250302,2,668,2,3.0,2,15000.0,1500.0,28500.0
5000001309,20250303,1,1209,2,1.0,1,13200.0,1320.0,11880.0
5000001561,20250303,1,61,1,,1,12000.0,240.0,11760.0
5000001708,20250303,1,650,2,4.0,3,13200.0,3960.0,35640.0
5000002213,20250303,2,282,2,1.0,2,15000.0,600.0,29400.0
5000003547,20250303,1,1066,2,3.0,3,10800.0,1620.0,30780.0
5000003847,20250303,1,334,1,,3,12600.0,3780.0,34020.0
5000003848,20250303,1,334,1,,2,12000.0,2400.0,21600.0
5000005704,20250303,2,698,2,2.0,2,15000.0,1500.0,28500.0
5000006314,20250303,1,210,1,,1,10800.0,216.0,10584.0
5000006315,20250303,2,210,1,,2,15000.0,600.0,29400.0
5000006448,20250303,2,961,1,,2,15750.0,630.0,30870.0
5000007214,20250303,1,623,1,,2,12000.0,0.0,24000.0
5000007215,20250303,1,623,1,,1,10800.0,0.0,10800.0
5000007488,20250303,1,705,1,,1,12000.0,1200.0,10800.0
5000008117,20250303,2,105,2,1.0,3,13500.0,810.0,39690.0
5000008417,20250303,1,1317,2,1.0,2,12000.0,2400.0,21600.0
5000008904,20250303,1,1036,1,,1,12000.0,600.0,11400.0
5000009193,20250303,1,1388,1,,1,10800.0,1080.0,9720.0
5000009194,20250303,2,1388,1,,3,15000.0,2250.0,42750.0
5000009407,20250303,2,171,1,,3,15000.0,4500.0,40500.0
5000009707,20250303,1,1104,1,,1,12000.0,1200.0,10800.0
5000010204,20250303,2,921,2,4.0,3,15000.0,2250.0,42750.0
5000010205,20250303,2,921,2,4.0,2,15000.0,600.0,29400.0
5000012473,20250303,1,1095,1,,1,12000.0,240.0,11760.0
5000012474,20250303,2,1095,1,,3,15000.0,900.0,44100.0
5000012985,20250303,2,239,2,2.0,3,15000.0,2250.0,42750.0
5000012986,20250303,1,239,2,2.0,1,12000.0,240.0,11760.0
5000013279,20250303,1,160,1,,1,12000.0,1200.0,10800.0
5000013443,20250303,2,1392,1,,1,16500.0,0.0,16500.0
5000013566,20250303,1,129,1,,1,12000.0,0.0,12000.0
5000015271,20250303,2,9,2,4.0,1,15000.0,1500.0,13500.0
5000015272,20250303,1,9,2,4.0,1,13200.0,1320.0,11880.0
5000015749,20250303,1,151,1,,3,12000.0,3600.0,32400.0
5000015750,20250303,1,151,1,,2,12000.0,480.0,23520.0
5000000092,20250304,2,1409,1,,1,16500.0,1650.0,14850.0
5000000373,20250304,1,617,1,,2,10800.0,0.0,21600.0
5000001071,20250304,2,884,2,3.0,2,15000.0,600.0,29400.0
5000001280,20250304,1,833,1,,2,12000.0,0.0,24000.0
5000001641,20250304,2,934,1,,1,15000.0,750.0,14250.0
5000002627,20250304,2,82,1,,2,13500.0,540.0,26460.0
5000003430,20250304,1,264,2,2.0,2,13200.0,0.0,26400.0
5000003431,20250304,2,264,2,2.0,1,15000.0,0.0,15000.0
5000003432,20250304,1,264,2,2.0,3,10800.0,0.0,32400.0
5000004234,20250304,1,947,1,,3,13200.0,792.0,38808.0
5000004235,20250304,1,947,1,,3,10800.0,1620.0,30780.0
5000006803,20250304,1,1396,2,3.0,3,12600.0,3780.0,34020.0
5000007471,20250304,1,159,1,,2,13200.0,0.0,26400.0
5000007499,20250304,1,1400,2,3.0,3,12000.0,720.0,35280.0
5000007586,20250304,2,208,2,3.0,2,15000.0,1500.0,28500.0
5000008044,20250304,1,295,1,,2,12000.0,0.0,24000.0
5000008045,20250304,1,295,1,,2,10800.0,432.0,21168.0
5000010534,20250304,2,494,1,,1,15000.0,750.0,14250.0
5000011859,20250304,1,405,1,,2,12600.0,504.0,24696.0
5000012417,20250304,2,681,2,3.0,1,15000.0,750.0,14250.0
5000012418,20250304,1,681,2,3.0,1,12000.0,240.0,11760.0
5000012765,20250304,2,158,1,,2,15000.0,1500.0,28500.0
5000014256,20250304,1,85,1,,1,12000.0,600.0,11400.0
5000015138,20250304,2,1074,1,,1,15000.0,0.0,15000.0
5000015158,20250304,2,332,2,2.0,3,13500.0,810.0,39690.0
5000000974,20250305,1,878,2,2.0,3,12600.0,1890.0,35910.0
5000000975,20250305,2,878,2,2.0,3,15000.0,2250.0,42750.0
5000005639,20250305,2,14,1,,2,15000.0,1500.0,28500.0
5000005640,20250305,2,14,1,,2,15000.0,1500.0,28500.0
5000005776,20250305,2,1373,1,,2,15000.0,600.0,29400.0
5000006075,20250305,2,1270,2,4.0,3,13500.0,2025.0,38475.0
5000006076,20250305,1,1270,2,4.0,3,12000.0,720.0,35280.0
5000007059,20250305,2,548,2,2.0,1,15000.0,0.0,15000.0
5000012015,20250305,2,1004,1,,2,15000.0,3000.0,27000.0
5000012733,20250305,1,1377,2,1.0,1,12000.0,1200.0,10800.0
5000012734,20250305,1,1377,2,1.0,2,12000.0,1200.0,22800.0
5000012975,20250305,2,224,1,,1,16500.0,330.0,16170.0
5000013748,20250305,1,1413,1,,2,12000.0,2400.0,21600.0
5000014458,20250305,2,698,1,,2,15750.0,3150.0,28350.0
5000015487,20250305,1,42,1,,1,10800.0,540.0,10260.0
5000015488,20250305,2,42,1,,3,16500.0,0.0,49500.0
5000015489,20250305,2,42,1,,2,15000.0,0.0,30000.0
5000016051,20250305,2,868,1,,2,15000.0,600.0,29400.0
5000001491,20250306,1,531,2,2.0,1,12600.0,1260.0,11340.0
5000003087,20250306,1,1183,1,,1,13200.0,264.0,12936.0
5000008505,20250306,1,294,1,,3,13200.0,3960.0,35640.0
5000008506,20250306,1,294,1,,3,12600.0,3780.0,34020.0
5000009492,20250306,1,1236,1,,3,12000.0,1800.0,34200.0
5000011729,20250306,2,63,2,2.0,2,15000.0,600.0,29400.0
5000011730,20250306,2,63,2,2.0,1,15750.0,1575.0,14175.0
5000011769,20250306,1,319,2,3.0,3,12000.0,3600.0,32400.0
5000012909,20250306,1,1487,2,1.0,3,13200.0,1980.0,37620.0
5000013568,20250306,1,5,1,,3,13200.0,792.0,38808.0
5000013569,20250306,1,5,1,,1,12000.0,240.0,11760.0
5000014325,20250306,2,1063,2,4.0,3,16500.0,4950.0,44550.0
5000014326,20250306,1,1063,2,4.0,3,12000.0,1800.0,34200.0
5000002114,20250307,2,1015,1,,3,15750.0,2362.5,44887.5
5000002497,20250307,1,1466,2,2.0,3,10800.0,648.0,31752.0
5000002804,20250307,1,708,1,,3,12000.0,720.0,35280.0
5000003693,20250307,2,575,2,3.0,3,15000.0,2250.0,42750.0
5000006323,20250307,1,932,2,1.0,2,13200.0,0.0,26400.0
5000006324,20250307,2,932,2,1.0,1,15000.0,750.0,14250.0
5000006354,20250307,2,784,2,4.0,1,15000.0,1500.0,13500.0
5000006355,20250307,2,784,2,4.0,3,15000.0,0.0,45000.0
5000006502,20250307,2,1130,2,3.0,2,15000.0,0.0,30000.0
5000006503,20250307,1,1130,2,3.0,3,12000.0,0.0,36000.0
5000007538,20250307,1,888,1,,1,13200.0,660.0,12540.0
5000007711,20250307,1,967,1,,3,13200.0,3960.0,35640.0
5000009007,20250307,1,765,1,,2,12000.0,1200.0,22800.0
5000010891,20250307,1,662,1,,1,12600.0,252.0,12348.0
5000012095,20250307,1,1317,1,,3,13200.0,3960.0,35640.0
5000012096,20250307,1,1317,1,,2,12000.0,0.0,24000.0
5000012097,20250307,1,1317,1,,2,12000.0,2400.0,21600.0
5000012610,20250307,2,1409,2,1.0,2,15750.0,3150.0,28350.0
5000014081,20250307,2,1309,2,1.0,3,13500.0,0.0,40500.0
5000014582,20250307,1,200,2,1.0,2,12000.0,480.0,23520.0
5000015505,20250307,2,177,1,,3,16500.0,2475.0,47025.0
5000015606,20250307,2,626,2,4.0,1,15000.0,300.0,14700.0
5000001467,20250308,1,839,1,,2,12000.0,1200.0,22800.0
5000002423,20250308,1,916,1,,1,10800.0,216.0,10584.0
5000002678,20250308,1,1335,1,,3,12000.0,720.0,35280.0
5000003208,20250308,1,249,1,,2,12000.0,480.0,23520.0
5000003209,20250308,1,249,1,,1,12000.0,0.0,12000.0
5000006011,20250308,2,300,1,,1,15000.0,1500.0,13500.0
5000006262,20250308,2,502,2,1.0,1,15000.0,750.0,14250.0
5000006353,20250308,1,225,1,,3,12000.0,720.0,35280.0
5000006807,20250308,2,112,1,,2,15000.0,0.0,30000.0
5000008082,20250308,1,1179,1,,2,12000.0,0.0,24000.0
5000008575,20250308,1,87,1,,3,12000.0,720.0,35280.0
5000008576,20250308,2,87,1,,2,15000.0,600.0,29400.0
5000008767,20250308,2,523,1,,3,16500.0,0.0,49500.0
5000008768,20250308,1,523,1,,1,10800.0,540.0,10260.0
5000009288,20250308,1,1381,1,,3,10800.0,648.0,31752.0
5000009465,20250308,2,876,2,2.0,2,15000.0,0.0,30000.0
5000009819,20250308,1,1468,2,3.0,3,10800.0,0.0,32400.0
5000010464,20250308,1,659,2,4.0,2,12000.0,1200.0,22800.0
5000010684,20250308,1,1319,1,,1,12000.0,1200.0,10800.0
5000015577,20250308,1,201,1,,1,12000.0,1200.0,10800.0
5000015578,20250308,1,201,1,,1,12000.0,0.0,12000.0
5000015968,20250308,2,1484,1,,3,13500.0,810.0,39690.0
5000015969,20250308,1,1484,1,,1,12600.0,0.0,12600.0
5000001372,20250309,1,918,1,,1,10800.0,0.0,10800.0
5000002188,20250309,1,435,1,,2,12000.0,480.0,23520.0
5000002189,20250309,1,435,1,,1,10800.0,0.0,10800.0
5000003748,20250309,1,1267,1,,3,12000.0,3600.0,32400.0
5000004133,20250309,2,423,1,,1,15750.0,315.0,15435.0
5000005310,20250309,1,578,2,4.0,2,12000.0,1200.0,22800.0
5000008677,20250309,2,77,1,,1,13500.0,675.0,12825.0
5000008735,20250309,2,1182,2,2.0,3,15000.0,4500.0,40500.0
5000008736,20250309,1,1182,2,2.0,2,12000.0,2400.0,21600.0
5000008737,20250309,1,67,2,2.0,2,12000.0,480.0,23520.0
5000008738,20250309,1,67,2,2.0,3,12600.0,0.0,37800.0
5000009324,20250309,1,614,1,,2,12000.0,480.0,23520.0
5000009325,20250309,2,614,1,,3,15750.0,2362.5,44887.5
5000011208,20250309,2,1342,2,2.0,3,16500.0,2475.0,47025.0
5000011209,20250309,2,1342,2,2.0,1,15000.0,750.0,14250.0
5000011236,20250309,1,1060,1,,3,12000.0,3600.0,32400.0
5000011237,20250309,2,1060,1,,1,15000.0,750.0,14250.0
5000012664,20250309,2,393,2,3.0,1,15000.0,0.0,15000.0
5000012665,20250309,1,393,2,3.0,3,13200.0,792.0,38808.0
5000012852,20250309,2,1172,1,,2,15000.0,600.0,29400.0
5000013516,20250309,1,1216,2,3.0,2,12000.0,480.0,23520.0
5000014899,20250309,1,965,2,4.0,3,10800.0,1620.0,30780.0
5000015280,20250309,2,1018,1,,3,15750.0,945.0,46305.0
5000016008,20250309,1,971,2,4.0,3,12000.0,720.0,35280.0
5000002457,20250310,1,724,1,,1,12000.0,240.0,11760.0
5000002549,20250310,1,503,1,,2,12000.0,480.0,23520.0
5000002838,20250310,2,1337,1,,1,15000.0,750.0,14250.0
5000002839,20250310,1,1337,1,,2,12600.0,504.0,24696.0
5000003900,20250310,2,503,1,,2,15000.0,3000.0,27000.0
5000005301,20250310,2,897,1,,3,15000.0,900.0,44100.0
5000005433,20250310,1,849,2,2.0,2,12000.0,480.0,23520.0
5000005434,20250310,1,849,2,2.0,3,13200.0,0.0,39600.0
5000006972,20250310,2,1304,2,3.0,3,15000.0,2250.0,42750.0
5000008817,20250310,1,1379,1,,1,12000.0,0.0,12000.0
5000008818,20250310,2,1379,1,,1,16500.0,1650.0,14850.0
5000009079,20250310,1,731,2,1.0,2,12000.0,0.0,24000.0
5000009080,20250310,2,731,2,1.0,2,15000.0,3000.0,27000.0
5000009209,20250310,2,831,2,4.0,2,15750.0,3150.0,28350.0
5000011115,20250310,2,538,1,,3,13500.0,4050.0,36450.0
5000011116,20250310,2,538,1,,2,15000.0,600.0,29400.0
5000011634,20250310,1,904,1,,3,12600.0,0.0,37800.0
5000011766,20250310,2,1433,1,,2,15000.0,0.0,30000.0
5000011767,20250310,1,1433,1,,2,13200.0,2640.0,23760.0
5000000377,20250311,1,211,1,,2,12000.0,1200.0,22800.0
5000000378,20250311,1,211,1,,2,10800.0,432.0,21168.0
5000001057,20250311,2,616,2,3.0,1,15000.0,1500.0,13500.0
5000001380,20250311,1,1059,1,,3,12600.0,3780.0,34020.0
5000001381,20250311,2,1059,1,,1,15000.0,750.0,14250.0
5000001382,20250311,1,1059,1,,1,12600.0,252.0,12348.0
5000002018,20250311,2,1301,1,,1,15750.0,1575.0,14175.0
5000002183,20250311,1,1114,2,3.0,1,12000.0,240.0,11760.0
5000002217,20250311,2,475,1,,3,15000.0,2250.0,42750.0
5000003099,20250311,2,493,2,1.0,2,15000.0,3000.0,27000.0
5000004647,20250311,1,549,2,4.0,1,12600.0,252.0,12348.0
5000005448,20250311,2,839,1,,2,15750.0,0.0,31500.0
5000006336,20250311,2,779,2,1.0,1,15000.0,300.0,14700.0
5000006337,20250311,1,779,2,1.0,2,12000.0,0.0,24000.0
5000007300,20250311,1,887,2,3.0,1,10800.0,540.0,10260.0
5000007301,20250311,1,887,2,3.0,2,13200.0,528.0,25872.0
5000008580,20250311,2,771,1,,3,15000.0,900.0,44100.0
5000009681,20250311,1,194,1,,1,10800.0,540.0,10260.0
5000009956,20250311,2,856,2,4.0,2,15000.0,0.0,30000.0
5000009957,20250311,2,856,2,4.0,3,15750.0,2362.5,44887.5
5000011292,20250311,2,468,1,,3,13500.0,810.0,39690.0
5000012637,20250311,2,1098,1,,2,15000.0,1500.0,28500.0
5000013532,20250311,1,1459,1,,2,12000.0,480.0,23520.0
5000013802,20250311,2,1399,1,,3,13500.0,810.0,39690.0
5000013803,20250311,2,1399,1,,1,15000.0,300.0,14700.0
5000014147,20250311,1,315,2,2.0,1,13200.0,660.0,12540.0
5000014897,20250311,1,1324,1,,3,12000.0,1800.0,34200.0
5000014898,20250311,1,1324,1,,2,12000.0,1200.0,22800.0
5000015163,20250311,1,677,1,,3,12000.0,3600.0,32400.0
5000015951,20250311,2,587,1,,1,13500.0,1350.0,12150.0
5000000470,20250312,1,1171,2,4.0,3,12000.0,1800.0,34200.0
5000000540,20250312,1,293,1,,2,13200.0,1320.0,25080.0
5000000541,20250312,1,293,1,,1,12000.0,240.0,11760.0
5000000788,20250312,2,919,1,,3,15000.0,2250.0,42750.0
5000001412,20250312,2,800,1,,2,15000.0,0.0,30000.0
5000001575,20250312,1,775,2,2.0,3,10800.0,648.0,31752.0
5000002150,20250312,2,393,1,,3,15000.0,4500.0,40500.0
5000002151,20250312,2,393,1,,3,15000.0,2250.0,42750.0
5000003887,20250312,2,1406,2,1.0,1,15000.0,0.0,15000.0
5000004616,20250312,2,612,2,1.0,1,15750.0,315.0,15435.0
5000004617,20250312,2,612,2,1.0,1,13500.0,1350.0,12150.0
5000005513,20250312,1,575,1,,2,12000.0,480.0,23520.0
5000006872,20250312,1,552,1,,3,12600.0,1890.0,35910.0
5000006923,20250312,1,752,1,,1,10800.0,0.0,10800.0
5000008507,20250312,2,594,2,3.0,1,15000.0,750.0,14250.0
5000008508,20250312,2,594,2,3.0,3,15000.0,2250.0,42750.0
5000009024,20250312,1,451,1,,3,12000.0,720.0,35280.0
5000009025,20250312,2,451,1,,3,15000.0,2250.0,42750.0
5000009026,20250312,1,451,1,,1,12000.0,240.0,11760.0
5000009167,20250312,1,1302,2,1.0,2,12000.0,480.0,23520.0
5000009497,20250312,2,266,1,,1,15000.0,750.0,14250.0
5000009498,20250312,2,266,1,,1,13500.0,270.0,13230.0
5000009538,20250312,2,110,1,,3,15000.0,0.0,45000.0
5000011039,20250312,1,813,1,,3,12000.0,720.0,35280.0
5000011181,20250312,2,389,2,4.0,2,16500.0,1650.0,31350.0
5000011182,20250312,2,389,2,4.0,3,13500.0,0.0,40500.0
5000013795,20250312,1,436,2,4.0,3,12000.0,1800.0,34200.0
5000015812,20250312,1,834,2,2.0,1,12000.0,0.0,12000.0
5000000536,20250313,1,1084,2,1.0,1,12600.0,0.0,12600.0
5000002247,20250313,2,293,1,,2,15750.0,630.0,30870.0
5000002547,20250313,1,1468,2,1.0,2,12000.0,1200.0,22800.0
5000002548,20250313,2,1468,2,1.0,2,15000.0,3000.0,27000.0
5000002751,20250313,2,1328,1,,1,15000.0,0.0,15000.0
5000004270,20250313,2,254,2,3.0,3,15000.0,900.0,44100.0
5000005023,20250313,2,863,2,1.0,3,15000.0,4500.0,40500.0
5000005211,20250313,2,1304,2,4.0,3,15000.0,2250.0,42750.0
5000006332,20250313,1,276,1,,3,12000.0,3600.0,32400.0
5000006333,20250313,1,276,1,,1,12000.0,0.0,12000.0
5000009472,20250313,2,95,2,4.0,2,15000.0,3000.0,27000.0
5000009682,20250313,1,1373,1,,1,12600.0,0.0,12600.0
5000010776,20250313,2,233,2,2.0,1,15000.0,300.0,14700.0
5000010777,20250313,2,233,2,2.0,1,13500.0,1350.0,12150.0
5000011948,20250313,1,1306,1,,3,12000.0,0.0,36000.0
5000011949,20250313,1,1306,1,,3,13200.0,3960.0,35640.0
5000012029,20250313,2,117,2,4.0,3,15000.0,900.0,44100.0
5000013188,20250313,1,1444,1,,3,12000.0,1800.0,34200.0
5000013297,20250313,2,1464,1,,2,13500.0,1350.0,25650.0
5000013298,20250313,1,1464,1,,1,12000.0,1200.0,10800.0
5000013439,20250313,1,1477,2,4.0,3,10800.0,1620.0,30780.0
5000014124,20250313,2,349,1,,2,13500.0,540.0,26460.0
5000014613,20250313,2,752,2,1.0,3,15000.0,900.0,44100.0
5000015004,20250313,2,1239,1,,1,13500.0,270.0,13230.0
5000015043,20250313,2,700,1,,1,15000.0,0.0,15000.0
5000000358,20250314,1,656,1,,1,12000.0,600.0,11400.0
5000000730,20250314,1,1360,1,,2,12000.0,1200.0,22800.0
5000000938,20250314,1,1110,1,,1,12000.0,240.0,11760.0
5000002129,20250314,1,1045,1,,3,12000.0,3600.0,32400.0
5000002166,20250314,1,789,2,2.0,3,13200.0,1980.0,37620.0
5000002468,20250314,2,1119,1,,3,13500.0,2025.0,38475.0
5000002584,20250314,2,197,2,4.0,1,15750.0,0.0,15750.0
5000002802,20250314,1,178,2,2.0,2,12000.0,480.0,23520.0
5000002803,20250314,1,178,2,2.0,3,12000.0,720.0,35280.0
5000003102,20250314,1,887,1,,2,12000.0,1200.0,22800.0
5000003534,20250314,1,1392,1,,2,10800.0,432.0,21168.0
5000004029,20250314,2,1197,1,,1,15000.0,300.0,14700.0
5000004030,20250314,2,1197,1,,2,15750.0,3150.0,28350.0
5000004618,20250314,1,227,2,4.0,1,12000.0,0.0,12000.0
5000005530,20250314,2,1185,1,,2,13500.0,0.0,27000.0
5000005531,20250314,1,1185,1,,3,12000.0,1800.0,34200.0
5000006221,20250314,1,468,2,4.0,2,12000.0,2400.0,21600.0
5000006751,20250314,1,902,1,,1,12000.0,240.0,11760.0
5000008895,20250314,1,1355,2,1.0,1,12000.0,240.0,11760.0
5000010061,20250314,1,1496,1,,2,12600.0,2520.0,22680.0
5000010143,20250314,1,1235,1,,3,12000.0,3600.0,32400.0
5000010955,20250314,1,1486,1,,3,12600.0,756.0,37044.0
5000010956,20250314,1,1486,1,,3,12000.0,0.0,36000.0
5000010957,20250314,2,1486,1,,1,15000.0,0.0,15000.0
5000010958,20250314,2,469,1,,2,15000.0,3000.0,27000.0
5000011212,20250314,1,526,2,1.0,3,13200.0,3960.0,35640.0
5000011566,20250314,2,838,1,,3,15000.0,0.0,45000.0
5000011567,20250314,2,838,1,,3,15000.0,900.0,44100.0
5000012509,20250314,1,987,1,,1,12600.0,0.0,12600.0
5000012818,20250314,2,486,2,1.0,2,13500.0,1350.0,25650.0
5000012976,20250314,1,1494,1,,2,12000.0,0.0,24000.0
5000012977,20250314,1,1494,1,,1,12600.0,0.0,12600.0
5000013920,20250314,1,140,1,,3,13200.0,0.0,39600.0
5000013928,20250314,2,1134,2,3.0,3,15000.0,0.0,45000.0
5000013929,20250314,1,1134,2,3.0,2,12000.0,0.0,24000.0
5000015409,20250314,2,486,1,,2,15000.0,0.0,30000.0
5000015994,20250314,2,673,2,1.0,2,15000.0,3000.0,27000.0
5000000050,20250315,2,821,1,,2,15000.0,3000.0,27000.0
5000000744,20250315,1,1437,1,,3,12000.0,1800.0,34200.0
5000001621,20250315,1,549,1,,2,13200.0,1320.0,25080.0
5000002975,20250315,2,1183,1,,1,15000.0,0.0,15000.0
5000003316,20250315,2,1413,2,2.0,2,15750.0,3150.0,28350.0
5000003723,20250315,2,1113,1,,1,15000.0,1500.0,13500.0
5000003724,20250315,1,1113,1,,1,12000.0,0.0,12000.0
5000004624,20250315,1,1321,1,,2,12600.0,2520.0,22680.0
5000004625,20250315,2,1321,1,,3,15000.0,4500.0,40500.0
5000004791,20250315,2,1219,1,,3,16500.0,990.0,48510.0
5000005968,20250315,1,1300,1,,3,12600.0,3780.0,34020.0
5000006424,20250315,1,645,1,,3,12000.0,3600.0,32400.0
5000006425,20250315,1,645,1,,3,12600.0,0.0,37800.0
5000006620,20250315,2,200,1,,3,15000.0,2250.0,42750.0
5000006621,20250315,1,200,1,,3,12000.0,0.0,36000.0
5000007157,20250315,1,212,1,,1,12000.0,240.0,11760.0
5000007168,20250315,2,514,2,1.0,3,15000.0,2250.0,42750.0
5000007399,20250315,2,856,2,1.0,3,15000.0,900.0,44100.0
5000007416,20250315,1,1479,2,2.0,1,13200.0,660.0,12540.0
5000007417,20250315,1,1479,2,2.0,3,10800.0,3240.0,29160.0
5000007579,20250315,2,1370,2,4.0,3,15000.0,4500.0,40500.0
5000007580,20250315,1,1370,2,4.0,3,10800.0,0.0,32400.0
5000007787,20250315,1,1360,1,,2,12000.0,2400.0,21600.0
5000008301,20250315,1,704,1,,2,12000.0,1200.0,22800.0
5000009010,20250315,2,837,1,,2,15000.0,0.0,30000.0
5000009531,20250315,1,818,1,,1,12000.0,240.0,11760.0
5000009532,20250315,1,818,1,,3,12000.0,1800.0,34200.0
5000012773,20250315,1,659,1,,1,12600.0,252.0,12348.0
5000012941,20250315,2,1140,2,1.0,2,15000.0,600.0,29400.0
5000014433,20250315,2,599,2,1.0,1,16500.0,1650.0,14850.0
5000015877,20250315,2,144,1,,2,15000.0,600.0,29400.0
5000000863,20250316,1,1216,1,,3,12000.0,720.0,35280.0
5000000864,20250316,2,1216,1,,1,15000.0,0.0,15000.0
5000001416,20250316,2,54,1,,3,15000.0,900.0,44100.0
5000001417,20250316,1,54,1,,3,12000.0,0.0,36000.0
5000002478,20250316,2,682,1,,2,15000.0,0.0,30000.0
5000002963,20250316,1,1245,1,,1,13200.0,0.0,13200.0
5000002964,20250316,1,1245,1,,3,12000.0,720.0,35280.0
5000003085,20250316,2,252,1,,2,13500.0,1350.0,25650.0
5000005972,20250316,1,995,1,,1,12600.0,252.0,12348.0
5000008198,20250316,2,127,1,,2,15750.0,3150.0,28350.0
5000008499,20250316,2,582,1,,1,13500.0,0.0,13500.0
5000009810,20250316,1,1141,1,,1,12000.0,240.0,11760.0
5000011070,20250316,2,1026,1,,2,13500.0,1350.0,25650.0
5000011342,20250316,1,220,1,,1,13200.0,1320.0,11880.0
5000013237,20250316,1,143,1,,2,12000.0,1200.0,22800.0
5000013238,20250316,1,143,1,,3,12000.0,720.0,35280.0
5000013319,20250316,1,1059,2,1.0,3,12000.0,3600.0,32400.0
5000013382,20250316,2,819,2,3.0,3,13500.0,810.0,39690.0
5000013495,20250316,1,1046,2,4.0,2,12000.0,2400.0,21600.0
5000014718,20250316,2,274,2,4.0,1,15000.0,0.0,15000.0
5000014719,20250316,1,274,2,4.0,2,12000.0,2400.0,21600.0
5000014808,20250316,1,1219,1,,3,10800.0,0.0,32400.0
5000014809,20250316,2,1219,1,,2,15000.0,1500.0,28500.0
5000014810,20250316,1,1219,1,,1,12600.0,630.0,11970.0
5000015088,20250316,2,817,2,2.0,2,15750.0,630.0,30870.0
5000015654,20250316,1,1095,1,,2,12600.0,1260.0,23940.0
5000003728,20250317,1,514,1,,1,13200.0,1320.0,11880.0
5000003729,20250317,1,514,1,,2,12000.0,1200.0,22800.0
5000004400,20250317,2,222,1,,1,15000.0,0.0,15000.0
5000004505,20250317,2,835,1,,3,15000.0,0.0,45000.0
5000004506,20250317,2,835,1,,3,15000.0,2250.0,42750.0
5000005920,20250317,2,246,1,,1,13500.0,675.0,12825.0
5000006101,20250317,1,384,1,,3,12000.0,1800.0,34200.0
5000006102,20250317,1,384,1,,2,12000.0,480.0,23520.0
5000006632,20250317,1,296,1,,2,12600.0,1260.0,23940.0
5000008276,20250317,2,387,1,,1,13500.0,270.0,13230.0
5000009053,20250317,2,1317,1,,1,15000.0,300.0,14700.0
5000009054,20250317,1,1317,1,,2,12600.0,0.0,25200.0
5000010200,20250317,2,59,1,,3,15000.0,2250.0,42750.0
5000010201,20250317,1,59,1,,1,12600.0,252.0,12348.0
5000010230,20250317,2,857,1,,3,15000.0,2250.0,42750.0
5000010632,20250317,2,427,2,2.0,2,15000.0,1500.0,28500.0
5000012173,20250317,2,714,1,,3,15000.0,900.0,44100.0
5000012174,20250317,1,714,1,,1,12600.0,252.0,12348.0
5000012175,20250317,1,714,1,,2,12600.0,1260.0,23940.0
5000013799,20250317,2,12,1,,3,13500.0,0.0,40500.0
5000013835,20250317,2,1072,1,,2,15000.0,0.0,30000.0
5000013836,20250317,2,1072,1,,2,15000.0,0.0,30000.0
5000013969,20250317,2,238,1,,1,16500.0,1650.0,14850.0
5000013970,20250317,1,238,1,,1,12600.0,0.0,12600.0
5000000688,20250318,1,56,2,1.0,3,10800.0,0.0,32400.0
5000000689,20250318,1,56,2,1.0,3,12000.0,720.0,35280.0
5000000690,20250318,1,56,2,1.0,2,12000.0,2400.0,21600.0
5000001236,20250318,1,888,1,,1,13200.0,1320.0,11880.0
5000001525,20250318,1,1500,2,3.0,2,12000.0,0.0,24000.0
5000002143,20250318,2,200,1,,1,13500.0,270.0,13230.0
5000004335,20250318,1,451,1,,1,12000.0,600.0,11400.0
5000007651,20250318,1,919,1,,3,12000.0,1800.0,34200.0
5000007994,20250318,1,1427,2,1.0,2,12000.0,0.0,24000.0
5000008646,20250318,1,884,1,,1,12000.0,240.0,11760.0
5000008647,20250318,2,884,1,,3,15000.0,0.0,45000.0
5000008897,20250318,1,651,1,,3,13200.0,792.0,38808.0
5000011642,20250318,2,1027,1,,1,13500.0,1350.0,12150.0
5000012722,20250318,1,1207,2,4.0,2,12000.0,1200.0,22800.0
5000013116,20250318,2,717,2,3.0,1,15000.0,750.0,14250.0
5000013287,20250318,2,610,1,,2,15000.0,1500.0,28500.0
5000013386,20250318,1,1356,1,,3,12000.0,3600.0,32400.0
5000014905,20250318,1,778,1,,2,12000.0,0.0,24000.0
5000000268,20250319,1,1040,1,,2,13200.0,0.0,26400.0
5000000269,20250319,1,1040,1,,2,12000.0,2400.0,21600.0
5000003318,20250319,2,1130,1,,3,15750.0,0.0,47250.0
5000003319,20250319,2,1130,1,,3,15000.0,4500.0,40500.0
5000003320,20250319,2,1130,1,,3,15000.0,900.0,44100.0
5000004179,20250319,1,858,1,,1,10800.0,1080.0,9720.0
5000007615,20250319,1,996,1,,2,12600.0,2520.0,22680.0
5000008069,20250319,1,1403,2,2.0,3,12600.0,3780.0,34020.0
5000008634,20250319,1,1151,1,,2,12000.0,2400.0,21600.0
5000010484,20250319,2,261,1,,1,13500.0,0.0,13500.0
5000010485,20250319,2,261,1,,1,15000.0,750.0,14250.0
5000011444,20250319,1,598,2,2.0,3,12600.0,756.0,37044.0
5000012112,20250319,2,1286,1,,2,15000.0,3000.0,27000.0
5000015601,20250319,2,36,2,2.0,1,16500.0,1650.0,14850.0
5000015602,20250319,1,36,2,2.0,1,13200.0,0.0,13200.0
5000016080,20250319,2,1433,2,4.0,2,15000.0,3000.0,27000.0
5000000283,20250320,2,476,1,,1,15000.0,1500.0,13500.0
5000002913,20250320,1,150,2,4.0,2,12600.0,1260.0,23940.0
5000002914,20250320,1,150,2,4.0,2,12000.0,480.0,23520.0
5000003138,20250320,2,274,1,,2,15000.0,1500.0,28500.0
5000003202,20250320,2,587,1,,1,15000.0,0.0,15000.0
5000003203,20250320,2,587,1,,2,15750.0,1575.0,29925.0
5000007102,20250320,1,866,1,,2,12000.0,1200.0,22800.0
5000007376,20250320,2,32,2,4.0,1,15000.0,750.0,14250.0
5000010334,20250320,1,409,1,,3,12000.0,0.0,36000.0
5000010335,20250320,2,409,1,,3,13500.0,4050.0,36450.0
5000010381,20250320,2,43,2,4.0,3,15000.0,0.0,45000.0
5000010382,20250320,2,43,2,4.0,2,13500.0,540.0,26460.0
5000011053,20250320,2,804,1,,1,15000.0,750.0,14250.0
5000011054,20250320,2,804,1,,1,15000.0,0.0,15000.0
5000012135,20250320,2,1269,1,,2,15000.0,3000.0,27000.0
5000013671,20250320,2,956,1,,3,15000.0,4500.0,40500.0
5000013961,20250320,2,1010,1,,2,15000.0,0.0,30000.0
5000013962,20250320,2,1010,1,,3,15000.0,900.0,44100.0
5000015139,20250320,2,776,1,,2,15750.0,1575.0,29925.0
5000015140,20250320,2,776,1,,3,15000.0,900.0,44100.0
5000015367,20250320,1,1190,1,,2,13200.0,2640.0,23760.0
5000016139,20250320,1,1269,2,4.0,1,12000.0,240.0,11760.0
5000016140,20250320,2,1269,2,4.0,3,15000.0,2250.0,42750.0
5000001153,20250321,2,757,1,,3,15000.0,4500.0,40500.0
5000001804,20250321,1,337,1,,2,10800.0,0.0,21600.0
5000001805,20250321,1,337,1,,3,12000.0,720.0,35280.0
5000002447,20250321,1,204,1,,2,12600.0,1260.0,23940.0
5000004695,20250321,1,684,1,,2,12000.0,2400.0,21600.0
5000009108,20250321,2,965,2,4.0,2,15000.0,3000.0,27000.0
5000010872,20250321,1,215,1,,1,13200.0,660.0,12540.0
5000011406,20250321,2,682,1,,1,13500.0,270.0,13230.0
5000011663,20250321,1,879,2,3.0,2,12000.0,1200.0,22800.0
5000011664,20250321,2,879,2,3.0,1,15000.0,750.0,14250.0
5000012759,20250321,1,719,1,,1,13200.0,1320.0,11880.0
5000013735,20250321,1,147,2,1.0,3,13200.0,792.0,38808.0
5000014568,20250321,2,1359,2,3.0,2,15000.0,3000.0,27000.0
5000000106,20250322,2,867,1,,2,15000.0,600.0,29400.0
5000000302,20250322,2,649,1,,3,15000.0,4500.0,40500.0
5000000318,20250322,1,137,2,2.0,2,10800.0,432.0,21168.0
5000001882,20250322,2,20,1,,3,15000.0,4500.0,40500.0
5000001883,20250322,2,20,1,,2,15750.0,1575.0,29925.0
5000002383,20250322,1,1479,2,1.0,3,12000.0,3600.0,32400.0
5000004062,20250322,2,1447,1,,3,15000.0,0.0,45000.0
5000004063,20250322,2,1447,1,,1,15750.0,787.5,14962.5
5000004064,20250322,2,1447,1,,2,15000.0,3000.0,27000.0
5000004147,20250322,2,368,1,,2,15000.0,1500.0,28500.0
5000004428,20250322,1,929,2,3.0,3,12000.0,720.0,35280.0
5000004894,20250322,2,1177,1,,1,15750.0,0.0,15750.0
5000004895,20250322,1,1177,1,,3,12000.0,1800.0,34200.0
5000006233,20250322,1,1035,2,3.0,1,13200.0,660.0,12540.0
5000006682,20250322,1,852,1,,1,12000.0,1200.0,10800.0
5000006683,20250322,2,852,1,,2,15750.0,3150.0,28350.0
5000007599,20250322,2,430,1,,3,15000.0,2250.0,42750.0
5000007600,20250322,2,430,1,,2,15000.0,1500.0,28500.0
5000007604,20250322,1,426,2,2.0,2,12000.0,2400.0,21600.0
5000008048,20250322,2,364,1,,2,15750.0,3150.0,28350.0
5000008792,20250322,2,209,1,,2,15000.0,3000.0,27000.0
5000009328,20250322,2,1217,1,,3,15000.0,0.0,45000.0
5000011175,20250322,2,301,1,,2,16500.0,660.0,32340.0
5000012120,20250322,1,695,2,2.0,1,13200.0,1320.0,11880.0
5000012121,20250322,2,695,2,2.0,3,15750.0,2362.5,44887.5
5000012349,20250322,2,1384,1,,3,15000.0,900.0,44100.0
5000012350,20250322,1,1384,1,,1,12000.0,600.0,11400.0
5000013302,20250322,1,564,1,,2,12000.0,1200.0,22800.0
5000015182,20250322,2,1016,2,4.0,2,15000.0,1500.0,28500.0
5000015183,20250322,1,1016,2,4.0,1,12000.0,1200.0,10800.0
5000000022,20250323,2,862,2,1.0,3,15750.0,2362.5,44887.5
5000000023,20250323,1,862,2,1.0,3,12000.0,1800.0,34200.0
5000000024,20250323,1,862,2,1.0,2,12000.0,1200.0,22800.0
5000006649,20250323,1,144,2,2.0,2,12600.0,504.0,24696.0
5000006650,20250323,2,144,2,2.0,3,15000.0,2250.0,42750.0
5000007046,20250323,1,494,1,,2,12000.0,480.0,23520.0
5000008214,20250323,2,1303,1,,1,15000.0,300.0,14700.0
5000008215,20250323,2,1303,1,,1,15000.0,0.0,15000.0
5000009364,20250323,1,863,2,1.0,1,12000.0,240.0,11760.0
5000009455,20250323,1,1321,2,2.0,1,12600.0,252.0,12348.0
5000009456,20250323,1,1321,2,2.0,1,12000.0,240.0,11760.0
5000009457,20250323,2,1321,2,2.0,1,16500.0,330.0,16170.0
5000010022,20250323,1,766,2,4.0,1,12000.0,0.0,12000.0
5000010293,20250323,1,193,1,,2,10800.0,1080.0,20520.0
5000010294,20250323,1,193,1,,1,12600.0,0.0,12600.0
5000012010,20250323,2,1037,1,,1,13500.0,270.0,13230.0
5000012011,20250323,1,1037,1,,3,13200.0,1980.0,37620.0
5000012788,20250323,2,672,1,,3,15000.0,4500.0,40500.0
5000013469,20250323,2,236,1,,2,13500.0,2700.0,24300.0
5000013635,20250323,1,1489,2,4.0,3,12000.0,1800.0,34200.0
5000013863,20250323,1,57,2,4.0,1,12600.0,630.0,11970.0
5000013864,20250323,1,57,2,4.0,2,12000.0,1200.0,22800.0
5000013865,20250323,2,57,2,4.0,3,15000.0,2250.0,42750.0
5000014283,20250323,1,289,2,2.0,2,12000.0,2400.0,21600.0
5000014284,20250323,1,289,2,2.0,2,12000.0,2400.0,21600.0
5000014455,20250323,2,1221,2,3.0,1,13500.0,270.0,13230.0
5000014457,20250323,2,1048,1,,2,15000.0,600.0,29400.0
5000014919,20250323,2,896,1,,3,13500.0,4050.0,36450.0
5000014920,20250323,2,896,1,,3,15000.0,2250.0,42750.0
5000002534,20250324,2,1053,2,1.0,1,16500.0,825.0,15675.0
5000002538,20250324,2,548,2,1.0,1,15000.0,0.0,15000.0
5000002680,20250324,2,1235,1,,2,13500.0,1350.0,25650.0
5000002681,20250324,1,1235,1,,2,10800.0,2160.0,19440.0
5000003013,20250324,2,701,2,4.0,1,13500.0,675.0,12825.0
5000003053,20250324,2,1373,1,,1,15000.0,0.0,15000.0
5000003054,20250324,1,1373,1,,1,12000.0,0.0,12000.0
5000003143,20250324,1,10,2,2.0,2,12000.0,480.0,23520.0
5000003144,20250324,1,10,2,2.0,1,12000.0,1200.0,10800.0
5000004164,20250324,1,71,2,1.0,1,12000.0,1200.0,10800.0
5000004225,20250324,1,221,1,,1,12000.0,240.0,11760.0
5000006109,20250324,1,1164,1,,3,12000.0,720.0,35280.0
5000006110,20250324,2,1164,1,,1,15000.0,750.0,14250.0
5000006111,20250324,2,1164,1,,2,15750.0,0.0,31500.0
5000008173,20250324,2,1167,1,,3,15000.0,900.0,44100.0
5000008688,20250324,2,560,2,3.0,2,16500.0,0.0,33000.0
5000010600,20250324,1,446,2,4.0,2,12600.0,1260.0,23940.0
5000010924,20250324,1,350,2,1.0,3,12600.0,1890.0,35910.0
5000011218,20250324,1,586,1,,3,12000.0,0.0,36000.0
5000011219,20250324,2,586,1,,2,15000.0,600.0,29400.0
5000012031,20250324,2,1395,1,,2,15000.0,1500.0,28500.0
5000014778,20250324,2,380,1,,3,15000.0,2250.0,42750.0
5000014779,20250324,2,380,1,,3,15000.0,2250.0,42750.0
5000015078,20250324,2,1210,1,,3,15000.0,900.0,44100.0
5000015079,20250324,2,1210,1,,3,16500.0,2475.0,47025.0
5000015716,20250324,1,256,2,4.0,3,12000.0,1800.0,34200.0
5000015982,20250324,2,545,1,,3,15000.0,4500.0,40500.0
5000001089,20250325,1,16,1,,2,12600.0,2520.0,22680.0
5000002088,20250325,1,26,2,4.0,3,12000.0,1800.0,34200.0
5000003191,20250325,1,984,2,4.0,3,12000.0,0.0,36000.0
5000003192,20250325,1,984,2,4.0,2,12000.0,2400.0,21600.0
5000004375,20250325,1,417,2,4.0,1,10800.0,0.0,10800.0
5000009556,20250325,2,1338,1,,2,15000.0,1500.0,28500.0
5000009871,20250325,2,598,2,1.0,2,15000.0,0.0,30000.0
5000013765,20250325,2,924,2,3.0,3,15000.0,0.0,45000.0
5000013766,20250325,1,924,2,3.0,2,12600.0,0.0,25200.0
5000014317,20250325,1,1007,2,1.0,2,12000.0,0.0,24000.0
5000016034,20250325,1,810,1,,3,12600.0,3780.0,34020.0
5000016035,20250325,2,810,1,,3,15000.0,4500.0,40500.0
5000001490,20250326,2,1010,2,3.0,1,16500.0,825.0,15675.0
5000001557,20250326,2,1382,1,,2,15000.0,1500.0,28500.0
5000002177,20250326,1,624,2,1.0,2,12000.0,2400.0,21600.0
5000002178,20250326,1,624,2,1.0,1,12000.0,600.0,11400.0
5000002720,20250326,2,85,1,,2,15000.0,1500.0,28500.0
5000003285,20250326,1,1062,1,,1,12000.0,600.0,11400.0
5000003655,20250326,1,147,1,,3,12000.0,1800.0,34200.0
5000005009,20250326,1,1089,2,2.0,3,10800.0,0.0,32400.0
5000005010,20250326,2,1089,2,2.0,2,15000.0,600.0,29400.0
5000007730,20250326,2,1045,1,,3,16500.0,4950.0,44550.0
5000008234,20250326,2,289,2,3.0,1,15000.0,0.0,15000.0
5000008828,20250326,1,1378,2,4.0,3,12000.0,720.0,35280.0
5000008829,20250326,1,1378,2,4.0,3,12000.0,3600.0,32400.0
5000008830,20250326,2,1378,2,4.0,1,15000.0,300.0,14700.0
5000009738,20250326,1,954,1,,3,10800.0,0.0,32400.0
5000009739,20250326,2,954,1,,3,15000.0,4500.0,40500.0
5000009740,20250326,1,954,1,,3,12600.0,1890.0,35910.0
5000013673,20250326,1,1247,2,2.0,1,12000.0,240.0,11760.0
5000014230,20250326,2,584,1,,2,13500.0,0.0,27000.0
5000014736,20250326,2,308,1,,1,15750.0,1575.0,14175.0
5000014737,20250326,1,308,1,,3,12600.0,756.0,37044.0
5000000274,20250327,1,1056,2,3.0,3,12000.0,0.0,36000.0
5000000306,20250327,1,506,1,,3,12000.0,720.0,35280.0
5000000397,20250327,1,862,2,4.0,2,10800.0,1080.0,20520.0
5000000519,20250327,1,786,1,,3,12000.0,0.0,36000.0
5000001443,20250327,1,1331,2,3.0,3,12000.0,720.0,35280.0
5000001444,20250327,1,1331,2,3.0,1,12000.0,240.0,11760.0
5000001681,20250327,1,44,1,,3,13200.0,3960.0,35640.0
5000003079,20250327,1,979,1,,1,12000.0,1200.0,10800.0
5000003255,20250327,1,769,1,,3,10800.0,3240.0,29160.0
5000003877,20250327,1,192,1,,2,10800.0,1080.0,20520.0
5000005446,20250327,1,246,1,,1,12000.0,600.0,11400.0
5000005447,20250327,2,246,1,,3,15000.0,2250.0,42750.0
5000005497,20250327,1,533,2,4.0,3,10800.0,3240.0,29160.0
5000005498,20250327,2,533,2,4.0,1,13500.0,1350.0,12150.0
5000007207,20250327,1,40,2,3.0,1,12000.0,0.0,12000.0
5000007208,20250327,1,40,2,3.0,2,12000.0,480.0,23520.0
5000010495,20250327,2,586,2,3.0,2,15000.0,0.0,30000.0
5000010826,20250327,1,785,2,3.0,2,12000.0,1200.0,22800.0
5000011059,20250327,1,970,1,,1,12000.0,0.0,12000.0
5000011060,20250327,1,970,1,,3,12600.0,3780.0,34020.0
5000011061,20250327,2,970,1,,2,15750.0,0.0,31500.0
5000011370,20250327,1,499,1,,3,12000.0,0.0,36000.0
5000011371,20250327,1,499,1,,3,12000.0,720.0,35280.0
5000011436,20250327,2,591,2,2.0,2,15000.0,3000.0,27000.0
5000011437,20250327,1,591,2,2.0,1,12000.0,240.0,11760.0
5000012650,20250327,2,1346,1,,2,15000.0,3000.0,27000.0
5000013103,20250327,1,759,2,2.0,1,12600.0,630.0,11970.0
5000013228,20250327,1,434,2,4.0,1,12000.0,0.0,12000.0
5000013229,20250327,2,434,2,4.0,1,15000.0,1500.0,13500.0
5000013435,20250327,2,1467,1,,3,15000.0,0.0,45000.0
5000013436,20250327,1,1467,1,,2,12000.0,1200.0,22800.0
5000013886,20250327,1,956,1,,1,10800.0,0.0,10800.0
5000013887,20250327,1,956,1,,2,10800.0,432.0,21168.0
5000013888,20250327,1,956,1,,3,10800.0,0.0,32400.0
5000014009,20250327,2,965,1,,1,15000.0,750.0,14250.0
5000014727,20250327,1,1166,1,,2,10800.0,1080.0,20520.0
5000015076,20250327,1,170,2,2.0,2,12000.0,480.0,23520.0
5000015638,20250327,2,959,1,,2,13500.0,2700.0,24300.0
5000000635,20250328,2,748,1,,1,15000.0,0.0,15000.0
5000000636,20250328,2,748,1,,3,15000.0,900.0,44100.0
5000000726,20250328,1,1454,2,1.0,2,12600.0,504.0,24696.0
5000002692,20250328,2,902,2,4.0,2,15000.0,0.0,30000.0
5000002728,20250328,2,917,1,,2,15000.0,600.0,29400.0
5000003675,20250328,1,282,1,,3,12000.0,3600.0,32400.0
5000003916,20250328,1,1272,2,1.0,3,10800.0,1620.0,30780.0
5000004105,20250328,2,975,1,,3,15000.0,2250.0,42750.0
5000004439,20250328,2,506,1,,1,15000.0,300.0,14700.0
5000004912,20250328,1,1155,2,4.0,1,12000.0,240.0,11760.0
5000005026,20250328,2,722,1,,3,15000.0,4500.0,40500.0
5000005344,20250328,1,235,1,,3,12000.0,0.0,36000.0
5000005572,20250328,1,274,2,4.0,1,12000.0,0.0,12000.0
5000005931,20250328,1,1168,1,,3,12000.0,1800.0,34200.0
5000006148,20250328,1,157,2,1.0,2,12600.0,0.0,25200.0
5000006149,20250328,2,157,2,1.0,2,15000.0,1500.0,28500.0
5000006150,20250328,1,157,2,1.0,1,12000.0,0.0,12000.0
5000006902,20250328,1,1394,2,3.0,3,12000.0,1800.0,34200.0
5000008156,20250328,1,443,1,,2,10800.0,1080.0,20520.0
5000008343,20250328,1,364,1,,1,12600.0,630.0,11970.0
5000009584,20250328,2,32,2,2.0,1,16500.0,330.0,16170.0
5000009785,20250328,2,988,1,,3,15000.0,900.0,44100.0
5000010036,20250328,1,880,2,4.0,1,12600.0,630.0,11970.0
5000010037,20250328,2,880,2,4.0,3,15750.0,2362.5,44887.5
5000010614,20250328,1,284,1,,2,12000.0,2400.0,21600.0
5000010615,20250328,2,284,1,,2,15000.0,0.0,30000.0
5000014703,20250328,1,900,1,,1,13200.0,660.0,12540.0
5000015843,20250328,2,353,1,,2,15750.0,1575.0,29925.0
5000002117,20250329,1,773,2,3.0,3,12000.0,0.0,36000.0
5000002118,20250329,2,773,2,3.0,2,15000.0,0.0,30000.0
5000002402,20250329,1,970,2,3.0,2,12000.0,2400.0,21600.0
5000002746,20250329,1,1135,1,,1,10800.0,540.0,10260.0
5000002811,20250329,2,1270,1,,3,16500.0,0.0,49500.0
5000003349,20250329,1,932,1,,3,10800.0,3240.0,29160.0
5000004491,20250329,2,1471,1,,1,15000.0,300.0,14700.0
5000005680,20250329,1,1455,2,3.0,2,10800.0,0.0,21600.0
5000005687,20250329,1,969,2,1.0,2,12000.0,480.0,23520.0
5000006423,20250329,1,710,2,2.0,1,12000.0,0.0,12000.0
5000007460,20250329,1,141,1,,2,12600.0,504.0,24696.0
5000007789,20250329,1,182,2,1.0,2,12600.0,0.0,25200.0
5000007954,20250329,1,1362,1,,1,12000.0,0.0,12000.0
5000008708,20250329,2,32,1,,1,16500.0,330.0,16170.0
5000009259,20250329,2,517,2,1.0,3,15000.0,900.0,44100.0
5000009260,20250329,2,517,2,1.0,2,15000.0,1500.0,28500.0
5000012038,20250329,1,791,1,,1,10800.0,216.0,10584.0
5000012680,20250329,2,827,1,,2,13500.0,2700.0,24300.0
5000012681,20250329,2,827,1,,2,13500.0,1350.0,25650.0
5000012682,20250329,1,827,1,,3,13200.0,1980.0,37620.0
5000012842,20250329,2,1391,1,,1,15000.0,300.0,14700.0
5000013589,20250329,2,1332,1,,2,15000.0,1500.0,28500.0
5000014439,20250329,1,723,1,,3,12000.0,0.0,36000.0
5000001007,20250330,1,698,1,,2,10800.0,1080.0,20520.0
5000001413,20250330,1,1427,2,1.0,1,12000.0,1200.0,10800.0
5000001414,20250330,2,1427,2,1.0,2,16500.0,1650.0,31350.0
5000001446,20250330,1,39,1,,1,12000.0,0.0,12000.0
5000003095,20250330,2,249,1,,1,16500.0,825.0,15675.0
5000003096,20250330,1,249,1,,3,12000.0,720.0,35280.0
5000004984,20250330,1,965,1,,2,12000.0,0.0,24000.0
5000004985,20250330,1,965,1,,2,12000.0,0.0,24000.0
5000004986,20250330,2,965,1,,1,13500.0,270.0,13230.0
5000005409,20250330,1,296,1,,2,12000.0,0.0,24000.0
5000005410,20250330,1,296,1,,2,12600.0,0.0,25200.0
5000006167,20250330,2,780,2,4.0,2,15000.0,3000.0,27000.0
5000006489,20250330,2,204,1,,3,16500.0,4950.0,44550.0
5000006664,20250330,1,47,2,3.0,1,10800.0,540.0,10260.0
5000007971,20250330,2,206,1,,2,16500.0,3300.0,29700.0
5000009332,20250330,1,1285,1,,3,12000.0,3600.0,32400.0
5000009545,20250330,2,621,2,4.0,3,15000.0,0.0,45000.0
5000009546,20250330,1,621,2,4.0,2,13200.0,1320.0,25080.0
5000010050,20250330,2,262,2,3.0,2,15000.0,600.0,29400.0
5000010394,20250330,1,594,1,,2,12000.0,0.0,24000.0
5000010395,20250330,1,594,1,,2,13200.0,0.0,26400.0
5000010396,20250330,1,594,1,,3,12000.0,3600.0,32400.0
5000010416,20250330,1,569,2,1.0,3,13200.0,1980.0,37620.0
5000010417,20250330,2,569,2,1.0,2,15000.0,0.0,30000.0
5000011068,20250330,2,402,1,,3,15000.0,900.0,44100.0
5000011229,20250330,1,806,2,4.0,3,10800.0,0.0,32400.0
5000012040,20250330,1,1171,1,,1,10800.0,1080.0,9720.0
5000012041,20250330,1,1171,1,,1,12600.0,252.0,12348.0
5000013499,20250330,1,920,1,,2,12600.0,1260.0,23940.0
5000013500,20250330,1,920,1,,2,10800.0,1080.0,20520.0
5000013501,20250330,1,920,1,,2,12000.0,0.0,24000.0
5000013565,20250330,1,295,1,,2,12000.0,0.0,24000.0
5000014056,20250330,2,1234,2,2.0,1,15000.0,1500.0,13500.0
5000014057,20250330,1,1234,2,2.0,2,12000.0,0.0,24000.0
5000014120,20250330,2,1316,1,,1,15000.0,1500.0,13500.0
5000014956,20250330,2,482,2,4.0,3,15750.0,0.0,47250.0
5000014957,20250330,2,482,2,4.0,1,15000.0,0.0,15000.0
5000014958,20250330,2,482,2,4.0,3,13500.0,0.0,40500.0
5000015512,20250330,2,658,1,,1,13500.0,0.0,13500.0
5000015513,20250330,2,658,1,,3,15000.0,900.0,44100.0
5000015514,20250330,2,658,1,,2,15000.0,3000.0,27000.0
5000016122,20250330,2,397,2,3.0,1,16500.0,825.0,15675.0
5000002573,20250331,1,904,2,2.0,1,13200.0,0.0,13200.0
5000002883,20250331,2,746,1,,1,13500.0,0.0,13500.0
5000004461,20250331,2,908,2,1.0,2,15000.0,3000.0,27000.0
5000004462,20250331,1,908,2,1.0,2,10800.0,432.0,21168.0
5000005124,20250331,2,424,1,,3,13500.0,4050.0,36450.0
5000005125,20250331,2,424,1,,2,15000.0,0.0,30000.0
5000005180,20250331,2,1101,2,1.0,1,15000.0,300.0,14700.0
5000007045,20250331,1,1090,1,,2,12000.0,480.0,23520.0
5000007457,20250331,2,1272,1,,3,15000.0,0.0,45000.0
5000009448,20250331,2,561,1,,2,15750.0,3150.0,28350.0
5000009449,20250331,1,561,1,,2,13200.0,2640.0,23760.0
5000009975,20250331,2,878,2,4.0,3,15000.0,4500.0,40500.0
5000010451,20250331,1,1367,1,,2,13200.0,2640.0,23760.0
5000010702,20250331,2,579,1,,3,15000.0,2250.0,42750.0
5000010994,20250331,1,240,1,,1,12600.0,1260.0,11340.0
5000012706,20250331,2,147,1,,1,15000.0,750.0,14250.0
5000012707,20250331,2,147,1,,3,15000.0,2250.0,42750.0
5000013086,20250331,1,159,1,,2,12000.0,2400.0,21600.0
5000013087,20250331,2,159,1,,1,15750.0,315.0,15435.0
5000013232,20250331,1,871,2,2.0,2,12000.0,1200.0,22800.0
5000013359,20250331,2,881,2,1.0,2,16500.0,0.0,33000.0
5000015187,20250331,1,176,1,,2,12600.0,0.0,25200.0
5000015188,20250331,1,176,1,,2,12000.0,0.0,24000.0
5000000436,20250401,1,247,2,1.0,2,10800.0,1080.0,20520.0
5000000437,20250401,1,247,2,1.0,2,12600.0,504.0,24696.0
5000001158,20250401,1,1295,2,4.0,1,10800.0,1080.0,9720.0
5000001243,20250401,1,1267,2,4.0,3,12000.0,3600.0,32400.0
5000001799,20250401,2,194,2,2.0,1,15000.0,1500.0,13500.0
5000002248,20250401,1,1002,2,2.0,2,13200.0,1320.0,25080.0
5000002249,20250401,2,1002,2,2.0,3,15750.0,945.0,46305.0
5000002250,20250401,2,1002,2,2.0,3,13500.0,2025.0,38475.0
5000002873,20250401,2,304,1,,3,15000.0,0.0,45000.0
5000002911,20250401,2,1029,1,,2,15750.0,630.0,30870.0
5000004969,20250401,1,1121,2,2.0,3,12000.0,0.0,36000.0
5000005452,20250401,1,500,2,3.0,2,12000.0,480.0,23520.0
5000005861,20250401,2,303,1,,2,15750.0,1575.0,29925.0
5000005886,20250401,1,85,1,,1,12600.0,0.0,12600.0
5000006305,20250401,1,912,2,1.0,3,12000.0,0.0,36000.0
5000007758,20250401,2,1469,1,,3,15000.0,900.0,44100.0
5000007759,20250401,2,1469,1,,2,15750.0,1575.0,29925.0
5000007827,20250401,2,1194,2,4.0,2,15000.0,1500.0,28500.0
5000007828,20250401,2,1194,2,4.0,1,16500.0,330.0,16170.0
5000008983,20250401,1,174,2,1.0,3,10800.0,1620.0,30780.0
5000010551,20250401,1,1271,1,,1,10800.0,540.0,10260.0
5000010552,20250401,2,1271,1,,2,16500.0,1650.0,31350.0
5000011037,20250401,2,1355,1,,3,15750.0,0.0,47250.0
5000011537,20250401,2,1313,2,1.0,2,15750.0,630.0,30870.0
5000011538,20250401,1,1313,2,1.0,2,13200.0,0.0,26400.0
5000012076,20250401,1,44,2,4.0,1,12000.0,1200.0,10800.0
5000012165,20250401,1,349,2,3.0,2,10800.0,1080.0,20520.0
5000012180,20250401,2,1165,1,,1,15000.0,750.0,14250.0
5000013295,20250401,2,14,2,2.0,1,15750.0,1575.0,14175.0
5000013634,20250401,1,462,1,,2,12000.0,480.0,23520.0
5000013792,20250401,1,1414,2,3.0,2,12000.0,2400.0,21600.0
5000013793,20250401,1,1414,2,3.0,3,12000.0,3600.0,32400.0
5000014092,20250401,2,206,1,,3,15750.0,4725.0,42525.0
5000014093,20250401,1,206,1,,3,12000.0,0.0,36000.0
5000014485,20250401,2,91,2,4.0,2,15000.0,1500.0,28500.0
5000014486,20250401,1,91,2,4.0,1,12000.0,240.0,11760.0
5000015165,20250401,2,1101,2,1.0,2,13500.0,0.0,27000.0
5000000721,20250402,1,757,1,,1,12000.0,1200.0,10800.0
5000001604,20250402,2,529,1,,3,15000.0,900.0,44100.0
5000002259,20250402,2,493,1,,3,15750.0,945.0,46305.0
5000002781,20250402,1,1055,2,1.0,2,12600.0,0.0,25200.0
5000002782,20250402,2,1055,2,1.0,2,13500.0,540.0,26460.0
5000003264,20250402,1,993,1,,2,12000.0,480.0,23520.0
5000003921,20250402,2,623,2,1.0,3,15750.0,2362.5,44887.5
5000003922,20250402,1,623,2,1.0,3,10800.0,3240.0,29160.0
5000004777,20250402,2,160,1,,2,15000.0,1500.0,28500.0
5000004977,20250402,1,830,1,,2,10800.0,1080.0,20520.0
5000004978,20250402,2,830,1,,1,15000.0,1500.0,13500.0
5000005128,20250402,1,747,2,2.0,1,12000.0,240.0,11760.0
5000005934,20250402,1,404,1,,3,10800.0,3240.0,29160.0
5000006334,20250402,2,132,2,2.0,3,15000.0,4500.0,40500.0
5000007176,20250402,1,983,1,,1,13200.0,0.0,13200.0
5000007177,20250402,1,983,1,,3,12000.0,0.0,36000.0
5000009630,20250402,1,737,1,,2,12000.0,2400.0,21600.0
5000009631,20250402,2,737,1,,2,15000.0,600.0,29400.0
5000009902,20250402,2,451,2,2.0,2,15750.0,630.0,30870.0
5000011106,20250402,1,1141,1,,2,13200.0,2640.0,23760.0
5000011934,20250402,2,662,2,3.0,2,15000.0,0.0,30000.0
5000011935,20250402,2,662,2,3.0,3,15000.0,900.0,44100.0
5000014564,20250402,2,1041,1,,2,15000.0,0.0,30000.0
5000014761,20250402,1,782,2,3.0,3,12000.0,720.0,35280.0
5000014762,20250402,1,782,2,3.0,3,12600.0,756.0,37044.0
5000015498,20250402,2,150,1,,3,13500.0,4050.0,36450.0
5000000282,20250403,1,361,1,,2,12600.0,0.0,25200.0
5000001262,20250403,1,680,1,,2,10800.0,432.0,21168.0
5000003346,20250403,2,1414,1,,2,16500.0,3300.0,29700.0
5000004426,20250403,1,858,1,,1,13200.0,1320.0,11880.0
5000004732,20250403,1,571,2,1.0,2,10800.0,1080.0,20520.0
5000005107,20250403,2,1117,1,,2,15000.0,600.0,29400.0
5000005298,20250403,2,15,1,,2,15000.0,600.0,29400.0
5000005477,20250403,2,460,2,3.0,3,15750.0,4725.0,42525.0
5000006438,20250403,1,601,1,,3,12000.0,3600.0,32400.0
5000006673,20250403,1,589,1,,1,12000.0,1200.0,10800.0
5000006674,20250403,2,589,1,,1,16500.0,330.0,16170.0
5000007739,20250403,2,136,1,,2,15000.0,3000.0,27000.0
5000007740,20250403,1,136,1,,1,13200.0,0.0,13200.0
5000007974,20250403,1,1466,2,4.0,2,12000.0,480.0,23520.0
5000008336,20250403,1,130,1,,2,12000.0,0.0,24000.0
5000008337,20250403,1,130,1,,2,12000.0,2400.0,21600.0
5000008338,20250403,1,130,1,,3,12000.0,3600.0,32400.0
5000008349,20250403,1,1249,1,,1,12600.0,0.0,12600.0
5000008679,20250403,2,1121,2,1.0,1,15000.0,0.0,15000.0
5000009341,20250403,1,1102,2,4.0,1,12000.0,0.0,12000.0
5000013064,20250403,1,265,1,,3,10800.0,1620.0,30780.0
5000013065,20250403,2,265,1,,1,15000.0,750.0,14250.0
5000013744,20250403,2,904,1,,1,15000.0,750.0,14250.0
5000015186,20250403,2,440,1,,3,15000.0,900.0,44100.0
5000015243,20250403,1,264,1,,2,13200.0,2640.0,23760.0
5000015590,20250403,1,1088,2,2.0,3,12000.0,1800.0,34200.0
5000015591,20250403,2,1088,2,2.0,2,16500.0,1650.0,31350.0
5000005908,20250404,2,499,2,1.0,3,15000.0,0.0,45000.0
5000007129,20250404,2,440,2,3.0,1,16500.0,1650.0,14850.0
5000007130,20250404,1,440,2,3.0,1,12000.0,0.0,12000.0
5000007241,20250404,1,1124,1,,2,12000.0,1200.0,22800.0
5000007518,20250404,2,1319,2,3.0,3,15000.0,0.0,45000.0
5000007519,20250404,2,1319,2,3.0,3,13500.0,4050.0,36450.0
5000008345,20250404,2,1451,1,,1,15000.0,1500.0,13500.0
5000008545,20250404,2,316,2,4.0,1,15000.0,0.0,15000.0
5000012814,20250404,2,517,1,,3,15000.0,4500.0,40500.0
5000012815,20250404,1,517,1,,2,12000.0,2400.0,21600.0
5000012816,20250404,1,517,1,,3,12600.0,0.0,37800.0
5000013131,20250404,2,1193,1,,2,16500.0,1650.0,31350.0
5000014144,20250404,2,713,1,,1,15000.0,750.0,14250.0
5000015045,20250404,2,760,1,,3,15750.0,4725.0,42525.0
5000001216,20250405,1,591,2,1.0,3,12000.0,0.0,36000.0
5000001230,20250405,1,649,1,,3,10800.0,3240.0,29160.0
5000001789,20250405,1,1492,1,,2,12000.0,1200.0,22800.0
5000001790,20250405,2,1492,1,,1,15000.0,0.0,15000.0
5000003135,20250405,1,1331,1,,1,12000.0,0.0,12000.0
5000005237,20250405,2,974,2,4.0,2,15000.0,600.0,29400.0
5000005238,20250405,2,974,2,4.0,1,15750.0,1575.0,14175.0
5000005559,20250405,2,212,2,2.0,1,16500.0,330.0,16170.0
5000005560,20250405,2,212,2,2.0,2,15000.0,3000.0,27000.0
5000005561,20250405,2,212,2,2.0,1,15750.0,0.0,15750.0
5000007105,20250405,1,761,1,,1,10800.0,216.0,10584.0
5000007595,20250405,1,748,2,2.0,1,12000.0,1200.0,10800.0
5000007596,20250405,2,748,2,2.0,1,15000.0,1500.0,13500.0
5000007710,20250405,1,1358,2,1.0,1,12000.0,240.0,11760.0
5000007723,20250405,1,752,1,,2,10800.0,432.0,21168.0
5000007724,20250405,2,752,1,,1,15000.0,1500.0,13500.0
5000009100,20250405,2,384,1,,1,15000.0,750.0,14250.0
5000013474,20250405,2,966,1,,2,15000.0,0.0,30000.0
5000013587,20250405,2,1163,1,,1,16500.0,0.0,16500.0
5000000925,20250406,2,660,2,1.0,1,15000.0,750.0,14250.0
5000001740,20250406,1,479,1,,3,12600.0,756.0,37044.0
5000001741,20250406,2,479,1,,1,13500.0,270.0,13230.0
5000002574,20250406,1,555,1,,3,12000.0,0.0,36000.0
5000002591,20250406,2,1218,1,,3,15000.0,4500.0,40500.0
5000002592,20250406,1,1218,1,,3,12000.0,720.0,35280.0
5000005034,20250406,1,1071,2,2.0,3,12000.0,0.0,36000.0
5000005867,20250406,2,715,1,,2,15000.0,600.0,29400.0
5000006033,20250406,1,525,2,2.0,3,12000.0,3600.0,32400.0
5000006560,20250406,2,334,1,,2,15000.0,1500.0,28500.0
5000006744,20250406,2,1405,1,,1,15000.0,300.0,14700.0
5000006951,20250406,1,163,2,2.0,3,13200.0,792.0,38808.0
5000007687,20250406,1,39,1,,1,13200.0,0.0,13200.0
5000007688,20250406,2,39,1,,3,16500.0,0.0,49500.0
5000008131,20250406,2,1188,1,,1,13500.0,1350.0,12150.0
5000008169,20250406,1,673,2,2.0,1,12000.0,240.0,11760.0
5000008529,20250406,2,1355,1,,3,15000.0,900.0,44100.0
5000009784,20250406,2,746,1,,2,15750.0,630.0,30870.0
5000009900,20250406,1,722,1,,1,12000.0,240.0,11760.0
5000010543,20250406,2,847,1,,2,15000.0,3000.0,27000.0
5000010544,20250406,2,847,1,,1,13500.0,675.0,12825.0
5000010545,20250406,1,847,1,,1,12000.0,600.0,11400.0
5000011075,20250406,1,1173,1,,2,12000.0,2400.0,21600.0
5000011571,20250406,2,1305,1,,2,15000.0,3000.0,27000.0
5000011572,20250406,2,1305,1,,1,15000.0,0.0,15000.0
5000011619,20250406,2,943,2,3.0,2,16500.0,1650.0,31350.0
5000002025,20250407,1,1392,1,,2,10800.0,2160.0,19440.0
5000002026,20250407,1,1392,1,,2,10800.0,0.0,21600.0
5000004541,20250407,2,159,2,3.0,1,15000.0,0.0,15000.0
5000004542,20250407,1,159,2,3.0,1,12000.0,600.0,11400.0
5000005250,20250407,1,640,2,3.0,2,12000.0,0.0,24000.0
5000006131,20250407,1,482,2,3.0,3,12000.0,3600.0,32400.0
5000007012,20250407,2,490,1,,1,15000.0,1500.0,13500.0
5000007013,20250407,1,490,1,,1,10800.0,1080.0,9720.0
5000007752,20250407,1,361,1,,2,12000.0,0.0,24000.0
5000008062,20250407,1,37,1,,3,12000.0,720.0,35280.0
5000008063,20250407,1,37,1,,1,13200.0,660.0,12540.0
5000008250,20250407,2,83,1,,3,15000.0,0.0,45000.0
5000008251,20250407,1,83,1,,3,12000.0,1800.0,34200.0
5000008496,20250407,1,1027,2,3.0,3,12000.0,1800.0,34200.0
5000008497,20250407,1,1027,2,3.0,3,12000.0,720.0,35280.0
5000009144,20250407,1,161,2,4.0,3,12000.0,1800.0,34200.0
5000009827,20250407,1,1312,1,,2,12000.0,480.0,23520.0
5000010006,20250407,2,629,1,,1,15750.0,787.5,14962.5
5000011012,20250407,2,161,2,3.0,3,13500.0,810.0,39690.0
5000011430,20250407,1,711,1,,3,10800.0,1620.0,30780.0
5000011431,20250407,2,711,1,,2,15750.0,0.0,31500.0
5000011584,20250407,2,61,2,4.0,1,15000.0,0.0,15000.0
5000011585,20250407,2,61,2,4.0,2,15000.0,1500.0,28500.0
5000011679,20250407,1,1198,1,,3,13200.0,1980.0,37620.0
5000011728,20250407,2,1479,1,,1,15000.0,0.0,15000.0
5000012125,20250407,1,629,2,1.0,1,12000.0,1200.0,10800.0
5000012126,20250407,1,629,2,1.0,1,12600.0,630.0,11970.0
5000015371,20250407,1,481,2,3.0,3,12000.0,1800.0,34200.0
5000000871,20250408,2,648,1,,1,15000.0,1500.0,13500.0
5000001758,20250408,1,1206,2,1.0,1,12000.0,0.0,12000.0
5000003918,20250408,2,984,1,,1,15000.0,300.0,14700.0
5000004091,20250408,2,639,1,,3,15000.0,0.0,45000.0
5000004098,20250408,1,1447,1,,1,12600.0,1260.0,11340.0
5000004099,20250408,1,1447,1,,1,10800.0,540.0,10260.0
5000005538,20250408,1,1132,1,,3,12000.0,3600.0,32400.0
5000005831,20250408,2,819,2,1.0,1,15000.0,300.0,14700.0
5000006241,20250408,1,303,1,,1,10800.0,0.0,10800.0
5000007313,20250408,1,1146,1,,2,12000.0,0.0,24000.0
5000008695,20250408,1,1136,2,1.0,1,12000.0,0.0,12000.0
5000009019,20250408,1,794,1,,3,12000.0,1800.0,34200.0
5000009096,20250408,1,66,1,,1,10800.0,540.0,10260.0
5000009307,20250408,2,12,2,4.0,2,15000.0,600.0,29400.0
5000009639,20250408,1,756,1,,1,10800.0,1080.0,9720.0
5000010652,20250408,2,1235,1,,2,15000.0,1500.0,28500.0
5000010653,20250408,1,1235,1,,3,12000.0,0.0,36000.0
5000014709,20250408,2,1194,2,4.0,1,15000.0,1500.0,13500.0
5000015178,20250408,1,1237,1,,3,12600.0,3780.0,34020.0
5000015179,20250408,1,1237,1,,3,12000.0,720.0,35280.0
5000000714,20250409,1,681,1,,2,12000.0,480.0,23520.0
5000000715,20250409,1,681,1,,2,12600.0,504.0,24696.0
5000000751,20250409,1,68,1,,2,12000.0,1200.0,22800.0
5000001798,20250409,1,700,1,,3,10800.0,1620.0,30780.0
5000002050,20250409,2,863,1,,3,15000.0,4500.0,40500.0
5000002084,20250409,2,777,1,,1,15750.0,787.5,14962.5
5000002481,20250409,2,1140,2,3.0,2,15000.0,3000.0,27000.0
5000002482,20250409,1,1140,2,3.0,1,12600.0,630.0,11970.0
5000002483,20250409,1,1140,2,3.0,2,12600.0,1260.0,23940.0
5000003704,20250409,2,939,1,,3,13500.0,810.0,39690.0
5000003712,20250409,1,271,2,4.0,3,12600.0,1890.0,35910.0
5000005662,20250409,1,800,2,1.0,1,10800.0,0.0,10800.0
5000005889,20250409,1,227,1,,2,12000.0,480.0,23520.0
5000008852,20250409,1,1377,1,,2,12000.0,1200.0,22800.0
5000009266,20250409,2,641,1,,2,15000.0,600.0,29400.0
5000010289,20250409,1,926,1,,2,12000.0,480.0,23520.0
5000010290,20250409,2,926,1,,2,15750.0,630.0,30870.0
5000010473,20250409,1,794,2,3.0,1,10800.0,540.0,10260.0
5000011014,20250409,1,929,1,,2,12000.0,2400.0,21600.0
5000011909,20250409,1,876,1,,3,12000.0,3600.0,32400.0
5000012690,20250409,1,1319,1,,3,12000.0,3600.0,32400.0
5000013819,20250409,2,65,2,4.0,1,15000.0,300.0,14700.0
5000014559,20250409,1,472,1,,3,12000.0,1800.0,34200.0
5000000307,20250410,2,751,2,2.0,1,15000.0,1500.0,13500.0
5000000885,20250410,2,1484,2,1.0,2,16500.0,660.0,32340.0
5000001706,20250410,2,715,2,1.0,1,15000.0,750.0,14250.0
5000001734,20250410,1,937,1,,2,12000.0,2400.0,21600.0
5000001735,20250410,1,937,1,,3,13200.0,792.0,38808.0
5000003003,20250410,1,156,1,,1,12000.0,0.0,12000.0
5000003701,20250410,2,67,2,1.0,3,15000.0,900.0,44100.0
5000005071,20250410,1,730,1,,2,12000.0,2400.0,21600.0
5000005072,20250410,1,730,1,,3,12600.0,1890.0,35910.0
5000005153,20250410,1,79,2,1.0,3,10800.0,648.0,31752.0
5000005190,20250410,2,1413,2,3.0,1,13500.0,0.0,13500.0
5000006235,20250410,2,778,1,,3,13500.0,810.0,39690.0
5000006800,20250410,2,964,2,3.0,2,15750.0,630.0,30870.0
5000007079,20250410,1,540,1,,2,12000.0,1200.0,22800.0
5000007080,20250410,1,540,1,,1,12000.0,0.0,12000.0
5000007388,20250410,1,444,2,2.0,2,12000.0,480.0,23520.0
5000008263,20250410,1,957,1,,1,12600.0,630.0,11970.0
5000008459,20250410,1,597,1,,1,10800.0,0.0,10800.0
5000009345,20250410,1,848,1,,3,10800.0,648.0,31752.0
5000010307,20250410,1,137,2,4.0,3,13200.0,792.0,38808.0
5000010308,20250410,1,137,2,4.0,2,10800.0,432.0,21168.0
5000010310,20250410,1,763,2,2.0,2,12600.0,504.0,24696.0
5000010383,20250410,1,710,2,2.0,3,12000.0,1800.0,34200.0
5000012778,20250410,1,220,2,4.0,3,12600.0,3780.0,34020.0
5000012887,20250410,1,1154,2,1.0,2,10800.0,2160.0,19440.0
5000012943,20250410,1,396,2,1.0,2,12600.0,2520.0,22680.0
5000015064,20250410,1,304,2,2.0,3,12000.0,1800.0,34200.0
5000015404,20250410,1,1235,2,4.0,3,12600.0,756.0,37044.0
5000015735,20250410,2,223,2,3.0,1,16500.0,1650.0,14850.0
5000015736,20250410,2,223,2,3.0,2,15000.0,600.0,29400.0
5000000095,20250411,2,778,1,,1,15000.0,300.0,14700.0
5000000281,20250411,2,500,2,2.0,3,16500.0,4950.0,44550.0
5000000667,20250411,2,214,1,,3,15000.0,0.0,45000.0
5000000668,20250411,1,214,1,,1,12000.0,600.0,11400.0
5000001059,20250411,1,1366,1,,3,12000.0,0.0,36000.0
5000001193,20250411,2,498,2,1.0,1,16500.0,1650.0,14850.0
5000002676,20250411,1,107,1,,1,12600.0,1260.0,11340.0
5000002677,20250411,2,107,1,,3,15000.0,2250.0,42750.0
5000002859,20250411,2,1414,1,,3,15000.0,900.0,44100.0
5000002860,20250411,1,1414,1,,3,12000.0,0.0,36000.0
5000003479,20250411,1,136,1,,1,12600.0,252.0,12348.0
5000003480,20250411,2,136,1,,1,15000.0,300.0,14700.0
5000003686,20250411,2,568,1,,1,15000.0,0.0,15000.0
5000003691,20250411,1,185,1,,1,10800.0,0.0,10800.0
5000003692,20250411,1,185,1,,2,12000.0,2400.0,21600.0
5000004493,20250411,1,1191,2,4.0,2,12000.0,480.0,23520.0
5000004494,20250411,1,1191,2,4.0,3,12600.0,0.0,37800.0
5000004551,20250411,2,1358,1,,2,15000.0,3000.0,27000.0
5000004552,20250411,1,1358,1,,3,12000.0,3600.0,32400.0
5000005335,20250411,2,914,1,,2,15000.0,3000.0,27000.0
5000005824,20250411,2,507,2,2.0,1,15000.0,300.0,14700.0
5000006400,20250411,1,91,1,,1,10800.0,1080.0,9720.0
5000006414,20250411,2,1466,1,,3,15750.0,0.0,47250.0
5000007186,20250411,2,1315,2,2.0,1,15000.0,1500.0,13500.0
5000007187,20250411,1,1315,2,2.0,2,12000.0,2400.0,21600.0
5000008037,20250411,1,167,2,3.0,1,12000.0,0.0,12000.0
5000008237,20250411,2,195,1,,1,15000.0,300.0,14700.0
5000008238,20250411,2,195,1,,3,16500.0,0.0,49500.0
5000009074,20250411,1,522,2,4.0,1,12000.0,600.0,11400.0
5000009815,20250411,2,812,2,3.0,3,15000.0,0.0,45000.0
5000010178,20250411,1,949,2,4.0,3,13200.0,3960.0,35640.0
5000010179,20250411,2,949,2,4.0,1,16500.0,330.0,16170.0
5000013245,20250411,1,884,2,4.0,3,12000.0,1800.0,34200.0
5000013246,20250411,2,884,2,4.0,1,15000.0,0.0,15000.0
5000014637,20250411,2,1226,1,,2,15750.0,630.0,30870.0
5000014913,20250411,2,1202,1,,3,15000.0,2250.0,42750.0
5000014914,20250411,1,1202,1,,3,12000.0,1800.0,34200.0
5000014972,20250411,1,1184,1,,3,12000.0,3600.0,32400.0
5000014973,20250411,1,1184,1,,2,12000.0,480.0,23520.0
5000014974,20250411,1,1184,1,,3,10800.0,648.0,31752.0
5000015190,20250411,2,986,2,3.0,3,15750.0,0.0,47250.0
5000015281,20250411,2,11,1,,2,13500.0,0.0,27000.0
5000015282,20250411,2,11,1,,1,15000.0,750.0,14250.0
5000015613,20250411,2,1384,1,,3,15750.0,945.0,46305.0
5000016026,20250411,2,999,1,,1,13500.0,1350.0,12150.0
5000000080,20250412,1,659,1,,2,12000.0,0.0,24000.0
5000000081,20250412,2,659,1,,3,16500.0,2475.0,47025.0
5000000573,20250412,1,1051,2,1.0,3,10800.0,3240.0,29160.0
5000000574,20250412,2,1051,2,1.0,2,16500.0,3300.0,29700.0
5000001197,20250412,2,4,2,2.0,3,15000.0,0.0,45000.0
5000001198,20250412,2,4,2,2.0,1,15000.0,750.0,14250.0
5000002817,20250412,1,991,2,3.0,1,12000.0,1200.0,10800.0
5000002898,20250412,1,1135,2,1.0,1,12000.0,600.0,11400.0
5000004583,20250412,1,790,2,2.0,1,12000.0,240.0,11760.0
5000004886,20250412,1,1225,1,,2,12000.0,0.0,24000.0
5000005365,20250412,1,1440,1,,1,12000.0,240.0,11760.0
5000005366,20250412,2,1440,1,,2,15000.0,1500.0,28500.0
5000005894,20250412,1,1233,2,1.0,1,10800.0,216.0,10584.0
5000007423,20250412,1,1347,2,3.0,2,12000.0,1200.0,22800.0
5000009291,20250412,1,498,1,,2,12000.0,0.0,24000.0
5000009586,20250412,1,140,1,,1,12600.0,1260.0,11340.0
5000010051,20250412,1,1315,2,1.0,2,12000.0,2400.0,21600.0
5000010085,20250412,1,436,1,,1,10800.0,0.0,10800.0
5000010175,20250412,2,1365,1,,3,15000.0,900.0,44100.0
5000010463,20250412,2,885,1,,2,15000.0,3000.0,27000.0
5000010830,20250412,1,1198,1,,2,12000.0,0.0,24000.0
5000010867,20250412,2,275,2,2.0,3,15000.0,0.0,45000.0
5000010868,20250412,2,275,2,2.0,3,13500.0,4050.0,36450.0
5000011262,20250412,1,452,1,,3,12000.0,1800.0,34200.0
5000014214,20250412,2,302,2,4.0,2,15000.0,1500.0,28500.0
5000014546,20250412,2,1202,2,1.0,1,15750.0,0.0,15750.0
5000014547,20250412,2,1202,2,1.0,3,16500.0,990.0,48510.0
5000014980,20250412,1,652,2,1.0,1,12600.0,1260.0,11340.0
5000015218,20250412,2,590,2,3.0,3,15000.0,0.0,45000.0
5000015268,20250412,2,1116,2,2.0,3,13500.0,2025.0,38475.0
5000000411,20250413,1,979,1,,2,12600.0,0.0,25200.0
5000001224,20250413,2,797,1,,2,15000.0,0.0,30000.0
5000001225,20250413,2,797,1,,2,16500.0,660.0,32340.0
5000002739,20250413,2,927,2,4.0,3,15750.0,2362.5,44887.5
5000002977,20250413,2,991,1,,2,15000.0,3000.0,27000.0
5000002978,20250413,1,991,1,,2,12600.0,2520.0,22680.0
5000003626,20250413,2,1453,1,,1,15000.0,1500.0,13500.0
5000004239,20250413,2,376,2,3.0,3,15000.0,900.0,44100.0
5000006570,20250413,1,582,1,,3,10800.0,3240.0,29160.0
5000006640,20250413,2,1028,1,,2,15000.0,3000.0,27000.0
5000006790,20250413,2,276,1,,3,15750.0,2362.5,44887.5
5000006950,20250413,2,1023,2,4.0,2,13500.0,1350.0,25650.0
5000007942,20250413,2,1232,2,1.0,2,15000.0,0.0,30000.0
5000007943,20250413,1,1232,2,1.0,2,12000.0,480.0,23520.0
5000007966,20250413,1,138,2,3.0,2,12600.0,504.0,24696.0
5000008539,20250413,2,723,1,,1,15000.0,750.0,14250.0
5000009279,20250413,2,152,2,1.0,1,16500.0,0.0,16500.0
5000009280,20250413,2,152,2,1.0,1,15000.0,750.0,14250.0
5000010706,20250413,1,134,2,1.0,2,12600.0,2520.0,22680.0
5000011582,20250413,1,1200,1,,2,12000.0,0.0,24000.0
5000011583,20250413,2,1200,1,,2,15000.0,3000.0,27000.0
5000013548,20250413,1,1314,2,2.0,2,12600.0,1260.0,23940.0
5000015579,20250413,2,1016,1,,1,16500.0,0.0,16500.0
5000015580,20250413,2,1016,1,,2,15000.0,3000.0,27000.0
5000015720,20250413,2,236,1,,2,15000.0,1500.0,28500.0
5000000501,20250414,2,1048,2,2.0,3,15000.0,900.0,44100.0
5000000673,20250414,1,920,2,2.0,3,12000.0,1800.0,34200.0
5000002078,20250414,1,878,1,,2,12000.0,480.0,23520.0
5000002079,20250414,2,878,1,,1,15000.0,750.0,14250.0
5000002927,20250414,1,235,1,,3,10800.0,1620.0,30780.0
5000003851,20250414,2,77,2,1.0,3,13500.0,2025.0,38475.0
5000004548,20250414,1,553,1,,3,10800.0,0.0,32400.0
5000004549,20250414,2,553,1,,2,15000.0,600.0,29400.0
5000005973,20250414,2,119,1,,3,15000.0,2250.0,42750.0
5000007802,20250414,1,418,1,,3,12000.0,0.0,36000.0
5000007860,20250414,2,1269,2,2.0,3,13500.0,4050.0,36450.0
5000008079,20250414,2,669,1,,2,13500.0,1350.0,25650.0
5000008080,20250414,1,669,1,,3,10800.0,1620.0,30780.0
5000008944,20250414,1,1315,1,,2,12000.0,1200.0,22800.0
5000008945,20250414,2,1315,1,,2,15000.0,1500.0,28500.0
5000010259,20250414,1,1289,2,2.0,2,12000.0,480.0,23520.0
5000010260,20250414,1,1289,2,2.0,3,12600.0,0.0,37800.0
5000011233,20250414,1,1359,2,3.0,1,12000.0,240.0,11760.0
5000011234,20250414,1,1359,2,3.0,1,12600.0,1260.0,11340.0
5000011349,20250414,1,685,2,2.0,2,12000.0,0.0,24000.0
5000012611,20250414,1,363,1,,3,12000.0,720.0,35280.0
5000015787,20250414,1,1252,1,,2,12000.0,480.0,23520.0
5000000731,20250415,1,768,1,,3,12600.0,3780.0,34020.0
5000001110,20250415,2,591,1,,3,15000.0,0.0,45000.0
5000002588,20250415,1,1380,1,,3,10800.0,648.0,31752.0
5000005193,20250415,1,748,1,,3,12000.0,0.0,36000.0
5000006453,20250415,1,807,1,,3,13200.0,3960.0,35640.0
5000007801,20250415,2,1151,1,,3,15000.0,900.0,44100.0
5000007953,20250415,1,944,1,,1,12000.0,0.0,12000.0
5000008850,20250415,1,553,2,2.0,3,12000.0,1800.0,34200.0
5000010274,20250415,1,1179,2,4.0,2,12600.0,504.0,24696.0
5000010515,20250415,2,179,1,,2,15000.0,3000.0,27000.0
5000010968,20250415,1,1489,1,,2,10800.0,2160.0,19440.0
5000011048,20250415,2,424,2,1.0,3,15750.0,0.0,47250.0
5000011591,20250415,1,243,1,,3,10800.0,648.0,31752.0
5000011592,20250415,2,243,1,,3,15000.0,4500.0,40500.0
5000013518,20250415,2,61,1,,1,15000.0,300.0,14700.0
5000013570,20250415,2,1252,2,4.0,1,15000.0,0.0,15000.0
5000014294,20250415,1,717,2,1.0,1,10800.0,540.0,10260.0
5000014644,20250415,1,501,1,,2,12000.0,1200.0,22800.0
5000014645,20250415,1,501,1,,3,10800.0,648.0,31752.0
5000015584,20250415,2,272,1,,3,16500.0,4950.0,44550.0
5000015585,20250415,1,272,1,,1,10800.0,216.0,10584.0
5000015947,20250415,1,837,1,,1,12000.0,0.0,12000.0
5000000840,20250416,2,1117,1,,2,15000.0,3000.0,27000.0
5000002017,20250416,2,222,1,,2,15000.0,600.0,29400.0
5000002065,20250416,1,604,2,2.0,3,10800.0,1620.0,30780.0
5000002066,20250416,1,604,2,2.0,2,12000.0,480.0,23520.0
5000002374,20250416,2,977,2,4.0,3,15000.0,900.0,44100.0
5000002595,20250416,1,114,1,,2,13200.0,2640.0,23760.0
5000004011,20250416,1,900,1,,3,12000.0,1800.0,34200.0
5000004012,20250416,1,900,1,,2,12000.0,1200.0,22800.0
5000004042,20250416,1,1054,1,,1,12000.0,600.0,11400.0
5000004043,20250416,1,1054,1,,1,12600.0,1260.0,11340.0
5000004243,20250416,1,909,1,,1,10800.0,216.0,10584.0
5000004488,20250416,2,744,1,,3,15000.0,900.0,44100.0
5000004556,20250416,2,437,2,4.0,1,15000.0,750.0,14250.0
5000004557,20250416,2,437,2,4.0,2,16500.0,0.0,33000.0
5000004558,20250416,1,437,2,4.0,3,12000.0,0.0,36000.0
5000006765,20250416,2,1368,1,,1,15000.0,300.0,14700.0
5000006766,20250416,2,1368,1,,2,15750.0,1575.0,29925.0
5000007515,20250416,2,1236,2,1.0,1,15750.0,315.0,15435.0
5000007516,20250416,2,1236,2,1.0,2,16500.0,3300.0,29700.0
5000007815,20250416,1,462,2,4.0,3,12000.0,3600.0,32400.0
5000008065,20250416,2,1411,1,,1,15000.0,0.0,15000.0
5000008552,20250416,2,746,1,,3,15000.0,4500.0,40500.0
5000008553,20250416,1,746,1,,3,12600.0,0.0,37800.0
5000010132,20250416,2,1080,2,1.0,3,16500.0,2475.0,47025.0
5000010441,20250416,1,252,2,1.0,3,12000.0,0.0,36000.0
5000010948,20250416,1,832,2,1.0,3,12600.0,3780.0,34020.0
5000010949,20250416,2,832,2,1.0,3,15000.0,0.0,45000.0
5000011788,20250416,2,589,2,3.0,3,15000.0,0.0,45000.0
5000011789,20250416,2,589,2,3.0,2,15750.0,630.0,30870.0
5000012070,20250416,1,1042,1,,1,10800.0,1080.0,9720.0
5000012071,20250416,2,1042,1,,2,15750.0,3150.0,28350.0
5000014655,20250416,2,952,1,,1,15750.0,787.5,14962.5
5000015922,20250416,2,1455,1,,3,16500.0,990.0,48510.0
5000015923,20250416,2,1455,1,,1,15000.0,750.0,14250.0
5000000929,20250417,2,396,1,,2,16500.0,660.0,32340.0
5000001080,20250417,2,57,1,,3,15000.0,0.0,45000.0
5000002081,20250417,2,1236,1,,1,15000.0,750.0,14250.0
5000002082,20250417,2,1236,1,,1,15750.0,1575.0,14175.0
5000002284,20250417,1,774,1,,1,12000.0,0.0,12000.0
5000002285,20250417,1,774,1,,3,12000.0,1800.0,34200.0
5000002567,20250417,2,27,2,1.0,2,15750.0,1575.0,29925.0
5000002568,20250417,2,27,2,1.0,2,16500.0,660.0,32340.0
5000004603,20250417,1,868,2,4.0,2,12600.0,504.0,24696.0
5000005228,20250417,2,299,2,3.0,2,15000.0,600.0,29400.0
5000005383,20250417,2,775,2,1.0,3,16500.0,2475.0,47025.0
5000005384,20250417,1,775,2,1.0,2,12000.0,2400.0,21600.0
5000005975,20250417,1,603,1,,3,12000.0,1800.0,34200.0
5000008226,20250417,1,547,2,4.0,2,12000.0,480.0,23520.0
5000008865,20250417,2,994,1,,1,16500.0,0.0,16500.0
5000009534,20250417,1,206,1,,3,12000.0,0.0,36000.0
5000009850,20250417,2,1435,1,,3,15000.0,900.0,44100.0
5000010271,20250417,1,1224,2,1.0,2,13200.0,0.0,26400.0
5000010731,20250417,1,1163,1,,3,12600.0,3780.0,34020.0
5000010732,20250417,2,1163,1,,2,15000.0,600.0,29400.0
5000011799,20250417,2,187,1,,3,15000.0,0.0,45000.0
5000013599,20250417,1,1174,2,1.0,2,12600.0,504.0,24696.0
5000013737,20250417,2,148,2,3.0,1,15000.0,300.0,14700.0
5000014548,20250417,1,278,2,3.0,1,12600.0,1260.0,11340.0
5000014549,20250417,1,278,2,3.0,2,12000.0,480.0,23520.0
5000015148,20250417,2,542,2,2.0,3,15000.0,0.0,45000.0
5000015149,20250417,1,542,2,2.0,2,10800.0,2160.0,19440.0
5000001445,20250418,1,145,2,4.0,2,12600.0,0.0,25200.0
5000001482,20250418,1,1015,1,,3,12600.0,756.0,37044.0
5000003973,20250418,1,511,2,3.0,1,12000.0,1200.0,10800.0
5000003974,20250418,1,511,2,3.0,1,12000.0,0.0,12000.0
5000005272,20250418,1,204,1,,1,12600.0,1260.0,11340.0
5000005355,20250418,2,1388,1,,3,13500.0,0.0,40500.0
5000005356,20250418,1,1388,1,,1,10800.0,1080.0,9720.0
5000005606,20250418,1,298,2,4.0,2,10800.0,432.0,21168.0
5000006699,20250418,1,859,2,3.0,1,12000.0,1200.0,10800.0
5000007019,20250418,2,644,1,,2,15000.0,3000.0,27000.0
5000007428,20250418,2,1358,2,1.0,2,15000.0,1500.0,28500.0
5000008221,20250418,1,1281,2,1.0,1,12000.0,240.0,11760.0
5000009567,20250418,1,1067,1,,3,12000.0,3600.0,32400.0
5000009568,20250418,1,1067,1,,1,12000.0,240.0,11760.0
5000010174,20250418,1,1202,2,2.0,3,13200.0,0.0,39600.0
5000010300,20250418,1,1465,2,4.0,3,12000.0,0.0,36000.0
5000010301,20250418,2,1465,2,4.0,3,15000.0,2250.0,42750.0
5000010713,20250418,1,343,2,2.0,1,13200.0,0.0,13200.0
5000010847,20250418,2,691,1,,3,15750.0,0.0,47250.0
5000011036,20250418,1,99,1,,2,12000.0,0.0,24000.0
5000011051,20250418,2,661,1,,2,15000.0,1500.0,28500.0
5000011083,20250418,2,1215,2,1.0,1,15000.0,1500.0,13500.0
5000011084,20250418,1,1215,2,1.0,2,12000.0,2400.0,21600.0
5000011230,20250418,1,1295,1,,1,13200.0,264.0,12936.0
5000011231,20250418,2,1295,1,,1,15750.0,0.0,15750.0
5000011692,20250418,2,484,1,,3,15000.0,900.0,44100.0
5000011845,20250418,2,1296,1,,2,16500.0,1650.0,31350.0
5000012751,20250418,2,1117,1,,1,15750.0,0.0,15750.0
5000012752,20250418,2,1117,1,,2,15000.0,3000.0,27000.0
5000013910,20250418,2,1144,1,,3,15000.0,2250.0,42750.0
5000016043,20250418,2,72,2,4.0,3,13500.0,0.0,40500.0
5000016044,20250418,2,72,2,4.0,2,15000.0,0.0,30000.0
5000000494,20250419,2,1154,1,,2,13500.0,0.0,27000.0
5000000884,20250419,2,1394,1,,3,15000.0,0.0,45000.0
5000002731,20250419,2,588,1,,2,15000.0,600.0,29400.0
5000002732,20250419,1,588,1,,1,12000.0,0.0,12000.0
5000003535,20250419,2,702,2,4.0,2,13500.0,540.0,26460.0
5000004143,20250419,2,1235,1,,3,15000.0,4500.0,40500.0
5000004176,20250419,2,152,1,,1,13500.0,1350.0,12150.0
5000004177,20250419,2,152,1,,3,15000.0,2250.0,42750.0
5000004267,20250419,2,960,2,2.0,3,16500.0,4950.0,44550.0
5000004905,20250419,1,516,1,,2,12600.0,0.0,25200.0
5000005278,20250419,2,397,2,4.0,3,15750.0,2362.5,44887.5
5000007455,20250419,2,384,1,,3,15000.0,2250.0,42750.0
5000007775,20250419,1,849,1,,1,10800.0,216.0,10584.0
5000010239,20250419,2,344,1,,1,15750.0,0.0,15750.0
5000011709,20250419,2,417,2,3.0,3,15750.0,2362.5,44887.5
5000012572,20250419,1,573,2,1.0,3,12000.0,3600.0,32400.0
5000012573,20250419,1,573,2,1.0,1,10800.0,0.0,10800.0
5000013498,20250419,2,400,1,,1,15750.0,787.5,14962.5
5000013540,20250419,2,1209,2,4.0,3,15000.0,4500.0,40500.0
5000013541,20250419,2,1209,2,4.0,1,15750.0,315.0,15435.0
5000013975,20250419,2,18,2,4.0,1,15000.0,0.0,15000.0
5000000176,20250420,1,1189,1,,1,10800.0,1080.0,9720.0
5000000177,20250420,2,1189,1,,3,15000.0,4500.0,40500.0
5000000178,20250420,1,1189,1,,3,12000.0,3600.0,32400.0
5000001797,20250420,1,188,1,,3,12000.0,3600.0,32400.0
5000001956,20250420,2,42,2,3.0,2,13500.0,2700.0,24300.0
5000001957,20250420,2,42,2,3.0,1,13500.0,675.0,12825.0
5000002146,20250420,2,800,2,4.0,2,15750.0,3150.0,28350.0
5000003160,20250420,1,347,1,,3,12600.0,1890.0,35910.0
5000003161,20250420,2,347,1,,3,13500.0,810.0,39690.0
5000004338,20250420,2,1232,1,,2,15000.0,600.0,29400.0
5000005565,20250420,2,271,1,,1,13500.0,270.0,13230.0
5000005566,20250420,2,271,1,,2,15000.0,3000.0,27000.0
5000005567,20250420,2,271,1,,2,15000.0,0.0,30000.0
5000005826,20250420,2,1090,2,1.0,3,16500.0,990.0,48510.0
5000005827,20250420,2,1090,2,1.0,1,15000.0,1500.0,13500.0
5000006824,20250420,1,109,1,,2,13200.0,1320.0,25080.0
5000006861,20250420,1,1081,2,4.0,2,12000.0,480.0,23520.0
5000008455,20250420,1,1083,2,1.0,2,12600.0,1260.0,23940.0
5000009120,20250420,1,1116,1,,3,13200.0,3960.0,35640.0
5000010219,20250420,1,182,2,3.0,1,12600.0,0.0,12600.0
5000010295,20250420,1,628,1,,1,12000.0,0.0,12000.0
5000010296,20250420,2,628,1,,1,13500.0,675.0,12825.0
5000010297,20250420,2,628,1,,2,15000.0,3000.0,27000.0
5000010605,20250420,1,140,1,,1,12000.0,0.0,12000.0
5000010627,20250420,1,1450,1,,3,12000.0,720.0,35280.0
5000010640,20250420,1,354,1,,2,13200.0,528.0,25872.0
5000010641,20250420,2,354,1,,1,16500.0,0.0,16500.0
5000011768,20250420,1,1128,1,,2,10800.0,2160.0,19440.0
5000013113,20250420,2,1199,1,,2,15750.0,3150.0,28350.0
5000013342,20250420,2,1436,1,,2,13500.0,0.0,27000.0
5000014221,20250420,2,414,1,,1,15750.0,1575.0,14175.0
5000016048,20250420,2,413,2,2.0,3,15000.0,0.0,45000.0
5000000033,20250421,1,793,1,,3,12600.0,756.0,37044.0
5000001034,20250421,1,724,1,,2,10800.0,432.0,21168.0
5000003131,20250421,1,974,1,,1,12000.0,240.0,11760.0
5000003132,20250421,2,974,1,,1,15000.0,750.0,14250.0
5000004776,20250421,1,1463,1,,1,12000.0,600.0,11400.0
5000006274,20250421,1,232,1,,1,10800.0,540.0,10260.0
5000006275,20250421,2,232,1,,2,15000.0,1500.0,28500.0
5000008278,20250421,1,628,1,,1,12600.0,0.0,12600.0
5000008479,20250421,1,700,1,,1,12600.0,1260.0,11340.0
5000010246,20250421,2,1392,1,,1,15000.0,1500.0,13500.0
5000010247,20250421,2,1392,1,,3,13500.0,2025.0,38475.0
5000010821,20250421,2,344,2,2.0,2,15750.0,1575.0,29925.0
5000011316,20250421,2,367,1,,1,15000.0,750.0,14250.0
5000011317,20250421,1,367,1,,1,12600.0,630.0,11970.0
5000011346,20250421,1,707,2,1.0,2,12000.0,2400.0,21600.0
5000011600,20250421,1,657,1,,1,10800.0,216.0,10584.0
5000013700,20250421,2,748,1,,3,15000.0,4500.0,40500.0
5000014264,20250421,1,1193,1,,3,12600.0,0.0,37800.0
5000015419,20250421,1,336,1,,3,12000.0,0.0,36000.0
5000000590,20250422,2,723,2,1.0,3,15750.0,4725.0,42525.0
5000000591,20250422,2,723,2,1.0,1,15000.0,300.0,14700.0
5000000592,20250422,2,723,2,1.0,3,15000.0,2250.0,42750.0
5000001470,20250422,2,447,1,,1,13500.0,1350.0,12150.0
5000001471,20250422,1,447,1,,3,12000.0,0.0,36000.0
5000002583,20250422,1,1399,2,2.0,2,12000.0,480.0,23520.0
5000002646,20250422,1,388,1,,3,12000.0,1800.0,34200.0
5000002738,20250422,1,757,2,4.0,3,12000.0,1800.0,34200.0
5000003958,20250422,1,739,1,,1,12600.0,630.0,11970.0
5000004582,20250422,2,1101,1,,2,15000.0,600.0,29400.0
5000005096,20250422,1,1407,1,,3,12000.0,720.0,35280.0
5000005835,20250422,2,1189,2,1.0,1,15000.0,750.0,14250.0
5000005836,20250422,1,1189,2,1.0,1,12600.0,252.0,12348.0
5000006204,20250422,1,1311,2,4.0,3,10800.0,0.0,32400.0
5000006953,20250422,1,680,1,,2,12000.0,2400.0,21600.0
5000007494,20250422,1,853,1,,1,10800.0,540.0,10260.0
5000007495,20250422,2,209,2,4.0,1,15750.0,315.0,15435.0
5000007941,20250422,2,1186,1,,2,15000.0,1500.0,28500.0
5000008004,20250422,2,1236,1,,1,15000.0,300.0,14700.0
5000008005,20250422,1,1236,1,,3,12600.0,3780.0,34020.0
5000009561,20250422,1,845,2,4.0,3,12000.0,3600.0,32400.0
5000010339,20250422,1,1333,1,,3,12000.0,1800.0,34200.0
5000010758,20250422,1,1124,2,1.0,3,12000.0,0.0,36000.0
5000010876,20250422,2,386,1,,2,15750.0,0.0,31500.0
5000011943,20250422,1,1114,1,,3,12000.0,720.0,35280.0
5000011944,20250422,1,1114,1,,3,12600.0,1890.0,35910.0
5000011965,20250422,1,465,1,,3,12000.0,720.0,35280.0
5000012073,20250422,1,949,2,3.0,1,12000.0,0.0,12000.0
5000013018,20250422,2,499,1,,2,15000.0,3000.0,27000.0
5000014059,20250422,2,880,2,4.0,1,15000.0,1500.0,13500.0
5000014193,20250422,2,228,1,,2,15000.0,0.0,30000.0
5000015072,20250422,2,1141,1,,2,13500.0,0.0,27000.0
5000016145,20250422,2,1334,2,2.0,1,15000.0,1500.0,13500.0
5000000338,20250423,1,266,1,,2,12600.0,504.0,24696.0
5000000339,20250423,1,266,1,,2,12000.0,2400.0,21600.0
5000000818,20250423,1,840,1,,2,12000.0,0.0,24000.0
5000000819,20250423,2,840,1,,2,13500.0,2700.0,24300.0
5000001150,20250423,2,470,1,,2,15000.0,600.0,29400.0
5000004222,20250423,1,1281,1,,2,12000.0,1200.0,22800.0
5000004376,20250423,1,760,1,,3,12000.0,1800.0,34200.0
5000006410,20250423,1,649,2,2.0,3,12000.0,3600.0,32400.0
5000006443,20250423,1,588,2,3.0,3,10800.0,0.0,32400.0
5000009360,20250423,1,487,1,,2,12600.0,504.0,24696.0
5000009661,20250423,1,524,1,,3,13200.0,0.0,39600.0
5000010040,20250423,2,1356,1,,3,15000.0,900.0,44100.0
5000010041,20250423,2,1356,1,,2,13500.0,540.0,26460.0
5000012158,20250423,1,1290,2,2.0,2,12000.0,480.0,23520.0
5000012804,20250423,1,59,2,3.0,1,12000.0,0.0,12000.0
5000012805,20250423,1,59,2,3.0,3,12000.0,3600.0,32400.0
5000013397,20250423,1,1261,2,2.0,1,12000.0,600.0,11400.0
5000013406,20250423,2,558,1,,2,15000.0,600.0,29400.0
5000014117,20250423,1,922,2,4.0,2,12000.0,0.0,24000.0
5000014118,20250423,2,922,2,4.0,2,15750.0,0.0,31500.0
5000014448,20250423,2,239,1,,2,15000.0,1500.0,28500.0
5000014449,20250423,1,239,1,,1,12600.0,252.0,12348.0
5000014571,20250423,1,672,2,1.0,2,12000.0,1200.0,22800.0
5000014572,20250423,1,672,2,1.0,1,10800.0,1080.0,9720.0
5000014573,20250423,2,672,2,1.0,3,15750.0,2362.5,44887.5
5000015157,20250423,2,558,1,,2,15000.0,600.0,29400.0
5000015317,20250423,1,256,1,,1,12600.0,1260.0,11340.0
5000015402,20250423,2,1297,1,,1,15000.0,750.0,14250.0
5000015403,20250423,1,1297,1,,1,12600.0,630.0,11970.0
5000000734,20250424,1,1270,2,2.0,2,12000.0,2400.0,21600.0
5000001691,20250424,2,779,1,,3,15000.0,0.0,45000.0
5000002693,20250424,2,82,1,,2,15000.0,3000.0,27000.0
5000002812,20250424,2,320,1,,3,15000.0,0.0,45000.0
5000003234,20250424,1,622,1,,2,12600.0,504.0,24696.0
5000003498,20250424,1,48,1,,3,13200.0,792.0,38808.0
5000005918,20250424,1,617,1,,3,12000.0,3600.0,32400.0
5000005919,20250424,1,617,1,,3,12000.0,0.0,36000.0
5000007424,20250424,1,244,1,,1,10800.0,0.0,10800.0
5000008029,20250424,1,1215,1,,2,12000.0,480.0,23520.0
5000009773,20250424,1,1226,1,,2,12000.0,0.0,24000.0
5000009774,20250424,1,1226,1,,3,12000.0,1800.0,34200.0
5000009813,20250424,1,350,2,2.0,3,12600.0,3780.0,34020.0
5000009814,20250424,1,350,2,2.0,2,12000.0,1200.0,22800.0
5000010324,20250424,2,218,1,,2,15750.0,0.0,31500.0
5000010325,20250424,1,218,1,,3,12600.0,1890.0,35910.0
5000010494,20250424,1,28,2,3.0,3,12000.0,1800.0,34200.0
5000011577,20250424,1,219,1,,3,12600.0,3780.0,34020.0
5000011996,20250424,2,413,2,3.0,3,15750.0,945.0,46305.0
5000011997,20250424,1,413,2,3.0,2,12000.0,480.0,23520.0
5000012145,20250424,1,818,2,2.0,2,13200.0,2640.0,23760.0
5000012966,20250424,1,1009,1,,1,13200.0,660.0,12540.0
5000013552,20250424,1,53,2,3.0,1,10800.0,0.0,10800.0
5000014035,20250424,1,1321,2,3.0,1,12600.0,1260.0,11340.0
5000014036,20250424,1,1321,2,3.0,3,13200.0,792.0,38808.0
5000014068,20250424,1,951,2,2.0,3,12600.0,3780.0,34020.0
5000014262,20250424,1,1173,1,,1,10800.0,1080.0,9720.0
5000014397,20250424,2,519,1,,3,15750.0,945.0,46305.0
5000014398,20250424,1,519,1,,3,12000.0,0.0,36000.0
5000014783,20250424,2,1139,1,,2,15000.0,600.0,29400.0
5000014812,20250424,1,11,1,,2,12000.0,0.0,24000.0
5000015285,20250424,2,576,1,,1,15000.0,0.0,15000.0
5000015286,20250424,1,576,1,,3,12000.0,3600.0,32400.0
5000015287,20250424,1,576,1,,2,13200.0,528.0,25872.0
5000001350,20250425,2,299,1,,1,15000.0,300.0,14700.0
5000001848,20250425,1,1264,1,,1,12000.0,1200.0,10800.0
5000002793,20250425,2,119,1,,3,15000.0,4500.0,40500.0
5000002916,20250425,1,450,2,1.0,2,10800.0,0.0,21600.0
5000002917,20250425,1,450,2,1.0,2,12000.0,1200.0,22800.0
5000002918,20250425,1,450,2,1.0,2,10800.0,432.0,21168.0
5000003657,20250425,1,487,1,,3,10800.0,1620.0,30780.0
5000003658,20250425,1,487,1,,3,12000.0,1800.0,34200.0
5000003904,20250425,2,591,2,3.0,2,15000.0,0.0,30000.0
5000003905,20250425,2,591,2,3.0,1,15000.0,0.0,15000.0
5000004024,20250425,2,1056,2,2.0,2,16500.0,3300.0,29700.0
5000004025,20250425,2,1056,2,2.0,1,15000.0,1500.0,13500.0
5000004047,20250425,2,1223,2,2.0,2,15000.0,1500.0,28500.0
5000006199,20250425,1,585,1,,2,12000.0,0.0,24000.0
5000007980,20250425,1,546,2,3.0,2,12000.0,2400.0,21600.0
5000007981,20250425,2,546,2,3.0,3,13500.0,0.0,40500.0
5000008390,20250425,2,310,2,2.0,1,15000.0,300.0,14700.0
5000010496,20250425,2,1075,2,1.0,3,15750.0,2362.5,44887.5
5000011306,20250425,2,210,1,,1,13500.0,270.0,13230.0
5000015061,20250425,2,110,1,,1,13500.0,1350.0,12150.0
5000015062,20250425,2,110,1,,2,15000.0,1500.0,28500.0
5000015063,20250425,1,110,1,,3,12000.0,1800.0,34200.0
5000016120,20250425,1,1230,1,,2,12600.0,0.0,25200.0
5000000808,20250426,1,1120,1,,1,12600.0,630.0,11970.0
5000000809,20250426,1,1120,1,,2,12600.0,0.0,25200.0
5000000810,20250426,1,1120,1,,3,12000.0,1800.0,34200.0
5000001006,20250426,1,925,1,,1,13200.0,660.0,12540.0
5000001778,20250426,2,641,2,1.0,2,15750.0,0.0,31500.0
5000003870,20250426,2,185,2,2.0,1,15750.0,0.0,15750.0
5000003871,20250426,2,185,2,2.0,3,15000.0,4500.0,40500.0
5000005268,20250426,1,449,1,,2,12600.0,0.0,25200.0
5000005376,20250426,2,204,1,,2,13500.0,0.0,27000.0
5000006376,20250426,2,1127,2,1.0,1,16500.0,825.0,15675.0
5000006924,20250426,2,1366,2,2.0,1,15750.0,0.0,15750.0
5000006925,20250426,1,1366,2,2.0,3,13200.0,792.0,38808.0
5000008453,20250426,1,225,1,,3,10800.0,3240.0,29160.0
5000008454,20250426,1,225,1,,3,12000.0,3600.0,32400.0
5000009003,20250426,1,343,1,,3,12000.0,3600.0,32400.0
5000009004,20250426,1,343,1,,1,12600.0,252.0,12348.0
5000009939,20250426,1,916,2,4.0,3,12000.0,720.0,35280.0
5000011516,20250426,1,1249,1,,2,12000.0,480.0,23520.0
5000011517,20250426,1,1249,1,,3,12000.0,720.0,35280.0
5000011550,20250426,1,798,1,,1,12600.0,1260.0,11340.0
5000011839,20250426,2,765,1,,2,15750.0,3150.0,28350.0
5000011840,20250426,2,765,1,,3,13500.0,4050.0,36450.0
5000011971,20250426,1,1062,1,,3,12600.0,0.0,37800.0
5000013258,20250426,1,1029,1,,3,12000.0,1800.0,34200.0
5000013259,20250426,1,1029,1,,3,12000.0,0.0,36000.0
5000014502,20250426,1,956,1,,3,12000.0,720.0,35280.0
5000014503,20250426,1,956,1,,3,12000.0,3600.0,32400.0
5000014932,20250426,2,1314,2,3.0,1,15000.0,0.0,15000.0
5000015698,20250426,1,221,1,,1,13200.0,0.0,13200.0
5000015699,20250426,2,221,1,,3,15000.0,4500.0,40500.0
5000015740,20250426,2,1425,1,,2,15750.0,630.0,30870.0
5000000426,20250427,2,708,2,1.0,1,15750.0,1575.0,14175.0
5000000427,20250427,2,708,2,1.0,3,15000.0,0.0,45000.0
5000001049,20250427,1,874,2,3.0,3,12000.0,3600.0,32400.0
5000001050,20250427,2,874,2,3.0,3,15000.0,4500.0,40500.0
5000003261,20250427,2,960,1,,2,15000.0,0.0,30000.0
5000003262,20250427,2,960,1,,3,15000.0,900.0,44100.0
5000003557,20250427,1,629,2,1.0,3,12000.0,720.0,35280.0
5000005159,20250427,1,1078,1,,1,12000.0,600.0,11400.0
5000007922,20250427,2,1339,1,,1,15750.0,787.5,14962.5
5000008411,20250427,1,188,1,,2,12000.0,0.0,24000.0
5000008412,20250427,2,188,1,,2,16500.0,0.0,33000.0
5000008953,20250427,1,873,1,,1,12000.0,600.0,11400.0
5000008954,20250427,1,873,1,,2,12000.0,0.0,24000.0
5000008955,20250427,2,873,1,,1,15000.0,750.0,14250.0
5000009378,20250427,1,372,1,,1,12000.0,0.0,12000.0
5000010838,20250427,2,97,1,,1,13500.0,1350.0,12150.0
5000000712,20250428,1,843,1,,3,12000.0,1800.0,34200.0
5000001078,20250428,2,1202,2,4.0,3,15000.0,2250.0,42750.0
5000001268,20250428,1,564,1,,1,12000.0,1200.0,10800.0
5000001601,20250428,2,700,1,,1,15000.0,300.0,14700.0
5000001602,20250428,1,700,1,,1,12000.0,240.0,11760.0
5000001910,20250428,1,384,2,2.0,2,12000.0,2400.0,21600.0
5000001911,20250428,1,384,2,2.0,3,12000.0,3600.0,32400.0
5000001912,20250428,2,384,2,2.0,2,15000.0,600.0,29400.0
5000005960,20250428,1,1483,1,,3,12600.0,0.0,37800.0
5000005961,20250428,2,1483,1,,3,15000.0,4500.0,40500.0
5000006367,20250428,2,259,2,3.0,2,15750.0,630.0,30870.0
5000006368,20250428,2,259,2,3.0,1,15000.0,1500.0,13500.0
5000006379,20250428,1,73,2,4.0,2,12000.0,0.0,24000.0
5000006578,20250428,2,423,2,3.0,3,15750.0,2362.5,44887.5
5000007081,20250428,2,352,1,,2,15000.0,0.0,30000.0
5000007341,20250428,1,549,1,,1,10800.0,0.0,10800.0
5000007356,20250428,1,1117,1,,3,12000.0,0.0,36000.0
5000007465,20250428,2,276,1,,2,15000.0,3000.0,27000.0
5000008635,20250428,2,696,2,4.0,1,15000.0,0.0,15000.0
5000008636,20250428,1,696,2,4.0,3,12000.0,1800.0,34200.0
5000009687,20250428,1,1300,1,,2,10800.0,432.0,21168.0
5000010584,20250428,2,523,2,2.0,3,15000.0,2250.0,42750.0
5000010998,20250428,2,1281,1,,2,15000.0,3000.0,27000.0
5000010999,20250428,2,1281,1,,3,15750.0,0.0,47250.0
5000011756,20250428,1,1111,2,3.0,1,12000.0,240.0,11760.0
5000012092,20250428,1,960,2,1.0,1,12000.0,0.0,12000.0
5000012093,20250428,2,960,2,1.0,2,15750.0,3150.0,28350.0
5000012629,20250428,2,275,1,,3,15000.0,2250.0,42750.0
5000012756,20250428,1,71,1,,3,12000.0,0.0,36000.0
5000013827,20250428,1,1295,2,1.0,3,12000.0,0.0,36000.0
5000014014,20250428,2,574,2,2.0,3,16500.0,0.0,49500.0
5000015381,20250428,1,972,1,,3,12000.0,3600.0,32400.0
5000015382,20250428,2,972,1,,3,15000.0,2250.0,42750.0
5000000393,20250429,2,1072,2,4.0,1,15000.0,300.0,14700.0
5000000394,20250429,1,1072,2,4.0,1,12600.0,630.0,11970.0
5000000761,20250429,2,531,2,1.0,3,13500.0,810.0,39690.0
5000000924,20250429,2,1345,1,,3,15000.0,0.0,45000.0
5000001388,20250429,2,264,2,2.0,2,13500.0,0.0,27000.0
5000001906,20250429,1,116,2,3.0,1,12600.0,0.0,12600.0
5000002370,20250429,1,1333,1,,2,12000.0,0.0,24000.0
5000002941,20250429,1,1268,1,,1,12000.0,600.0,11400.0
5000003325,20250429,1,1081,1,,1,13200.0,0.0,13200.0
5000003326,20250429,1,1081,1,,1,12000.0,1200.0,10800.0
5000003959,20250429,1,1298,1,,1,12000.0,600.0,11400.0
5000003960,20250429,2,1298,1,,3,13500.0,2025.0,38475.0
5000005373,20250429,2,485,1,,1,15000.0,750.0,14250.0
5000009081,20250429,1,406,1,,2,12000.0,2400.0,21600.0
5000009082,20250429,2,406,1,,1,13500.0,0.0,13500.0
5000009463,20250429,1,412,1,,1,12600.0,630.0,11970.0
5000010526,20250429,1,549,1,,3,12000.0,1800.0,34200.0
5000010527,20250429,2,549,1,,3,15750.0,4725.0,42525.0
5000010886,20250429,1,64,2,4.0,3,12000.0,3600.0,32400.0
5000011029,20250429,2,240,2,3.0,2,15000.0,0.0,30000.0
5000011030,20250429,2,240,2,3.0,1,15000.0,1500.0,13500.0
5000012186,20250429,1,1029,1,,2,12000.0,1200.0,22800.0
5000013216,20250429,2,1062,1,,1,15000.0,1500.0,13500.0
5000013511,20250429,2,681,1,,2,15000.0,0.0,30000.0
5000000555,20250430,2,424,2,2.0,1,15000.0,300.0,14700.0
5000000660,20250430,2,1180,2,3.0,2,16500.0,3300.0,29700.0
5000000661,20250430,1,1180,2,3.0,3,13200.0,0.0,39600.0
5000001538,20250430,1,457,2,2.0,2,13200.0,528.0,25872.0
5000001539,20250430,2,457,2,2.0,3,15000.0,4500.0,40500.0
5000001824,20250430,1,544,1,,1,12000.0,600.0,11400.0
5000001980,20250430,2,612,2,3.0,1,15000.0,1500.0,13500.0
5000002187,20250430,2,1305,2,4.0,3,13500.0,810.0,39690.0
5000004124,20250430,2,521,1,,3,15750.0,2362.5,44887.5
5000004980,20250430,1,504,1,,2,10800.0,432.0,21168.0
5000005205,20250430,2,1262,1,,1,15000.0,1500.0,13500.0
5000005633,20250430,2,64,1,,2,13500.0,2700.0,24300.0
5000005915,20250430,1,1370,1,,1,10800.0,0.0,10800.0
5000005916,20250430,1,1370,1,,2,12000.0,1200.0,22800.0
5000005917,20250430,1,1370,1,,1,12000.0,600.0,11400.0
5000006802,20250430,1,1418,1,,1,13200.0,660.0,12540.0
5000009087,20250430,2,867,1,,1,15000.0,0.0,15000.0
5000009088,20250430,1,867,1,,2,12000.0,0.0,24000.0
5000009089,20250430,1,867,1,,3,10800.0,0.0,32400.0
5000011905,20250430,1,921,1,,2,12000.0,1200.0,22800.0
5000013225,20250430,2,1003,2,1.0,3,15000.0,2250.0,42750.0
5000013883,20250430,2,672,1,,2,15000.0,0.0,30000.0
5000014273,20250430,2,1496,1,,1,15000.0,1500.0,13500.0
5000014468,20250430,2,41,1,,3,16500.0,0.0,49500.0
5000015016,20250430,2,1150,1,,1,15000.0,1500.0,13500.0
5000015017,20250430,1,1150,1,,3,10800.0,1620.0,30780.0
5000000765,20250501,1,196,1,,1,13200.0,0.0,13200.0
5000000958,20250501,2,504,1,,1,15000.0,1500.0,13500.0
5000001859,20250501,1,1095,2,2.0,1,12000.0,600.0,11400.0
5000002644,20250501,1,763,1,,2,12000.0,480.0,23520.0
5000004221,20250501,1,732,1,,3,12000.0,3600.0,32400.0
5000004758,20250501,2,1215,1,,1,15000.0,300.0,14700.0
5000005627,20250501,1,285,1,,2,10800.0,1080.0,20520.0
5000007290,20250501,1,859,1,,3,10800.0,0.0,32400.0
5000008491,20250501,2,231,2,3.0,2,15000.0,600.0,29400.0
5000008885,20250501,2,261,1,,1,15000.0,300.0,14700.0
5000008886,20250501,2,261,1,,1,15000.0,0.0,15000.0
5000009555,20250501,1,1180,1,,2,12000.0,2400.0,21600.0
5000011450,20250501,1,1080,1,,2,12000.0,480.0,23520.0
5000011451,20250501,2,1080,1,,2,15000.0,0.0,30000.0
5000012310,20250501,1,537,1,,1,12000.0,0.0,12000.0
5000012575,20250501,2,1246,1,,1,13500.0,1350.0,12150.0
5000012672,20250501,1,233,2,2.0,1,12000.0,0.0,12000.0
5000012673,20250501,1,233,2,2.0,3,10800.0,3240.0,29160.0
5000014238,20250501,2,832,1,,1,15000.0,300.0,14700.0
5000014239,20250501,2,832,1,,1,13500.0,0.0,13500.0
5000003064,20250502,2,1127,2,4.0,3,16500.0,990.0,48510.0
5000003065,20250502,2,1127,2,4.0,1,13500.0,675.0,12825.0
5000003362,20250502,1,229,1,,2,12000.0,480.0,23520.0
5000006283,20250502,2,507,1,,3,13500.0,0.0,40500.0
5000006284,20250502,1,507,1,,1,12000.0,0.0,12000.0
5000006592,20250502,1,824,2,4.0,1,12000.0,0.0,12000.0
5000006931,20250502,1,836,1,,2,12000.0,2400.0,21600.0
5000006932,20250502,1,836,1,,2,12000.0,1200.0,22800.0
5000006933,20250502,2,836,1,,1,13500.0,0.0,13500.0
5000007565,20250502,1,23,1,,2,10800.0,0.0,21600.0
5000007658,20250502,1,1019,1,,3,10800.0,648.0,31752.0
5000008594,20250502,2,1228,1,,2,15750.0,1575.0,29925.0
5000008928,20250502,2,1292,1,,1,15000.0,1500.0,13500.0
5000008985,20250502,2,990,1,,2,13500.0,0.0,27000.0
5000010013,20250502,2,873,1,,2,13500.0,2700.0,24300.0
5000010360,20250502,2,1327,1,,1,15000.0,300.0,14700.0
5000010704,20250502,2,821,2,1.0,3,15000.0,2250.0,42750.0
5000013855,20250502,1,78,1,,3,10800.0,3240.0,29160.0
5000015983,20250502,2,940,2,2.0,2,15000.0,1500.0,28500.0
5000000241,20250503,2,1485,2,2.0,1,15000.0,1500.0,13500.0
5000000584,20250503,2,945,2,4.0,3,16500.0,990.0,48510.0
5000001019,20250503,1,130,1,,2,12600.0,1260.0,23940.0
5000002138,20250503,1,1024,2,4.0,3,12000.0,0.0,36000.0
5000002662,20250503,1,1166,1,,2,12000.0,2400.0,21600.0
5000003047,20250503,2,860,1,,3,16500.0,0.0,49500.0
5000003391,20250503,2,204,2,2.0,3,15000.0,0.0,45000.0
5000006243,20250503,2,1388,2,3.0,1,15000.0,0.0,15000.0
5000006244,20250503,1,1388,2,3.0,2,12000.0,480.0,23520.0
5000006245,20250503,1,1388,2,3.0,2,12000.0,1200.0,22800.0
5000006431,20250503,1,133,1,,3,12000.0,1800.0,34200.0
5000007099,20250503,1,391,1,,2,12000.0,2400.0,21600.0
5000007302,20250503,1,922,1,,2,13200.0,1320.0,25080.0
5000007444,20250503,2,861,1,,1,13500.0,270.0,13230.0
5000011055,20250503,2,277,1,,1,15000.0,300.0,14700.0
5000012442,20250503,1,175,2,1.0,3,12000.0,1800.0,34200.0
5000012853,20250503,2,687,2,1.0,2,15750.0,3150.0,28350.0
5000013008,20250503,2,1046,2,4.0,1,15000.0,300.0,14700.0
5000014981,20250503,2,294,1,,3,13500.0,0.0,40500.0
5000015055,20250503,1,1337,1,,2,12000.0,0.0,24000.0
5000015854,20250503,2,838,1,,1,15000.0,750.0,14250.0
5000015855,20250503,1,838,1,,1,10800.0,1080.0,9720.0
5000016018,20250503,1,478,2,1.0,3,12000.0,1800.0,34200.0
5000002870,20250504,1,27,2,1.0,1,12600.0,0.0,12600.0
5000003531,20250504,2,31,1,,3,16500.0,4950.0,44550.0
5000003532,20250504,1,31,1,,3,12000.0,720.0,35280.0
5000003553,20250504,1,1230,1,,1,12000.0,600.0,11400.0
5000003554,20250504,1,1230,1,,2,12000.0,0.0,24000.0
5000005027,20250504,1,168,1,,2,12000.0,1200.0,22800.0
5000005032,20250504,2,1362,1,,3,13500.0,0.0,40500.0
5000005101,20250504,2,1298,1,,2,15000.0,0.0,30000.0
5000006608,20250504,1,1276,2,2.0,2,12000.0,480.0,23520.0
5000010961,20250504,1,1291,1,,3,12000.0,3600.0,32400.0
5000011291,20250504,1,1339,1,,1,13200.0,264.0,12936.0
5000013301,20250504,2,1384,1,,1,15000.0,750.0,14250.0
5000014010,20250504,1,47,1,,2,12000.0,2400.0,21600.0
5000014609,20250504,2,1286,1,,1,13500.0,270.0,13230.0
5000015436,20250504,2,1420,1,,3,15000.0,900.0,44100.0
5000016155,20250504,1,1095,1,,2,12000.0,480.0,23520.0
5000016156,20250504,2,1095,1,,3,15000.0,4500.0,40500.0
5000000424,20250505,2,1336,1,,1,15750.0,1575.0,14175.0
5000000425,20250505,2,1336,1,,2,15000.0,0.0,30000.0
5000003175,20250505,1,263,2,2.0,1,10800.0,216.0,10584.0
5000005236,20250505,1,309,2,4.0,3,10800.0,648.0,31752.0
5000005615,20250505,2,768,1,,2,15000.0,0.0,30000.0
5000005616,20250505,1,768,1,,1,12000.0,1200.0,10800.0
5000006946,20250505,2,900,1,,3,15000.0,2250.0,42750.0
5000007233,20250505,1,322,2,2.0,3,12000.0,720.0,35280.0
5000007255,20250505,1,634,1,,1,12600.0,252.0,12348.0
5000008403,20250505,1,684,1,,2,12000.0,2400.0,21600.0
5000011969,20250505,1,619,2,1.0,3,12600.0,3780.0,34020.0
5000012039,20250505,1,864,1,,2,12000.0,2400.0,21600.0
5000012820,20250505,1,139,2,1.0,3,12000.0,1800.0,34200.0
5000013256,20250505,2,137,2,3.0,2,15000.0,1500.0,28500.0
5000013257,20250505,1,137,2,3.0,3,12000.0,0.0,36000.0
5000013646,20250505,1,16,2,3.0,1,12000.0,0.0,12000.0
5000014211,20250505,1,1345,1,,3,12000.0,720.0,35280.0
5000014212,20250505,1,1345,1,,1,10800.0,216.0,10584.0
5000014213,20250505,1,1345,1,,1,12000.0,600.0,11400.0
5000001469,20250506,2,1296,2,4.0,3,15000.0,2250.0,42750.0
5000002795,20250506,2,736,2,2.0,3,15750.0,4725.0,42525.0
5000003300,20250506,2,30,1,,2,15000.0,0.0,30000.0
5000003698,20250506,2,1421,1,,2,13500.0,2700.0,24300.0
5000004739,20250506,2,580,1,,1,15000.0,300.0,14700.0
5000004911,20250506,1,240,1,,2,12000.0,1200.0,22800.0
5000007421,20250506,2,455,1,,1,16500.0,825.0,15675.0
5000007422,20250506,1,455,1,,3,10800.0,1620.0,30780.0
5000008907,20250506,2,707,1,,2,15000.0,1500.0,28500.0
5000008966,20250506,1,1143,2,1.0,1,12000.0,240.0,11760.0
5000009116,20250506,2,727,2,4.0,3,15750.0,2362.5,44887.5
5000010796,20250506,2,107,1,,2,15750.0,1575.0,29925.0
5000010899,20250506,1,177,2,1.0,2,12000.0,0.0,24000.0
5000010900,20250506,1,177,2,1.0,3,12000.0,1800.0,34200.0
5000010901,20250506,1,177,2,1.0,3,10800.0,3240.0,29160.0
5000011108,20250506,1,1217,2,3.0,1,10800.0,0.0,10800.0
5000011109,20250506,2,1217,2,3.0,3,15000.0,0.0,45000.0
5000013089,20250506,2,1105,2,1.0,3,15000.0,0.0,45000.0
5000013090,20250506,1,1105,2,1.0,1,10800.0,540.0,10260.0
5000013091,20250506,1,1105,2,1.0,1,12000.0,0.0,12000.0
5000013870,20250506,1,948,1,,1,10800.0,540.0,10260.0
5000013871,20250506,2,948,1,,3,15000.0,4500.0,40500.0
5000015014,20250506,1,1025,2,1.0,3,12000.0,3600.0,32400.0
5000015876,20250506,1,661,1,,1,12000.0,240.0,11760.0
5000015911,20250506,1,136,1,,1,12000.0,1200.0,10800.0
5000000280,20250507,1,1459,1,,1,12600.0,252.0,12348.0
5000000299,20250507,1,4,2,1.0,2,12000.0,480.0,23520.0
5000000355,20250507,1,606,1,,2,12000.0,480.0,23520.0
5000000356,20250507,2,606,1,,1,16500.0,825.0,15675.0
5000000453,20250507,1,1350,1,,2,12000.0,480.0,23520.0
5000000454,20250507,1,1350,1,,3,12000.0,1800.0,34200.0
5000001062,20250507,1,633,2,4.0,2,12000.0,1200.0,22800.0
5000002279,20250507,2,1388,2,4.0,3,15000.0,2250.0,42750.0
5000002280,20250507,1,1388,2,4.0,1,12600.0,0.0,12600.0
5000002531,20250507,2,218,1,,3,15000.0,4500.0,40500.0
5000002600,20250507,1,944,1,,2,12600.0,504.0,24696.0
5000004187,20250507,1,1068,1,,2,12000.0,2400.0,21600.0
5000004611,20250507,1,712,2,4.0,1,12000.0,0.0,12000.0
5000004628,20250507,2,817,2,2.0,3,15750.0,0.0,47250.0
5000004629,20250507,1,817,2,2.0,2,13200.0,528.0,25872.0
5000005872,20250507,1,1215,1,,3,10800.0,1620.0,30780.0
5000005974,20250507,2,124,2,4.0,1,15000.0,0.0,15000.0
5000006562,20250507,1,704,2,3.0,1,12600.0,0.0,12600.0
5000006563,20250507,2,704,2,3.0,1,15000.0,300.0,14700.0
5000006667,20250507,1,695,2,1.0,3,13200.0,3960.0,35640.0
5000006668,20250507,1,695,2,1.0,1,12000.0,240.0,11760.0
5000007037,20250507,2,1217,1,,2,15000.0,600.0,29400.0
5000007835,20250507,1,1444,1,,2,12000.0,480.0,23520.0
5000008831,20250507,1,204,1,,3,12000.0,0.0,36000.0
5000008832,20250507,1,204,1,,3,12600.0,3780.0,34020.0
5000009273,20250507,1,1007,2,1.0,1,12000.0,1200.0,10800.0
5000009479,20250507,1,1205,1,,2,12600.0,1260.0,23940.0
5000009480,20250507,2,1205,1,,1,15750.0,1575.0,14175.0
5000010110,20250507,1,1246,1,,1,12000.0,0.0,12000.0
5000010288,20250507,1,814,2,3.0,3,12000.0,3600.0,32400.0
5000011806,20250507,2,920,1,,2,13500.0,540.0,26460.0
5000011907,20250507,1,1278,1,,1,10800.0,0.0,10800.0
5000011908,20250507,1,1278,1,,3,12000.0,3600.0,32400.0
5000012937,20250507,2,610,1,,1,13500.0,270.0,13230.0
5000013277,20250507,1,538,1,,2,12000.0,480.0,23520.0
5000013278,20250507,1,538,1,,3,12000.0,0.0,36000.0
5000013649,20250507,2,404,2,1.0,2,15750.0,3150.0,28350.0
5000013716,20250507,2,1061,2,4.0,1,16500.0,330.0,16170.0
5000014310,20250507,1,1418,1,,3,13200.0,3960.0,35640.0
5000015730,20250507,1,1245,2,4.0,2,12600.0,2520.0,22680.0
5000000328,20250508,2,378,2,1.0,1,15000.0,300.0,14700.0
5000000329,20250508,2,378,2,1.0,2,13500.0,1350.0,25650.0
5000000462,20250508,2,1213,1,,3,15000.0,900.0,44100.0
5000000477,20250508,1,1401,2,4.0,3,12000.0,1800.0,34200.0
5000000743,20250508,2,1364,1,,3,15750.0,0.0,47250.0
5000000799,20250508,1,358,1,,1,12600.0,252.0,12348.0
5000000800,20250508,1,358,1,,2,12000.0,2400.0,21600.0
5000003792,20250508,2,183,2,2.0,2,15750.0,3150.0,28350.0
5000005602,20250508,1,552,2,1.0,1,12000.0,600.0,11400.0
5000005603,20250508,1,552,2,1.0,3,13200.0,792.0,38808.0
5000008132,20250508,1,1409,1,,3,12000.0,0.0,36000.0
5000010628,20250508,1,1102,1,,1,13200.0,660.0,12540.0
5000011389,20250508,1,953,1,,3,12000.0,720.0,35280.0
5000011912,20250508,1,935,1,,2,10800.0,2160.0,19440.0
5000013477,20250508,2,519,2,3.0,1,15000.0,1500.0,13500.0
5000014551,20250508,1,672,2,4.0,2,13200.0,2640.0,23760.0
5000015420,20250508,2,792,1,,1,15750.0,315.0,15435.0
5000000478,20250509,1,202,1,,1,13200.0,0.0,13200.0
5000001742,20250509,1,786,2,2.0,1,12000.0,600.0,11400.0
5000002083,20250509,1,700,1,,2,12000.0,1200.0,22800.0
5000003403,20250509,1,1015,2,3.0,1,12600.0,0.0,12600.0
5000003527,20250509,1,1234,2,1.0,2,13200.0,1320.0,25080.0
5000003805,20250509,1,388,1,,1,12600.0,0.0,12600.0
5000004495,20250509,2,335,1,,1,15000.0,300.0,14700.0
5000005536,20250509,2,1103,1,,3,16500.0,4950.0,44550.0
5000006184,20250509,1,163,2,2.0,2,12000.0,0.0,24000.0
5000006612,20250509,1,256,2,4.0,3,12600.0,3780.0,34020.0
5000006657,20250509,1,1281,2,4.0,1,10800.0,0.0,10800.0
5000010370,20250509,2,1334,1,,3,15000.0,4500.0,40500.0
5000010371,20250509,2,1334,1,,2,13500.0,1350.0,25650.0
5000010372,20250509,1,1334,1,,3,12000.0,3600.0,32400.0
5000011435,20250509,2,956,2,4.0,2,13500.0,1350.0,25650.0
5000011739,20250509,2,514,2,3.0,3,15000.0,0.0,45000.0
5000012342,20250509,2,664,1,,2,15750.0,1575.0,29925.0
5000012343,20250509,1,664,1,,2,12000.0,480.0,23520.0
5000013660,20250509,1,46,1,,1,10800.0,0.0,10800.0
5000000049,20250510,1,1375,2,4.0,2,12000.0,480.0,23520.0
5000000291,20250510,2,274,1,,1,16500.0,825.0,15675.0
5000003091,20250510,2,637,1,,2,15000.0,0.0,30000.0
5000003721,20250510,1,1287,2,2.0,1,12000.0,600.0,11400.0
5000003722,20250510,2,1287,2,2.0,3,16500.0,2475.0,47025.0
5000003967,20250510,2,928,1,,1,15000.0,750.0,14250.0
5000004550,20250510,2,835,1,,3,15000.0,0.0,45000.0
5000005464,20250510,2,1496,1,,3,15000.0,4500.0,40500.0
5000005674,20250510,1,542,1,,1,12000.0,1200.0,10800.0
5000005675,20250510,1,542,1,,2,12000.0,0.0,24000.0
5000005676,20250510,1,542,1,,1,12000.0,1200.0,10800.0
5000006413,20250510,1,382,2,2.0,2,10800.0,2160.0,19440.0
5000006810,20250510,2,343,1,,3,16500.0,4950.0,44550.0
5000006811,20250510,2,343,1,,3,15000.0,4500.0,40500.0
5000007014,20250510,1,837,1,,3,13200.0,3960.0,35640.0
5000008319,20250510,2,623,1,,1,15750.0,1575.0,14175.0
5000008320,20250510,2,623,1,,1,15750.0,787.5,14962.5
5000008378,20250510,2,937,1,,1,15000.0,750.0,14250.0
5000008428,20250510,1,1317,2,2.0,2,12000.0,0.0,24000.0
5000008516,20250510,2,444,1,,1,15000.0,750.0,14250.0
5000009224,20250510,1,1118,1,,2,12600.0,0.0,25200.0
5000009240,20250510,1,132,2,1.0,2,12600.0,2520.0,22680.0
5000009901,20250510,1,680,1,,3,12000.0,1800.0,34200.0
5000010556,20250510,2,482,1,,1,15000.0,300.0,14700.0
5000011162,20250510,2,234,1,,3,15000.0,0.0,45000.0
5000012705,20250510,2,375,1,,3,15000.0,2250.0,42750.0
5000014545,20250510,2,992,2,4.0,1,15750.0,1575.0,14175.0
5000015284,20250510,1,1460,2,2.0,3,13200.0,792.0,38808.0
5000000248,20250511,2,274,2,2.0,1,15000.0,1500.0,13500.0
5000000755,20250511,1,1259,2,1.0,1,12000.0,600.0,11400.0
5000001520,20250511,2,62,2,1.0,3,15750.0,2362.5,44887.5
5000002147,20250511,1,1418,1,,1,12000.0,1200.0,10800.0
5000003747,20250511,1,1326,2,1.0,1,12000.0,1200.0,10800.0
5000004502,20250511,1,797,2,1.0,3,12000.0,720.0,35280.0
5000004784,20250511,2,188,1,,1,15000.0,750.0,14250.0
5000005823,20250511,1,1248,1,,2,12600.0,504.0,24696.0
5000005910,20250511,2,716,2,1.0,2,15000.0,0.0,30000.0
5000005911,20250511,1,716,2,1.0,3,13200.0,1980.0,37620.0
5000006610,20250511,2,1224,1,,1,15000.0,0.0,15000.0
5000007914,20250511,2,142,1,,1,15750.0,0.0,15750.0
5000009232,20250511,1,28,1,,1,13200.0,1320.0,11880.0
5000009238,20250511,1,50,1,,3,12600.0,756.0,37044.0
5000009239,20250511,2,50,1,,1,15000.0,300.0,14700.0
5000011005,20250511,1,757,1,,3,12000.0,1800.0,34200.0
5000011058,20250511,1,710,1,,2,10800.0,1080.0,20520.0
5000012470,20250511,1,193,1,,3,12600.0,0.0,37800.0
5000012539,20250511,2,860,1,,3,16500.0,0.0,49500.0
5000013812,20250511,1,452,1,,2,12000.0,2400.0,21600.0
5000013903,20250511,1,190,1,,3,12000.0,0.0,36000.0
5000014344,20250511,1,46,2,2.0,2,12000.0,480.0,23520.0
5000015689,20250511,2,804,1,,3,15000.0,900.0,44100.0
5000015867,20250511,2,638,1,,1,15000.0,750.0,14250.0
5000016078,20250511,1,248,1,,2,13200.0,528.0,25872.0
5000016079,20250511,2,248,1,,2,15000.0,600.0,29400.0
5000000553,20250512,1,128,1,,2,12600.0,0.0,25200.0
5000000554,20250512,2,128,1,,1,15000.0,750.0,14250.0
5000001363,20250512,2,1096,1,,1,15750.0,315.0,15435.0
5000001791,20250512,2,1465,1,,3,13500.0,2025.0,38475.0
5000002506,20250512,1,298,1,,1,12000.0,0.0,12000.0
5000003490,20250512,2,464,1,,1,15000.0,300.0,14700.0
5000003491,20250512,1,464,1,,3,12000.0,3600.0,32400.0
5000003709,20250512,1,164,1,,3,12000.0,3600.0,32400.0
5000003710,20250512,1,164,1,,1,12000.0,1200.0,10800.0
5000003774,20250512,2,444,2,4.0,2,16500.0,0.0,33000.0
5000005227,20250512,2,602,1,,2,13500.0,1350.0,25650.0
5000005573,20250512,2,1490,2,2.0,3,15000.0,900.0,44100.0
5000006295,20250512,2,1055,1,,3,15750.0,4725.0,42525.0
5000006585,20250512,1,33,2,2.0,2,12600.0,504.0,24696.0
5000006884,20250512,2,122,1,,2,13500.0,1350.0,25650.0
5000007335,20250512,2,358,1,,3,15000.0,4500.0,40500.0
5000008011,20250512,2,468,2,2.0,3,13500.0,810.0,39690.0
5000008090,20250512,1,583,2,1.0,3,12600.0,1890.0,35910.0
5000010240,20250512,1,425,1,,1,12000.0,0.0,12000.0
5000010861,20250512,2,1413,1,,2,13500.0,540.0,26460.0
5000010862,20250512,1,1413,1,,2,10800.0,2160.0,19440.0
5000010863,20250512,1,1413,1,,3,12000.0,3600.0,32400.0
5000011278,20250512,2,954,1,,1,15000.0,750.0,14250.0
5000011279,20250512,2,954,1,,1,13500.0,675.0,12825.0
5000012255,20250512,1,805,1,,3,12000.0,720.0,35280.0
5000012256,20250512,2,805,1,,3,15000.0,2250.0,42750.0
5000012332,20250512,1,666,1,,2,10800.0,432.0,21168.0
5000013348,20250512,2,1070,2,4.0,3,15000.0,0.0,45000.0
5000001129,20250513,2,136,1,,2,13500.0,0.0,27000.0
5000001290,20250513,1,863,2,4.0,2,12600.0,1260.0,23940.0
5000001291,20250513,1,863,2,4.0,3,12000.0,720.0,35280.0
5000001770,20250513,1,833,1,,3,12000.0,3600.0,32400.0
5000002073,20250513,1,483,2,4.0,3,12000.0,720.0,35280.0
5000002300,20250513,1,270,2,1.0,1,12600.0,630.0,11970.0
5000002329,20250513,1,233,1,,2,10800.0,2160.0,19440.0
5000002932,20250513,2,1399,2,4.0,1,16500.0,330.0,16170.0
5000005037,20250513,2,285,1,,2,13500.0,540.0,26460.0
5000005445,20250513,1,652,2,1.0,2,12600.0,0.0,25200.0
5000010253,20250513,1,411,1,,3,12000.0,720.0,35280.0
5000010254,20250513,1,411,1,,2,12000.0,0.0,24000.0
5000010800,20250513,2,427,1,,2,15000.0,600.0,29400.0
5000010801,20250513,2,427,1,,3,15750.0,0.0,47250.0
5000011795,20250513,1,479,1,,2,10800.0,2160.0,19440.0
5000011828,20250513,1,219,2,2.0,2,12000.0,480.0,23520.0
5000012404,20250513,2,1351,1,,1,15750.0,0.0,15750.0
5000014301,20250513,1,1062,1,,1,10800.0,0.0,10800.0
5000014991,20250513,2,984,1,,3,16500.0,4950.0,44550.0
5000015482,20250513,1,444,1,,2,12000.0,2400.0,21600.0
5000000634,20250514,1,941,2,2.0,2,12000.0,1200.0,22800.0
5000001289,20250514,2,549,1,,1,15750.0,787.5,14962.5
5000002843,20250514,2,204,1,,1,15000.0,0.0,15000.0
5000002912,20250514,1,721,2,3.0,3,12000.0,0.0,36000.0
5000002928,20250514,1,285,1,,1,12000.0,0.0,12000.0
5000002954,20250514,2,881,1,,2,13500.0,0.0,27000.0
5000002955,20250514,2,881,1,,1,15000.0,300.0,14700.0
5000004543,20250514,1,1248,1,,3,10800.0,3240.0,29160.0
5000004544,20250514,1,1248,1,,2,12000.0,480.0,23520.0
5000004610,20250514,1,292,1,,3,12600.0,0.0,37800.0
5000006028,20250514,2,1032,2,1.0,2,16500.0,1650.0,31350.0
5000006656,20250514,2,343,2,2.0,2,15000.0,3000.0,27000.0
5000006852,20250514,1,1171,1,,3,12000.0,3600.0,32400.0
5000006853,20250514,1,1171,1,,1,12600.0,1260.0,11340.0
5000007396,20250514,1,1436,2,2.0,1,12600.0,252.0,12348.0
5000007397,20250514,1,1436,2,2.0,1,12000.0,0.0,12000.0
5000009775,20250514,2,895,2,1.0,1,15000.0,0.0,15000.0
5000009776,20250514,2,895,2,1.0,3,15000.0,0.0,45000.0
5000009777,20250514,1,895,2,1.0,1,12600.0,0.0,12600.0
5000010435,20250514,1,1338,1,,3,12000.0,1800.0,34200.0
5000011258,20250514,1,1378,2,1.0,1,10800.0,0.0,10800.0
5000011259,20250514,1,1378,2,1.0,2,12000.0,0.0,24000.0
5000011304,20250514,1,1199,2,1.0,2,12000.0,1200.0,22800.0
5000011643,20250514,1,1446,2,1.0,2,10800.0,1080.0,20520.0
5000011725,20250514,1,453,2,4.0,2,12000.0,2400.0,21600.0
5000011726,20250514,1,453,2,4.0,2,12600.0,504.0,24696.0
5000011743,20250514,1,305,2,3.0,2,12000.0,480.0,23520.0
5000011744,20250514,2,305,2,3.0,1,13500.0,1350.0,12150.0
5000012315,20250514,2,209,1,,1,16500.0,330.0,16170.0
5000012676,20250514,1,1094,1,,1,12000.0,600.0,11400.0
5000013322,20250514,1,489,2,3.0,3,12600.0,3780.0,34020.0
5000013323,20250514,1,489,2,3.0,3,13200.0,3960.0,35640.0
5000014012,20250514,1,716,1,,3,12000.0,0.0,36000.0
5000015169,20250514,2,625,1,,2,15000.0,1500.0,28500.0
5000015210,20250514,2,385,2,1.0,1,15000.0,750.0,14250.0
5000015316,20250514,2,1164,1,,2,15750.0,1575.0,29925.0
5000016109,20250514,1,994,2,1.0,3,13200.0,1980.0,37620.0
5000016113,20250514,2,256,1,,2,15000.0,3000.0,27000.0
5000000812,20250515,1,1228,1,,3,12000.0,3600.0,32400.0
5000001768,20250515,2,545,2,2.0,1,15750.0,1575.0,14175.0
5000001769,20250515,2,545,2,2.0,2,15000.0,3000.0,27000.0
5000001811,20250515,2,132,1,,1,16500.0,825.0,15675.0
5000002783,20250515,1,1478,1,,1,12000.0,0.0,12000.0
5000003804,20250515,2,159,1,,2,15000.0,3000.0,27000.0
5000004770,20250515,2,1427,1,,2,15000.0,1500.0,28500.0
5000005199,20250515,2,1245,1,,2,15000.0,600.0,29400.0
5000005348,20250515,1,1475,2,1.0,3,10800.0,648.0,31752.0
5000005549,20250515,2,1261,1,,3,15750.0,4725.0,42525.0
5000005550,20250515,1,1261,1,,3,12600.0,1890.0,35910.0
5000007171,20250515,1,963,1,,3,12000.0,720.0,35280.0
5000008096,20250515,2,86,2,1.0,3,15750.0,945.0,46305.0
5000008097,20250515,1,86,2,1.0,2,12000.0,2400.0,21600.0
5000008430,20250515,1,288,2,3.0,2,12000.0,2400.0,21600.0
5000008472,20250515,1,292,1,,2,13200.0,528.0,25872.0
5000008501,20250515,2,463,2,3.0,3,15000.0,0.0,45000.0
5000008502,20250515,2,463,2,3.0,1,15750.0,1575.0,14175.0
5000009112,20250515,1,1023,2,3.0,3,10800.0,0.0,32400.0
5000009264,20250515,1,1326,1,,2,12000.0,480.0,23520.0
5000009744,20250515,1,527,2,1.0,2,10800.0,0.0,21600.0
5000011548,20250515,2,1099,1,,2,15000.0,1500.0,28500.0
5000011549,20250515,2,1099,1,,2,15000.0,1500.0,28500.0
5000011561,20250515,1,22,1,,1,12000.0,600.0,11400.0
5000011588,20250515,2,1082,1,,3,15750.0,0.0,47250.0
5000012347,20250515,1,1004,1,,2,10800.0,0.0,21600.0
5000012718,20250515,1,836,2,1.0,1,12600.0,252.0,12348.0
5000012719,20250515,1,836,2,1.0,1,10800.0,540.0,10260.0
5000012736,20250515,2,1168,2,1.0,1,15000.0,300.0,14700.0
5000014687,20250515,2,1398,1,,3,15000.0,2250.0,42750.0
5000015363,20250515,2,526,1,,2,15000.0,3000.0,27000.0
5000015364,20250515,2,526,1,,2,15000.0,1500.0,28500.0
5000001765,20250516,1,1327,2,1.0,1,13200.0,0.0,13200.0
5000003919,20250516,2,1208,1,,1,13500.0,1350.0,12150.0
5000003920,20250516,1,1208,1,,2,12000.0,0.0,24000.0
5000004529,20250516,2,1344,2,4.0,3,15000.0,900.0,44100.0
5000005440,20250516,1,1051,2,1.0,3,12000.0,720.0,35280.0
5000005441,20250516,1,1051,2,1.0,1,12000.0,1200.0,10800.0
5000005478,20250516,2,1347,2,1.0,1,16500.0,825.0,15675.0
5000005479,20250516,2,1347,2,1.0,1,16500.0,330.0,16170.0
5000005898,20250516,2,733,1,,2,13500.0,0.0,27000.0
5000006300,20250516,2,1331,1,,2,15000.0,1500.0,28500.0
5000006301,20250516,1,1331,1,,2,12000.0,2400.0,21600.0
5000006391,20250516,2,407,1,,1,16500.0,825.0,15675.0
5000006392,20250516,2,407,1,,2,13500.0,2700.0,24300.0
5000007369,20250516,2,602,2,4.0,1,15000.0,1500.0,13500.0
5000008271,20250516,2,370,1,,2,13500.0,1350.0,25650.0
5000009225,20250516,1,435,2,2.0,3,13200.0,0.0,39600.0
5000009648,20250516,1,321,2,1.0,1,10800.0,540.0,10260.0
5000009995,20250516,1,68,1,,2,10800.0,432.0,21168.0
5000010986,20250516,1,1308,2,1.0,3,12000.0,0.0,36000.0
5000011202,20250516,2,819,1,,3,13500.0,0.0,40500.0
5000011203,20250516,1,819,1,,1,12600.0,1260.0,11340.0
5000012243,20250516,2,711,1,,2,15000.0,600.0,29400.0
5000013315,20250516,1,837,2,3.0,3,12000.0,1800.0,34200.0
5000013539,20250516,1,884,1,,3,12000.0,0.0,36000.0
5000014560,20250516,1,440,2,3.0,3,12000.0,3600.0,32400.0
5000015104,20250516,2,353,2,4.0,2,16500.0,0.0,33000.0
5000015105,20250516,1,353,2,4.0,2,12600.0,1260.0,23940.0
5000015106,20250516,1,353,2,4.0,3,13200.0,792.0,38808.0
5000015365,20250516,2,317,1,,3,15000.0,0.0,45000.0
5000015366,20250516,2,317,1,,3,13500.0,810.0,39690.0
5000000637,20250517,1,780,1,,1,12000.0,600.0,11400.0
5000001218,20250517,1,316,2,1.0,1,12000.0,1200.0,10800.0
5000003206,20250517,2,1174,2,3.0,1,13500.0,0.0,13500.0
5000003207,20250517,1,1174,2,3.0,1,10800.0,0.0,10800.0
5000003400,20250517,2,1158,1,,2,13500.0,2700.0,24300.0
5000004503,20250517,1,22,2,4.0,2,12000.0,480.0,23520.0
5000005706,20250517,1,823,1,,3,10800.0,1620.0,30780.0
5000006023,20250517,1,1237,1,,1,12000.0,600.0,11400.0
5000006024,20250517,2,1237,1,,3,15000.0,0.0,45000.0
5000006162,20250517,1,255,2,2.0,2,12000.0,0.0,24000.0
5000006202,20250517,1,339,2,2.0,3,12000.0,720.0,35280.0
5000006644,20250517,2,1453,1,,2,13500.0,0.0,27000.0
5000006703,20250517,2,896,1,,1,13500.0,270.0,13230.0
5000006704,20250517,1,896,1,,3,12000.0,0.0,36000.0
5000008591,20250517,1,429,2,1.0,1,12000.0,0.0,12000.0
5000009947,20250517,2,292,1,,2,13500.0,0.0,27000.0
5000009948,20250517,2,292,1,,1,15000.0,1500.0,13500.0
5000009949,20250517,2,292,1,,1,15750.0,0.0,15750.0
5000010824,20250517,2,201,2,4.0,3,15000.0,2250.0,42750.0
5000010988,20250517,2,487,1,,2,15000.0,0.0,30000.0
5000010989,20250517,2,487,1,,1,13500.0,1350.0,12150.0
5000011763,20250517,2,118,1,,3,15000.0,0.0,45000.0
5000013046,20250517,2,809,1,,1,16500.0,330.0,16170.0
5000013047,20250517,1,809,1,,1,12600.0,0.0,12600.0
5000013440,20250517,1,341,1,,1,12000.0,1200.0,10800.0
5000013441,20250517,1,341,1,,1,12600.0,252.0,12348.0
5000013442,20250517,2,341,1,,1,15000.0,750.0,14250.0
5000013916,20250517,2,67,1,,2,15000.0,600.0,29400.0
5000013917,20250517,1,67,1,,3,12600.0,1890.0,35910.0
5000014720,20250517,2,1151,1,,2,15000.0,0.0,30000.0
5000000509,20250518,2,695,1,,2,15750.0,0.0,31500.0
5000000510,20250518,1,695,1,,3,12600.0,3780.0,34020.0
5000001067,20250518,1,268,2,2.0,3,12000.0,720.0,35280.0
5000001341,20250518,1,339,1,,3,12000.0,720.0,35280.0
5000001477,20250518,1,978,2,2.0,3,12600.0,0.0,37800.0
5000002132,20250518,2,58,1,,1,15750.0,1575.0,14175.0
5000002149,20250518,1,441,1,,3,12000.0,3600.0,32400.0
5000002699,20250518,2,709,2,1.0,2,15000.0,0.0,30000.0
5000002772,20250518,2,1380,1,,2,15000.0,3000.0,27000.0
5000002773,20250518,1,1380,1,,3,12000.0,720.0,35280.0
5000002774,20250518,1,1380,1,,2,12000.0,1200.0,22800.0
5000003174,20250518,2,513,2,1.0,2,13500.0,0.0,27000.0
5000005393,20250518,1,1292,1,,2,12000.0,2400.0,21600.0
5000005394,20250518,1,1292,1,,1,12000.0,240.0,11760.0
5000006093,20250518,1,852,1,,1,12000.0,0.0,12000.0
5000006281,20250518,2,720,1,,2,15000.0,1500.0,28500.0
5000006282,20250518,2,720,1,,3,15000.0,900.0,44100.0
5000006371,20250518,2,1310,1,,3,13500.0,0.0,40500.0
5000006372,20250518,1,1310,1,,3,12600.0,0.0,37800.0
5000010846,20250518,1,457,2,2.0,2,12600.0,2520.0,22680.0
5000010944,20250518,1,3,1,,1,12600.0,630.0,11970.0
5000011710,20250518,2,1429,1,,3,15000.0,2250.0,42750.0
5000012735,20250518,2,184,2,3.0,2,15000.0,0.0,30000.0
5000013858,20250518,1,965,1,,3,12600.0,1890.0,35910.0
5000013930,20250518,2,679,2,4.0,1,13500.0,1350.0,12150.0
5000000420,20250519,2,1040,2,3.0,3,15000.0,0.0,45000.0
5000000421,20250519,2,1040,2,3.0,1,15000.0,750.0,14250.0
5000000705,20250519,2,1470,2,2.0,2,15000.0,0.0,30000.0
5000002028,20250519,1,1086,2,1.0,3,12000.0,1800.0,34200.0
5000002130,20250519,1,594,2,4.0,3,12000.0,720.0,35280.0
5000002131,20250519,1,594,2,4.0,3,12000.0,720.0,35280.0
5000002679,20250519,1,549,1,,2,12000.0,1200.0,22800.0
5000002753,20250519,1,343,1,,1,12000.0,0.0,12000.0
5000002754,20250519,1,343,1,,3,12000.0,3600.0,32400.0
5000003111,20250519,1,507,1,,1,12600.0,630.0,11970.0
5000003112,20250519,2,507,1,,2,16500.0,0.0,33000.0
5000003474,20250519,1,119,2,3.0,2,12600.0,0.0,25200.0
5000003475,20250519,2,119,2,3.0,2,16500.0,3300.0,29700.0
5000004061,20250519,1,61,2,1.0,2,12000.0,0.0,24000.0
5000007945,20250519,1,111,2,2.0,2,12000.0,2400.0,21600.0
5000007946,20250519,2,111,2,2.0,1,15000.0,300.0,14700.0
5000008167,20250519,1,1286,2,4.0,3,12000.0,720.0,35280.0
5000009160,20250519,1,871,2,3.0,1,12000.0,240.0,11760.0
5000009539,20250519,1,447,1,,3,12000.0,0.0,36000.0
5000009706,20250519,2,1497,1,,1,15750.0,315.0,15435.0
5000010065,20250519,1,1246,2,2.0,2,12600.0,2520.0,22680.0
5000011869,20250519,2,221,2,3.0,1,15000.0,300.0,14700.0
5000013109,20250519,2,1451,1,,1,15000.0,750.0,14250.0
5000013754,20250519,2,76,1,,3,15000.0,4500.0,40500.0
5000016114,20250519,2,1110,1,,2,15000.0,1500.0,28500.0
5000001492,20250520,1,232,1,,2,12600.0,504.0,24696.0
5000001976,20250520,2,724,1,,2,15750.0,3150.0,28350.0
5000004241,20250520,2,1095,1,,2,15000.0,1500.0,28500.0
5000005721,20250520,1,54,1,,3,12000.0,0.0,36000.0
5000006831,20250520,1,1206,1,,2,12000.0,2400.0,21600.0
5000007020,20250520,1,1276,2,4.0,3,12000.0,720.0,35280.0
5000007195,20250520,1,283,2,4.0,3,12600.0,756.0,37044.0
5000007196,20250520,2,283,2,4.0,1,15750.0,315.0,15435.0
5000007776,20250520,1,1032,1,,2,12600.0,1260.0,23940.0
5000009619,20250520,1,1458,2,2.0,1,10800.0,0.0,10800.0
5000009803,20250520,2,597,1,,1,15000.0,300.0,14700.0
5000010119,20250520,1,570,1,,2,12000.0,480.0,23520.0
5000010622,20250520,1,113,1,,2,12000.0,2400.0,21600.0
5000010904,20250520,1,77,1,,2,12600.0,0.0,25200.0
5000011481,20250520,1,1017,1,,2,12000.0,2400.0,21600.0
5000011539,20250520,1,162,1,,1,12000.0,240.0,11760.0
5000012196,20250520,2,1377,2,3.0,3,15000.0,0.0,45000.0
5000012996,20250520,1,973,1,,2,12600.0,1260.0,23940.0
5000014824,20250520,2,1087,2,3.0,2,15000.0,0.0,30000.0
5000000181,20250521,2,595,2,3.0,1,13500.0,1350.0,12150.0
5000001017,20250521,1,912,2,2.0,2,12000.0,0.0,24000.0
5000001317,20250521,1,353,2,2.0,3,12000.0,0.0,36000.0
5000001598,20250521,1,416,2,1.0,3,12600.0,756.0,37044.0
5000002222,20250521,2,427,1,,2,16500.0,1650.0,31350.0
5000002223,20250521,2,427,1,,2,15000.0,3000.0,27000.0
5000003028,20250521,1,177,1,,2,12000.0,1200.0,22800.0
5000003035,20250521,1,133,1,,3,12000.0,0.0,36000.0
5000003036,20250521,1,133,1,,2,13200.0,2640.0,23760.0
5000003386,20250521,1,194,1,,1,10800.0,1080.0,9720.0
5000004349,20250521,1,902,1,,3,13200.0,792.0,38808.0
5000005361,20250521,2,735,1,,3,13500.0,0.0,40500.0
5000005392,20250521,2,51,1,,2,15000.0,3000.0,27000.0
5000006086,20250521,1,394,2,1.0,1,10800.0,216.0,10584.0
5000007408,20250521,2,785,1,,1,13500.0,675.0,12825.0
5000007409,20250521,2,785,1,,3,15000.0,900.0,44100.0
5000007410,20250521,1,785,1,,1,12000.0,240.0,11760.0
5000007551,20250521,1,1202,1,,3,10800.0,0.0,32400.0
5000007552,20250521,1,1202,1,,1,13200.0,1320.0,11880.0
5000007587,20250521,1,511,2,4.0,1,13200.0,1320.0,11880.0
5000007588,20250521,2,511,2,4.0,2,13500.0,2700.0,24300.0
5000007589,20250521,1,511,2,4.0,3,12000.0,720.0,35280.0
5000008185,20250521,1,415,2,2.0,3,12000.0,720.0,35280.0
5000013263,20250521,2,218,2,4.0,3,15000.0,4500.0,40500.0
5000013264,20250521,1,218,2,4.0,3,12000.0,720.0,35280.0
5000013317,20250521,2,1037,1,,2,15000.0,0.0,30000.0
5000013318,20250521,1,1037,1,,2,13200.0,1320.0,25080.0
5000014200,20250521,1,793,1,,1,10800.0,540.0,10260.0
5000014598,20250521,2,427,1,,3,15000.0,2250.0,42750.0
5000014599,20250521,2,876,1,,3,15000.0,4500.0,40500.0
5000015615,20250521,2,581,1,,1,15000.0,1500.0,13500.0
5000015991,20250521,2,878,1,,2,15000.0,600.0,29400.0
5000001624,20250522,2,1301,1,,3,13500.0,4050.0,36450.0
5000002416,20250522,2,101,2,4.0,1,15000.0,0.0,15000.0
5000003370,20250522,1,163,1,,1,12000.0,0.0,12000.0
5000003614,20250522,2,272,1,,2,16500.0,1650.0,31350.0
5000003615,20250522,1,272,1,,1,12000.0,240.0,11760.0
5000004204,20250522,2,1167,2,2.0,2,15000.0,0.0,30000.0
5000004339,20250522,2,477,1,,2,15000.0,600.0,29400.0
5000004795,20250522,1,350,1,,2,13200.0,528.0,25872.0
5000005177,20250522,2,462,1,,3,15000.0,4500.0,40500.0
5000007820,20250522,2,1120,2,4.0,1,15000.0,750.0,14250.0
5000008446,20250522,1,92,1,,3,13200.0,0.0,39600.0
5000008561,20250522,1,1009,1,,1,13200.0,0.0,13200.0
5000010583,20250522,2,960,1,,2,15000.0,3000.0,27000.0
5000011082,20250522,2,892,2,4.0,2,13500.0,2700.0,24300.0
5000011128,20250522,1,959,2,3.0,1,12000.0,600.0,11400.0
5000011129,20250522,1,959,2,3.0,1,12000.0,1200.0,10800.0
5000013384,20250522,1,1430,1,,3,12000.0,3600.0,32400.0
5000013385,20250522,2,1430,1,,1,15000.0,750.0,14250.0
5000014399,20250522,2,491,2,1.0,1,13500.0,675.0,12825.0
5000014400,20250522,2,491,2,1.0,3,15000.0,900.0,44100.0
5000014696,20250522,2,1405,2,2.0,2,16500.0,660.0,32340.0
5000014697,20250522,1,1405,2,2.0,1,13200.0,660.0,12540.0
5000014698,20250522,2,1405,2,2.0,3,15000.0,0.0,45000.0
5000015080,20250522,1,1182,1,,3,13200.0,0.0,39600.0
5000015086,20250522,1,473,1,,3,12000.0,0.0,36000.0
5000015087,20250522,1,473,1,,2,12000.0,480.0,23520.0
5000015496,20250522,1,1151,1,,1,12000.0,600.0,11400.0
5000015497,20250522,1,1151,1,,1,12000.0,0.0,12000.0
5000000137,20250523,1,1127,2,3.0,3,12000.0,720.0,35280.0
5000000604,20250523,1,442,1,,3,12000.0,3600.0,32400.0
5000001402,20250523,1,315,1,,1,12000.0,600.0,11400.0
5000002556,20250523,2,957,2,4.0,2,15000.0,3000.0,27000.0
5000004065,20250523,2,514,2,2.0,2,15750.0,1575.0,29925.0
5000005083,20250523,2,468,1,,3,15750.0,0.0,47250.0
5000005084,20250523,2,468,1,,2,15750.0,1575.0,29925.0
5000005647,20250523,1,1306,2,2.0,3,10800.0,3240.0,29160.0
5000005648,20250523,1,1306,2,2.0,3,12600.0,0.0,37800.0
5000006059,20250523,1,383,1,,3,13200.0,1980.0,37620.0
5000006680,20250523,2,1025,2,4.0,1,13500.0,1350.0,12150.0
5000006988,20250523,1,1210,2,2.0,3,12000.0,3600.0,32400.0
5000008683,20250523,1,944,1,,1,12600.0,630.0,11970.0
5000008684,20250523,1,944,1,,2,12600.0,2520.0,22680.0
5000008685,20250523,2,944,1,,1,15000.0,0.0,15000.0
5000009758,20250523,1,905,1,,3,12600.0,756.0,37044.0
5000009849,20250523,2,1199,2,4.0,3,15000.0,900.0,44100.0
5000010076,20250523,1,436,1,,1,12000.0,1200.0,10800.0
5000010077,20250523,1,436,1,,3,12000.0,3600.0,32400.0
5000010078,20250523,1,436,1,,1,10800.0,0.0,10800.0
5000010134,20250523,1,926,2,1.0,2,12000.0,1200.0,22800.0
5000010333,20250523,2,336,2,1.0,2,15000.0,0.0,30000.0
5000012566,20250523,2,444,1,,3,15000.0,2250.0,42750.0
5000013380,20250523,2,236,1,,3,16500.0,0.0,49500.0
5000014429,20250523,1,638,2,2.0,1,10800.0,1080.0,9720.0
5000015141,20250523,2,1118,2,2.0,2,15750.0,1575.0,29925.0
5000015893,20250523,1,1297,2,1.0,1,12000.0,600.0,11400.0
5000002286,20250524,1,504,1,,2,12000.0,480.0,23520.0
5000003442,20250524,2,806,2,4.0,3,16500.0,0.0,49500.0
5000004546,20250524,2,1126,1,,2,15750.0,3150.0,28350.0
5000004700,20250524,2,1294,1,,1,15000.0,0.0,15000.0
5000004750,20250524,2,841,1,,3,15000.0,4500.0,40500.0
5000005090,20250524,1,481,1,,3,13200.0,1980.0,37620.0
5000005810,20250524,1,851,1,,2,10800.0,432.0,21168.0
5000005811,20250524,1,851,1,,2,12000.0,1200.0,22800.0
5000006193,20250524,2,1324,2,3.0,3,15750.0,0.0,47250.0
5000007202,20250524,1,323,2,3.0,1,12600.0,252.0,12348.0
5000007333,20250524,2,766,1,,1,15000.0,1500.0,13500.0
5000007613,20250524,2,119,2,3.0,3,15000.0,2250.0,42750.0
5000007614,20250524,2,119,2,3.0,1,15000.0,0.0,15000.0
5000008801,20250524,2,10,1,,2,15000.0,0.0,30000.0
5000009049,20250524,2,535,1,,3,15000.0,4500.0,40500.0
5000009050,20250524,1,535,1,,2,12000.0,1200.0,22800.0
5000009444,20250524,1,1008,1,,1,12000.0,1200.0,10800.0
5000009482,20250524,1,437,1,,3,13200.0,792.0,38808.0
5000010941,20250524,1,621,1,,3,12000.0,3600.0,32400.0
5000014011,20250524,1,501,1,,2,12000.0,0.0,24000.0
5000014407,20250524,1,1176,2,2.0,2,12000.0,2400.0,21600.0
5000014408,20250524,2,1176,2,2.0,1,16500.0,825.0,15675.0
5000014934,20250524,1,849,1,,1,13200.0,264.0,12936.0
5000015101,20250524,2,1436,1,,3,15000.0,2250.0,42750.0
5000015102,20250524,1,1436,1,,2,12000.0,1200.0,22800.0
5000000736,20250525,2,264,1,,3,15000.0,900.0,44100.0
5000002351,20250525,1,163,2,1.0,2,12000.0,0.0,24000.0
5000002922,20250525,1,234,1,,1,12600.0,1260.0,11340.0
5000003968,20250525,1,1351,2,2.0,1,12000.0,1200.0,10800.0
5000004746,20250525,2,132,2,1.0,3,16500.0,4950.0,44550.0
5000006964,20250525,1,532,2,2.0,1,12600.0,252.0,12348.0
5000007337,20250525,2,516,2,2.0,1,15750.0,1575.0,14175.0
5000007638,20250525,1,1056,1,,2,13200.0,0.0,26400.0
5000007703,20250525,1,451,1,,3,12000.0,0.0,36000.0
5000007704,20250525,2,451,1,,2,15750.0,1575.0,29925.0
5000007705,20250525,1,451,1,,2,12000.0,480.0,23520.0
5000008386,20250525,2,552,1,,2,13500.0,1350.0,25650.0
5000008481,20250525,1,449,1,,3,12000.0,3600.0,32400.0
5000008482,20250525,1,449,1,,1,12000.0,240.0,11760.0
5000008483,20250525,1,449,1,,2,10800.0,1080.0,20520.0
5000008577,20250525,2,504,1,,1,15000.0,750.0,14250.0
5000012035,20250525,1,539,1,,3,12000.0,720.0,35280.0
5000012258,20250525,2,1085,2,4.0,1,15000.0,300.0,14700.0
5000012772,20250525,2,238,2,4.0,2,15000.0,600.0,29400.0
5000013389,20250525,2,586,1,,1,16500.0,0.0,16500.0
5000013901,20250525,1,1169,1,,2,12600.0,504.0,24696.0
5000015142,20250525,1,218,1,,3,12000.0,0.0,36000.0
5000015143,20250525,1,218,1,,1,12600.0,1260.0,11340.0
5000015144,20250525,2,218,1,,2,15000.0,3000.0,27000.0
5000015791,20250525,1,1461,1,,2,12600.0,504.0,24696.0
5000015792,20250525,2,1461,1,,1,15750.0,787.5,14962.5
5000016033,20250525,1,970,1,,2,12000.0,2400.0,21600.0
5000000370,20250526,1,268,2,4.0,2,12000.0,0.0,24000.0
5000002288,20250526,1,479,2,1.0,2,12000.0,480.0,23520.0
5000003332,20250526,1,1212,2,1.0,3,12000.0,0.0,36000.0
5000003685,20250526,1,872,1,,3,12000.0,720.0,35280.0
5000004678,20250526,1,233,1,,3,12000.0,0.0,36000.0
5000005258,20250526,2,991,1,,2,15000.0,600.0,29400.0
5000006123,20250526,2,438,1,,2,15000.0,3000.0,27000.0
5000006430,20250526,1,927,1,,2,12000.0,480.0,23520.0
5000007021,20250526,1,370,1,,1,12000.0,240.0,11760.0
5000007183,20250526,1,902,2,3.0,1,10800.0,1080.0,9720.0
5000007184,20250526,2,902,2,3.0,1,15000.0,0.0,15000.0
5000007510,20250526,2,1149,1,,1,15000.0,300.0,14700.0
5000007511,20250526,1,1149,1,,1,12000.0,1200.0,10800.0
5000007664,20250526,2,763,1,,2,15000.0,3000.0,27000.0
5000008633,20250526,2,1239,1,,3,15000.0,900.0,44100.0
5000012481,20250526,2,1214,2,1.0,2,15000.0,1500.0,28500.0
5000012504,20250526,2,644,1,,3,15000.0,0.0,45000.0
5000012505,20250526,1,644,1,,1,12000.0,1200.0,10800.0
5000013496,20250526,2,618,1,,2,15000.0,3000.0,27000.0
5000015305,20250526,1,862,2,1.0,2,13200.0,528.0,25872.0
5000015411,20250526,2,147,2,4.0,3,15000.0,0.0,45000.0
5000015412,20250526,2,147,2,4.0,2,15750.0,0.0,31500.0
5000015975,20250526,2,441,1,,1,15000.0,1500.0,13500.0
5000000886,20250527,1,171,1,,2,12000.0,480.0,23520.0
5000001545,20250527,2,333,1,,3,15000.0,900.0,44100.0
5000001546,20250527,2,333,1,,1,15000.0,750.0,14250.0
5000001547,20250527,1,333,1,,2,12000.0,1200.0,22800.0
5000001644,20250527,1,1257,1,,1,12000.0,240.0,11760.0
5000001672,20250527,2,889,1,,1,15000.0,0.0,15000.0
5000001673,20250527,1,889,1,,1,10800.0,0.0,10800.0
5000002192,20250527,1,944,2,3.0,3,12000.0,1800.0,34200.0
5000002193,20250527,1,944,2,3.0,2,12000.0,0.0,24000.0
5000005078,20250527,1,945,1,,1,10800.0,0.0,10800.0
5000005079,20250527,1,945,1,,2,10800.0,432.0,21168.0
5000007949,20250527,1,1392,2,2.0,2,10800.0,432.0,21168.0
5000007991,20250527,1,281,1,,2,12000.0,0.0,24000.0
5000008355,20250527,2,962,1,,2,15000.0,1500.0,28500.0
5000009338,20250527,2,1388,2,4.0,3,15750.0,945.0,46305.0
5000009339,20250527,2,1388,2,4.0,1,15000.0,750.0,14250.0
5000009340,20250527,2,1388,2,4.0,1,15000.0,1500.0,13500.0
5000009796,20250527,2,435,1,,3,15000.0,900.0,44100.0
5000010002,20250527,2,195,1,,2,15000.0,0.0,30000.0
5000010003,20250527,1,195,1,,3,12600.0,756.0,37044.0
5000010004,20250527,2,195,1,,2,15000.0,600.0,29400.0
5000015980,20250527,2,243,1,,1,15750.0,0.0,15750.0
5000000313,20250528,1,677,1,,2,12000.0,480.0,23520.0
5000001752,20250528,1,1213,2,2.0,2,10800.0,432.0,21168.0
5000002948,20250528,1,951,1,,2,12000.0,0.0,24000.0
5000003803,20250528,1,639,2,2.0,1,12000.0,240.0,11760.0
5000006912,20250528,2,223,2,2.0,3,15000.0,4500.0,40500.0
5000006913,20250528,2,223,2,2.0,2,15000.0,0.0,30000.0
5000007242,20250528,2,965,1,,3,15750.0,4725.0,42525.0
5000007243,20250528,1,965,1,,2,12600.0,2520.0,22680.0
5000007358,20250528,1,732,2,1.0,3,12600.0,1890.0,35910.0
5000009517,20250528,1,634,1,,1,12000.0,1200.0,10800.0
5000009518,20250528,2,634,1,,3,16500.0,0.0,49500.0
5000009692,20250528,1,219,1,,2,10800.0,1080.0,20520.0
5000009735,20250528,1,387,2,3.0,1,12000.0,0.0,12000.0
5000009736,20250528,1,387,2,3.0,2,12000.0,2400.0,21600.0
5000010579,20250528,1,95,2,3.0,1,12000.0,0.0,12000.0
5000010580,20250528,1,95,2,3.0,1,10800.0,1080.0,9720.0
5000010616,20250528,1,31,1,,3,12000.0,3600.0,32400.0
5000010617,20250528,2,31,1,,1,15000.0,1500.0,13500.0
5000010618,20250528,1,31,1,,1,10800.0,216.0,10584.0
5000010925,20250528,1,98,2,2.0,3,12000.0,1800.0,34200.0
5000011137,20250528,2,229,1,,1,15000.0,1500.0,13500.0
5000013180,20250528,1,176,1,,2,13200.0,1320.0,25080.0
5000014140,20250528,2,1039,1,,3,13500.0,810.0,39690.0
5000014141,20250528,1,1039,1,,2,12000.0,480.0,23520.0
5000016003,20250528,1,358,1,,1,12000.0,240.0,11760.0
5000002325,20250529,1,936,1,,2,12000.0,1200.0,22800.0
5000002550,20250529,1,734,1,,1,10800.0,216.0,10584.0
5000004039,20250529,1,704,2,1.0,2,12000.0,1200.0,22800.0
5000004040,20250529,2,704,2,1.0,3,16500.0,2475.0,47025.0
5000004945,20250529,1,86,1,,2,13200.0,0.0,26400.0
5000005382,20250529,1,340,2,4.0,2,13200.0,0.0,26400.0
5000005590,20250529,2,569,1,,3,15000.0,2250.0,42750.0
5000005626,20250529,1,1368,2,3.0,3,12000.0,0.0,36000.0
5000005938,20250529,2,555,2,2.0,1,15000.0,750.0,14250.0
5000005939,20250529,2,555,2,2.0,3,15000.0,900.0,44100.0
5000006914,20250529,2,38,1,,2,13500.0,2700.0,24300.0
5000007923,20250529,2,1474,1,,2,15000.0,1500.0,28500.0
5000007924,20250529,1,1474,1,,1,12000.0,600.0,11400.0
5000007930,20250529,1,508,1,,3,13200.0,1980.0,37620.0
5000007931,20250529,1,508,1,,2,12600.0,0.0,25200.0
5000008188,20250529,1,1269,2,1.0,1,10800.0,540.0,10260.0
5000008189,20250529,1,1269,2,1.0,2,12000.0,0.0,24000.0
5000008348,20250529,1,248,1,,3,12600.0,0.0,37800.0
5000008373,20250529,1,1458,2,3.0,1,10800.0,540.0,10260.0
5000008732,20250529,2,734,1,,2,15000.0,1500.0,28500.0
5000008733,20250529,2,734,1,,2,15000.0,600.0,29400.0
5000008734,20250529,1,734,1,,3,12000.0,1800.0,34200.0
5000010331,20250529,1,648,2,1.0,1,12000.0,0.0,12000.0
5000011599,20250529,2,660,2,3.0,3,15000.0,0.0,45000.0
5000013375,20250529,2,1039,2,1.0,2,15000.0,1500.0,28500.0
5000013494,20250529,1,797,1,,1,12000.0,1200.0,10800.0
5000014754,20250529,1,843,2,1.0,1,12000.0,600.0,11400.0
5000014945,20250529,2,862,1,,3,15000.0,900.0,44100.0
5000015898,20250529,2,1413,1,,3,13500.0,0.0,40500.0
5000015899,20250529,1,1413,1,,3,13200.0,1980.0,37620.0
5000015900,20250529,1,1413,1,,2,10800.0,0.0,21600.0
5000000208,20250530,2,513,2,4.0,2,16500.0,660.0,32340.0
5000000343,20250530,2,1048,2,1.0,2,15000.0,600.0,29400.0
5000000344,20250530,2,1048,2,1.0,2,15000.0,1500.0,28500.0
5000001241,20250530,2,1072,1,,3,15000.0,0.0,45000.0
5000002502,20250530,1,264,1,,1,12000.0,240.0,11760.0
5000002606,20250530,2,415,2,3.0,3,15000.0,4500.0,40500.0
5000003043,20250530,1,484,1,,1,12000.0,240.0,11760.0
5000005389,20250530,2,1119,1,,2,15000.0,600.0,29400.0
5000005390,20250530,2,1119,1,,3,15000.0,4500.0,40500.0
5000005542,20250530,1,529,1,,1,12000.0,600.0,11400.0
5000006467,20250530,1,816,1,,2,12600.0,1260.0,23940.0
5000006468,20250530,2,816,1,,3,15000.0,4500.0,40500.0
5000007249,20250530,1,728,2,4.0,1,12600.0,252.0,12348.0
5000007250,20250530,2,728,2,4.0,3,15000.0,2250.0,42750.0
5000008259,20250530,1,900,1,,2,13200.0,0.0,26400.0
5000011249,20250530,2,381,2,1.0,2,16500.0,0.0,33000.0
5000012423,20250530,1,366,2,4.0,3,10800.0,1620.0,30780.0
5000012424,20250530,1,366,2,4.0,1,12000.0,1200.0,10800.0
5000014401,20250530,1,811,1,,3,12600.0,756.0,37044.0
5000014579,20250530,1,1092,1,,1,12600.0,1260.0,11340.0
5000015379,20250530,1,847,1,,3,12000.0,0.0,36000.0
5000015380,20250530,2,847,1,,3,15000.0,4500.0,40500.0
5000000959,20250531,1,193,2,4.0,1,13200.0,264.0,12936.0
5000003715,20250531,2,1293,1,,1,15000.0,750.0,14250.0
5000004048,20250531,2,663,1,,3,16500.0,2475.0,47025.0
5000004049,20250531,2,663,1,,1,15750.0,1575.0,14175.0
5000004201,20250531,1,722,1,,2,12600.0,504.0,24696.0
5000005019,20250531,2,1067,1,,2,15000.0,600.0,29400.0
5000008365,20250531,2,790,1,,2,15000.0,3000.0,27000.0
5000010123,20250531,2,252,1,,2,13500.0,1350.0,25650.0
5000010284,20250531,1,359,2,4.0,3,12000.0,0.0,36000.0
5000011133,20250531,1,40,2,3.0,2,12000.0,480.0,23520.0
5000011134,20250531,1,40,2,3.0,3,12000.0,1800.0,34200.0
5000012528,20250531,2,83,2,2.0,3,15000.0,2250.0,42750.0
5000012529,20250531,1,83,2,2.0,1,12000.0,240.0,11760.0
5000013066,20250531,1,748,2,1.0,2,10800.0,0.0,21600.0
5000013567,20250531,1,412,2,4.0,3,10800.0,3240.0,29160.0
5000014197,20250531,1,1371,1,,3,10800.0,0.0,32400.0
5000001757,20250601,2,327,1,,3,16500.0,4950.0,44550.0
5000002001,20250601,1,1054,2,4.0,1,12000.0,240.0,11760.0
5000002002,20250601,1,1054,2,4.0,1,12600.0,1260.0,11340.0
5000002140,20250601,2,90,1,,2,15750.0,630.0,30870.0
5000002533,20250601,1,294,1,,1,10800.0,1080.0,9720.0
5000002907,20250601,2,69,1,,3,15000.0,4500.0,40500.0
5000004289,20250601,2,1077,1,,3,13500.0,810.0,39690.0
5000004377,20250601,1,527,1,,3,10800.0,648.0,31752.0
5000004666,20250601,1,688,2,1.0,2,12000.0,2400.0,21600.0
5000004821,20250601,1,610,2,4.0,1,12000.0,0.0,12000.0
5000004822,20250601,2,610,2,4.0,2,15750.0,0.0,31500.0
5000005746,20250601,2,1089,1,,3,13500.0,0.0,40500.0
5000005747,20250601,1,1089,1,,2,12000.0,0.0,24000.0
5000007164,20250601,2,303,2,4.0,3,15000.0,4500.0,40500.0
5000008008,20250601,1,370,2,3.0,2,10800.0,1080.0,20520.0
5000008060,20250601,1,269,1,,2,10800.0,0.0,21600.0
5000008136,20250601,1,499,1,,1,12000.0,240.0,11760.0
5000008137,20250601,2,499,1,,2,15000.0,600.0,29400.0
5000008138,20250601,2,499,1,,2,15000.0,1500.0,28500.0
5000009711,20250601,2,629,1,,1,15750.0,315.0,15435.0
5000011086,20250601,1,999,1,,1,12600.0,0.0,12600.0
5000011176,20250601,1,806,1,,1,12000.0,0.0,12000.0
5000011177,20250601,2,806,1,,3,15000.0,900.0,44100.0
5000012275,20250601,1,1105,1,,1,12600.0,0.0,12600.0
5000012276,20250601,2,1105,1,,1,13500.0,1350.0,12150.0
5000013291,20250601,2,613,1,,2,15000.0,3000.0,27000.0
5000014372,20250601,2,261,1,,1,15000.0,750.0,14250.0
5000014826,20250601,2,791,2,4.0,2,13500.0,0.0,27000.0
5000014827,20250601,1,791,2,4.0,3,12000.0,0.0,36000.0
5000014893,20250601,2,1380,1,,3,15000.0,0.0,45000.0
5000015107,20250601,1,1009,2,3.0,2,12000.0,0.0,24000.0
5000000728,20250602,1,1398,1,,2,12000.0,0.0,24000.0
5000001148,20250602,2,397,2,3.0,2,15000.0,3000.0,27000.0
5000001149,20250602,2,397,2,3.0,1,15750.0,1575.0,14175.0
5000003166,20250602,2,97,1,,3,15000.0,2250.0,42750.0
5000003785,20250602,1,757,2,3.0,1,12000.0,1200.0,10800.0
5000003786,20250602,2,757,2,3.0,3,15750.0,945.0,46305.0
5000003787,20250602,2,757,2,3.0,3,15000.0,4500.0,40500.0
5000004211,20250602,1,508,1,,3,12600.0,756.0,37044.0
5000004212,20250602,1,508,1,,1,12000.0,240.0,11760.0
5000004213,20250602,1,508,1,,1,12000.0,240.0,11760.0
5000004319,20250602,2,1000,1,,2,15000.0,0.0,30000.0
5000004460,20250602,1,1402,2,3.0,3,12000.0,0.0,36000.0
5000004712,20250602,2,1212,2,4.0,1,15000.0,1500.0,13500.0
5000005418,20250602,2,448,1,,2,15750.0,3150.0,28350.0
5000006809,20250602,2,473,2,2.0,3,15000.0,0.0,45000.0
5000007359,20250602,1,393,1,,3,12000.0,3600.0,32400.0
5000007760,20250602,1,849,2,2.0,3,10800.0,0.0,32400.0
5000009841,20250602,2,291,1,,1,16500.0,1650.0,14850.0
5000010033,20250602,2,25,1,,3,16500.0,2475.0,47025.0
5000010034,20250602,2,25,1,,2,15750.0,630.0,30870.0
5000010141,20250602,1,529,1,,2,10800.0,1080.0,20520.0
5000010572,20250602,1,1038,2,1.0,3,12000.0,720.0,35280.0
5000011017,20250602,2,658,2,4.0,3,15000.0,2250.0,42750.0
5000011018,20250602,2,658,2,4.0,1,15000.0,1500.0,13500.0
5000011019,20250602,1,658,2,4.0,1,12000.0,240.0,11760.0
5000011294,20250602,2,1261,1,,2,15000.0,600.0,29400.0
5000011565,20250602,2,116,1,,3,15000.0,0.0,45000.0
5000011886,20250602,2,1162,1,,1,15000.0,750.0,14250.0
5000012507,20250602,2,830,1,,2,15000.0,1500.0,28500.0
5000012742,20250602,2,166,2,2.0,2,15000.0,1500.0,28500.0
5000012743,20250602,2,166,2,2.0,2,15000.0,3000.0,27000.0
5000012744,20250602,1,166,2,2.0,3,12600.0,0.0,37800.0
5000013093,20250602,1,1356,1,,2,12000.0,2400.0,21600.0
5000014075,20250602,2,1245,2,3.0,3,16500.0,2475.0,47025.0
5000000972,20250603,2,544,2,1.0,3,15000.0,900.0,44100.0
5000002807,20250603,1,819,2,1.0,3,12000.0,1800.0,34200.0
5000003188,20250603,1,1317,1,,3,12000.0,1800.0,34200.0
5000003189,20250603,1,1317,1,,1,12000.0,1200.0,10800.0
5000004224,20250603,1,238,2,1.0,1,12000.0,0.0,12000.0
5000006373,20250603,1,1224,2,2.0,2,12000.0,2400.0,21600.0
5000008217,20250603,1,613,2,2.0,3,10800.0,3240.0,29160.0
5000009119,20250603,1,16,2,1.0,1,12000.0,600.0,11400.0
5000011682,20250603,1,426,1,,1,12000.0,1200.0,10800.0
5000013085,20250603,1,841,2,4.0,3,12000.0,0.0,36000.0
5000014322,20250603,1,276,2,4.0,2,12000.0,2400.0,21600.0
5000014323,20250603,1,276,2,4.0,2,10800.0,1080.0,20520.0
5000014951,20250603,1,252,2,2.0,1,13200.0,264.0,12936.0
5000000153,20250604,1,1284,2,2.0,2,12000.0,480.0,23520.0
5000000154,20250604,2,1284,2,2.0,3,16500.0,4950.0,44550.0
5000000556,20250604,2,7,2,4.0,2,16500.0,660.0,32340.0
5000000745,20250604,1,108,1,,3,12000.0,1800.0,34200.0
5000001113,20250604,1,313,1,,3,12000.0,0.0,36000.0
5000001284,20250604,1,734,1,,2,10800.0,0.0,21600.0
5000001285,20250604,1,734,1,,3,12000.0,1800.0,34200.0
5000001856,20250604,2,833,1,,1,15000.0,300.0,14700.0
5000002127,20250604,2,1238,2,2.0,3,15000.0,4500.0,40500.0
5000002128,20250604,2,1238,2,2.0,2,15000.0,0.0,30000.0
5000002458,20250604,2,1157,1,,1,15000.0,0.0,15000.0
5000002459,20250604,2,1157,1,,3,15000.0,2250.0,42750.0
5000003519,20250604,1,83,2,1.0,3,12600.0,3780.0,34020.0
5000003520,20250604,2,83,2,1.0,2,15000.0,600.0,29400.0
5000004121,20250604,2,342,1,,3,15000.0,4500.0,40500.0
5000007997,20250604,1,757,1,,3,10800.0,0.0,32400.0
5000009688,20250604,1,1059,2,4.0,3,12000.0,720.0,35280.0
5000009783,20250604,1,944,1,,2,12600.0,504.0,24696.0
5000009996,20250604,1,615,1,,1,12000.0,240.0,11760.0
5000010459,20250604,1,840,1,,2,12000.0,480.0,23520.0
5000010460,20250604,1,840,1,,2,13200.0,0.0,26400.0
5000011040,20250604,1,1499,1,,1,12000.0,600.0,11400.0
5000011041,20250604,1,1499,1,,3,12000.0,3600.0,32400.0
5000011689,20250604,1,1060,1,,3,13200.0,0.0,39600.0
5000011690,20250604,1,1060,1,,2,12600.0,2520.0,22680.0
5000011691,20250604,2,1060,1,,1,13500.0,1350.0,12150.0
5000011720,20250604,1,56,2,3.0,3,12600.0,3780.0,34020.0
5000011721,20250604,2,56,2,3.0,1,16500.0,0.0,16500.0
5000011737,20250604,2,593,2,1.0,2,15000.0,3000.0,27000.0
5000014318,20250604,1,1439,1,,1,10800.0,216.0,10584.0
5000015185,20250604,1,1011,2,3.0,3,12600.0,3780.0,34020.0
5000000480,20250605,2,1101,1,,3,15000.0,900.0,44100.0
5000000874,20250605,2,6,1,,1,15000.0,300.0,14700.0
5000002010,20250605,1,1048,2,1.0,2,13200.0,1320.0,25080.0
5000002011,20250605,2,1048,2,1.0,1,13500.0,675.0,12825.0
5000004837,20250605,1,1262,1,,1,12000.0,0.0,12000.0
5000004838,20250605,2,1262,1,,3,15000.0,4500.0,40500.0
5000005239,20250605,1,308,2,1.0,2,12000.0,2400.0,21600.0
5000006326,20250605,2,1280,2,2.0,3,15750.0,4725.0,42525.0
5000006528,20250605,1,1299,2,4.0,2,12000.0,0.0,24000.0
5000007573,20250605,2,1313,2,2.0,2,13500.0,2700.0,24300.0
5000007863,20250605,1,1492,1,,1,12000.0,240.0,11760.0
5000007864,20250605,1,1492,1,,3,13200.0,1980.0,37620.0
5000007865,20250605,2,1492,1,,2,13500.0,0.0,27000.0
5000008002,20250605,2,561,1,,3,15750.0,0.0,47250.0
5000009547,20250605,1,1348,1,,2,12000.0,2400.0,21600.0
5000009548,20250605,1,1348,1,,1,10800.0,0.0,10800.0
5000009549,20250605,2,1348,1,,1,15000.0,300.0,14700.0
5000009557,20250605,2,168,2,2.0,3,15000.0,0.0,45000.0
5000009691,20250605,1,1099,1,,1,12000.0,1200.0,10800.0
5000009888,20250605,2,555,2,4.0,1,15000.0,1500.0,13500.0
5000010722,20250605,1,1437,1,,3,10800.0,0.0,32400.0
5000011264,20250605,1,1124,2,1.0,1,12000.0,600.0,11400.0
5000011265,20250605,1,1124,2,1.0,1,12000.0,600.0,11400.0
5000013260,20250605,1,233,2,4.0,3,12000.0,1800.0,34200.0
5000013667,20250605,1,1250,1,,2,12600.0,2520.0,22680.0
5000013695,20250605,2,874,2,3.0,3,15000.0,900.0,44100.0
5000015521,20250605,1,8,1,,1,12000.0,600.0,11400.0
5000015890,20250605,1,393,2,3.0,3,12000.0,3600.0,32400.0
5000001135,20250606,2,240,1,,3,15000.0,4500.0,40500.0
5000001764,20250606,1,1264,1,,3,12000.0,720.0,35280.0
5000006808,20250606,1,1216,1,,3,12000.0,1800.0,34200.0
5000007348,20250606,1,664,1,,3,10800.0,1620.0,30780.0
5000007349,20250606,1,664,1,,3,12000.0,3600.0,32400.0
5000007611,20250606,2,118,1,,3,15000.0,900.0,44100.0
5000007612,20250606,1,118,1,,1,12000.0,0.0,12000.0
5000009684,20250606,1,841,1,,2,10800.0,432.0,21168.0
5000010911,20250606,1,332,2,1.0,3,13200.0,792.0,38808.0
5000011627,20250606,1,936,1,,1,12000.0,1200.0,10800.0
5000011628,20250606,2,936,1,,3,15000.0,2250.0,42750.0
5000011722,20250606,1,679,1,,2,10800.0,1080.0,20520.0
5000012377,20250606,2,1469,1,,3,16500.0,4950.0,44550.0
5000013953,20250606,2,581,2,3.0,1,15000.0,0.0,15000.0
5000014234,20250606,1,1326,1,,1,12600.0,630.0,11970.0
5000014235,20250606,2,1326,1,,1,15000.0,0.0,15000.0
5000014282,20250606,1,1310,1,,3,12000.0,0.0,36000.0
5000014912,20250606,1,1419,1,,1,12600.0,0.0,12600.0
5000001634,20250607,1,235,2,3.0,3,12000.0,0.0,36000.0
5000001635,20250607,1,235,2,3.0,2,10800.0,2160.0,19440.0
5000002122,20250607,1,1425,2,4.0,1,12600.0,252.0,12348.0
5000003582,20250607,2,393,1,,2,15000.0,0.0,30000.0
5000004469,20250607,1,286,1,,1,12000.0,600.0,11400.0
5000004470,20250607,2,286,1,,1,15000.0,1500.0,13500.0
5000004626,20250607,2,528,1,,2,16500.0,1650.0,31350.0
5000004802,20250607,1,671,1,,3,12000.0,720.0,35280.0
5000005201,20250607,2,1237,1,,1,15000.0,750.0,14250.0
5000005276,20250607,1,1259,2,3.0,1,13200.0,1320.0,11880.0
5000005277,20250607,1,1259,2,3.0,3,12000.0,1800.0,34200.0
5000005599,20250607,2,1048,2,1.0,2,15000.0,0.0,30000.0
5000007755,20250607,1,765,1,,1,12000.0,240.0,11760.0
5000007906,20250607,2,1137,1,,2,15000.0,1500.0,28500.0
5000008640,20250607,1,1174,1,,1,12600.0,252.0,12348.0
5000008641,20250607,2,1174,1,,1,15000.0,300.0,14700.0
5000008699,20250607,1,1041,2,1.0,3,10800.0,1620.0,30780.0
5000008700,20250607,2,1041,2,1.0,2,15000.0,1500.0,28500.0
5000009346,20250607,2,998,2,2.0,3,15000.0,900.0,44100.0
5000009347,20250607,1,998,2,2.0,3,13200.0,3960.0,35640.0
5000009348,20250607,1,998,2,2.0,1,12000.0,600.0,11400.0
5000009571,20250607,1,1120,2,4.0,3,12000.0,0.0,36000.0
5000009572,20250607,1,1120,2,4.0,3,10800.0,3240.0,29160.0
5000012662,20250607,2,1156,2,1.0,2,15750.0,0.0,31500.0
5000012663,20250607,1,1156,2,1.0,3,13200.0,1980.0,37620.0
5000012666,20250607,2,3,1,,2,16500.0,1650.0,31350.0
5000013123,20250607,1,835,1,,1,12000.0,1200.0,10800.0
5000013124,20250607,1,835,1,,3,12000.0,720.0,35280.0
5000013999,20250607,1,258,2,4.0,1,10800.0,1080.0,9720.0
5000000326,20250608,2,536,1,,1,16500.0,0.0,16500.0
5000000514,20250608,1,864,1,,3,12000.0,720.0,35280.0
5000000640,20250608,1,843,2,3.0,3,12000.0,0.0,36000.0
5000002115,20250608,2,1197,2,1.0,1,13500.0,0.0,13500.0
5000002116,20250608,1,1197,2,1.0,2,12000.0,1200.0,22800.0
5000005449,20250608,2,689,2,1.0,1,15000.0,0.0,15000.0
5000005450,20250608,2,689,2,1.0,1,15000.0,750.0,14250.0
5000006127,20250608,2,868,2,1.0,3,13500.0,2025.0,38475.0
5000006128,20250608,2,868,2,1.0,2,15750.0,1575.0,29925.0
5000008620,20250608,1,1419,2,1.0,3,12000.0,0.0,36000.0
5000008621,20250608,1,1419,2,1.0,3,12000.0,720.0,35280.0
5000009221,20250608,2,939,2,4.0,1,15750.0,787.5,14962.5
5000010760,20250608,2,134,2,2.0,1,15000.0,300.0,14700.0
5000010850,20250608,2,377,1,,1,16500.0,825.0,15675.0
5000010851,20250608,2,377,1,,1,15000.0,0.0,15000.0
5000011919,20250608,2,1439,1,,3,15750.0,4725.0,42525.0
5000012382,20250608,2,83,2,3.0,1,13500.0,1350.0,12150.0
5000012432,20250608,1,4,1,,2,12000.0,480.0,23520.0
5000012433,20250608,1,4,1,,1,12000.0,0.0,12000.0
5000012538,20250608,2,1084,1,,1,15000.0,1500.0,13500.0
5000013059,20250608,1,415,2,1.0,3,12600.0,1890.0,35910.0
5000000048,20250609,1,1377,2,4.0,3,12000.0,1800.0,34200.0
5000000566,20250609,1,39,2,1.0,2,12000.0,480.0,23520.0
5000001175,20250609,2,1276,2,2.0,3,15000.0,2250.0,42750.0
5000001231,20250609,1,772,2,4.0,2,10800.0,2160.0,19440.0
5000001761,20250609,2,379,2,2.0,3,15000.0,2250.0,42750.0
5000001762,20250609,2,379,2,2.0,3,15000.0,900.0,44100.0
5000002461,20250609,2,655,1,,2,15000.0,0.0,30000.0
5000002521,20250609,1,30,2,1.0,2,12600.0,2520.0,22680.0
5000002787,20250609,2,1227,2,3.0,3,16500.0,4950.0,44550.0
5000002788,20250609,2,1227,2,3.0,1,15000.0,300.0,14700.0
5000003654,20250609,2,866,2,2.0,2,15750.0,630.0,30870.0
5000005257,20250609,2,640,1,,2,15000.0,1500.0,28500.0
5000005419,20250609,1,1074,1,,3,12600.0,3780.0,34020.0
5000006707,20250609,1,964,1,,2,12000.0,0.0,24000.0
5000006916,20250609,1,1352,1,,3,10800.0,648.0,31752.0
5000006917,20250609,1,1352,1,,1,12000.0,0.0,12000.0
5000007545,20250609,1,715,1,,1,12000.0,1200.0,10800.0
5000007546,20250609,1,715,1,,3,12000.0,0.0,36000.0
5000008070,20250609,2,647,1,,2,15000.0,1500.0,28500.0
5000009039,20250609,1,1267,1,,2,12000.0,2400.0,21600.0
5000009982,20250609,2,131,1,,3,15000.0,2250.0,42750.0
5000011545,20250609,2,1382,1,,1,15000.0,0.0,15000.0
5000012405,20250609,1,497,1,,3,12600.0,1890.0,35910.0
5000012587,20250609,2,979,2,1.0,3,16500.0,990.0,48510.0
5000012589,20250609,2,423,1,,1,15000.0,0.0,15000.0
5000013217,20250609,1,632,2,3.0,3,12000.0,3600.0,32400.0
5000015931,20250609,2,932,1,,2,15000.0,600.0,29400.0
5000015940,20250609,1,3,2,2.0,2,10800.0,1080.0,20520.0
5000000211,20250610,1,723,2,2.0,1,12000.0,1200.0,10800.0
5000000869,20250610,1,404,1,,1,12000.0,1200.0,10800.0
5000001212,20250610,2,555,2,4.0,3,13500.0,4050.0,36450.0
5000001452,20250610,1,690,2,2.0,1,12000.0,600.0,11400.0
5000002448,20250610,2,1126,1,,3,15750.0,0.0,47250.0
5000003092,20250610,2,1068,2,3.0,3,15000.0,2250.0,42750.0
5000003093,20250610,1,1068,2,3.0,2,12000.0,480.0,23520.0
5000005245,20250610,1,546,1,,2,12600.0,504.0,24696.0
5000005246,20250610,2,546,1,,2,15000.0,600.0,29400.0
5000005527,20250610,2,1016,2,4.0,3,15000.0,0.0,45000.0
5000005969,20250610,1,620,2,1.0,1,12000.0,0.0,12000.0
5000005970,20250610,1,620,2,1.0,1,12000.0,240.0,11760.0
5000007387,20250610,2,1179,2,4.0,2,13500.0,1350.0,25650.0
5000007484,20250610,2,283,2,4.0,2,15750.0,0.0,31500.0
5000007485,20250610,2,283,2,4.0,1,16500.0,330.0,16170.0
5000008279,20250610,2,952,1,,3,15000.0,0.0,45000.0
5000008798,20250610,2,355,1,,1,16500.0,1650.0,14850.0
5000010183,20250610,2,976,2,4.0,3,15000.0,4500.0,40500.0
5000011410,20250610,1,724,2,4.0,3,12000.0,1800.0,34200.0
5000011629,20250610,1,459,1,,3,13200.0,3960.0,35640.0
5000011630,20250610,2,459,1,,3,15750.0,0.0,47250.0
5000011951,20250610,2,458,1,,1,15750.0,787.5,14962.5
5000012928,20250610,2,887,1,,3,15750.0,0.0,47250.0
5000013690,20250610,1,690,1,,2,12000.0,1200.0,22800.0
5000014773,20250610,2,1148,2,4.0,1,15000.0,750.0,14250.0
5000015429,20250610,1,1084,2,4.0,2,12600.0,2520.0,22680.0
5000015753,20250610,1,61,1,,1,12000.0,0.0,12000.0
5000000628,20250611,2,803,1,,3,13500.0,810.0,39690.0
5000001623,20250611,1,1293,1,,3,12600.0,1890.0,35910.0
5000002998,20250611,1,888,1,,3,12000.0,0.0,36000.0
5000003857,20250611,1,562,1,,3,12000.0,1800.0,34200.0
5000003906,20250611,1,40,1,,1,13200.0,1320.0,11880.0
5000003907,20250611,2,40,1,,1,13500.0,675.0,12825.0
5000003929,20250611,1,1245,1,,1,12000.0,240.0,11760.0
5000005359,20250611,1,1064,1,,1,12600.0,0.0,12600.0
5000005360,20250611,2,1064,1,,2,15000.0,1500.0,28500.0
5000006294,20250611,1,814,1,,2,12600.0,504.0,24696.0
5000006404,20250611,2,1480,1,,1,15000.0,1500.0,13500.0
5000006405,20250611,1,1480,1,,2,12000.0,0.0,24000.0
5000006532,20250611,1,50,2,2.0,1,12000.0,0.0,12000.0
5000006533,20250611,2,50,2,2.0,1,15750.0,0.0,15750.0
5000006760,20250611,1,277,1,,1,12000.0,1200.0,10800.0
5000011677,20250611,1,1457,2,4.0,3,12000.0,1800.0,34200.0
5000011719,20250611,1,342,1,,3,12600.0,1890.0,35910.0
5000011932,20250611,2,511,1,,1,15750.0,787.5,14962.5
5000013281,20250611,2,750,1,,2,15000.0,1500.0,28500.0
5000014254,20250611,2,779,1,,1,15000.0,0.0,15000.0
5000014255,20250611,2,779,1,,3,15000.0,900.0,44100.0
5000015706,20250611,1,214,1,,1,12600.0,0.0,12600.0
5000015707,20250611,1,214,1,,3,12000.0,0.0,36000.0
5000016153,20250611,2,1341,2,4.0,2,13500.0,0.0,27000.0
5000002269,20250612,1,1326,2,3.0,1,12000.0,240.0,11760.0
5000002515,20250612,1,1306,2,3.0,2,10800.0,2160.0,19440.0
5000003312,20250612,1,1344,1,,1,12000.0,1200.0,10800.0
5000003969,20250612,2,555,1,,1,16500.0,825.0,15675.0
5000005771,20250612,2,305,2,2.0,1,15000.0,300.0,14700.0
5000005772,20250612,1,305,2,2.0,1,12600.0,0.0,12600.0
5000006242,20250612,1,1078,1,,3,12600.0,1890.0,35910.0
5000007788,20250612,1,649,2,2.0,3,12000.0,1800.0,34200.0
5000008389,20250612,2,1262,1,,2,13500.0,1350.0,25650.0
5000009356,20250612,1,235,2,4.0,3,12000.0,3600.0,32400.0
5000009357,20250612,2,235,2,4.0,1,16500.0,330.0,16170.0
5000009667,20250612,1,896,1,,1,12000.0,1200.0,10800.0
5000009668,20250612,2,896,1,,2,15000.0,0.0,30000.0
5000009669,20250612,2,896,1,,2,15000.0,3000.0,27000.0
5000010588,20250612,1,124,2,3.0,1,12000.0,240.0,11760.0
5000010589,20250612,2,124,2,3.0,1,15000.0,1500.0,13500.0
5000011195,20250612,1,335,2,4.0,1,12000.0,0.0,12000.0
5000011313,20250612,2,1338,2,2.0,3,15000.0,900.0,44100.0
5000011356,20250612,2,670,1,,1,15000.0,300.0,14700.0
5000011357,20250612,2,670,1,,2,15000.0,1500.0,28500.0
5000011749,20250612,1,391,2,1.0,3,12000.0,720.0,35280.0
5000011750,20250612,1,391,2,1.0,1,12000.0,240.0,11760.0
5000011790,20250612,1,1371,2,2.0,1,12000.0,240.0,11760.0
5000011791,20250612,1,1371,2,2.0,2,10800.0,2160.0,19440.0
5000011792,20250612,1,1371,2,2.0,1,12000.0,0.0,12000.0
5000012938,20250612,2,79,2,2.0,3,15000.0,2250.0,42750.0
5000012939,20250612,1,79,2,2.0,2,12000.0,1200.0,22800.0
5000013904,20250612,1,781,1,,2,12000.0,2400.0,21600.0
5000014136,20250612,1,163,1,,2,12000.0,2400.0,21600.0
5000015124,20250612,2,624,2,4.0,2,15750.0,0.0,31500.0
5000015125,20250612,2,624,2,4.0,3,15000.0,900.0,44100.0
5000015126,20250612,1,624,2,4.0,2,12000.0,0.0,24000.0
5000002099,20250613,1,162,1,,3,12000.0,720.0,35280.0
5000003315,20250613,2,985,1,,1,15000.0,300.0,14700.0
5000003355,20250613,2,891,1,,1,15750.0,1575.0,14175.0
5000003952,20250613,1,312,2,1.0,1,12000.0,600.0,11400.0
5000004265,20250613,1,521,2,2.0,2,12600.0,1260.0,23940.0
5000004266,20250613,2,521,2,2.0,2,16500.0,0.0,33000.0
5000004285,20250613,2,1463,1,,1,15000.0,750.0,14250.0
5000004286,20250613,1,1463,1,,2,12000.0,2400.0,21600.0
5000004538,20250613,2,302,2,4.0,3,15000.0,900.0,44100.0
5000005943,20250613,2,1299,2,3.0,1,15000.0,750.0,14250.0
5000006415,20250613,1,546,1,,2,13200.0,2640.0,23760.0
5000007039,20250613,2,1317,2,3.0,1,15000.0,300.0,14700.0
5000007113,20250613,2,962,1,,1,15000.0,300.0,14700.0
5000007114,20250613,2,962,1,,3,13500.0,4050.0,36450.0
5000007115,20250613,1,962,1,,2,12000.0,1200.0,22800.0
5000007785,20250613,2,1485,1,,1,15000.0,1500.0,13500.0
5000007786,20250613,2,1485,1,,3,15000.0,0.0,45000.0
5000008715,20250613,1,1033,1,,2,12000.0,1200.0,22800.0
5000008878,20250613,2,1227,2,3.0,3,13500.0,4050.0,36450.0
5000008879,20250613,1,1227,2,3.0,1,12000.0,240.0,11760.0
5000010117,20250613,2,833,1,,3,16500.0,4950.0,44550.0
5000010747,20250613,1,1069,1,,1,10800.0,540.0,10260.0
5000010748,20250613,1,1069,1,,3,13200.0,792.0,38808.0
5000011963,20250613,1,455,1,,3,12000.0,1800.0,34200.0
5000012654,20250613,1,523,1,,3,12000.0,720.0,35280.0
5000012655,20250613,2,523,1,,2,15000.0,3000.0,27000.0
5000013821,20250613,1,833,1,,1,12000.0,600.0,11400.0
5000013822,20250613,1,833,1,,3,12000.0,0.0,36000.0
5000014746,20250613,2,1233,1,,2,15000.0,0.0,30000.0
5000015254,20250613,2,1210,2,2.0,2,15750.0,630.0,30870.0
5000015738,20250613,2,1122,2,2.0,3,15000.0,0.0,45000.0
5000001474,20250614,1,1010,2,4.0,2,12000.0,1200.0,22800.0
5000001674,20250614,1,430,2,2.0,2,12000.0,2400.0,21600.0
5000001675,20250614,1,430,2,2.0,2,13200.0,528.0,25872.0
5000001949,20250614,2,31,2,1.0,3,15000.0,4500.0,40500.0
5000001950,20250614,2,31,2,1.0,3,16500.0,0.0,49500.0
5000002348,20250614,2,1057,2,4.0,1,15000.0,0.0,15000.0
5000002440,20250614,1,1390,1,,3,12000.0,0.0,36000.0
5000004448,20250614,2,1160,2,3.0,2,16500.0,3300.0,29700.0
5000005853,20250614,2,1159,2,2.0,2,15000.0,600.0,29400.0
5000005921,20250614,2,208,1,,3,15000.0,900.0,44100.0
5000006987,20250614,2,607,1,,3,15000.0,900.0,44100.0
5000008015,20250614,1,1343,2,2.0,2,12000.0,2400.0,21600.0
5000008016,20250614,2,1343,2,2.0,2,15750.0,0.0,31500.0
5000008017,20250614,2,1343,2,2.0,3,13500.0,810.0,39690.0
5000008142,20250614,2,1472,2,2.0,1,13500.0,0.0,13500.0
5000008143,20250614,1,1472,2,2.0,2,12000.0,0.0,24000.0
5000009891,20250614,1,1188,1,,2,13200.0,1320.0,25080.0
5000010154,20250614,2,1145,2,3.0,2,16500.0,660.0,32340.0
5000010841,20250614,1,156,2,2.0,1,12600.0,630.0,11970.0
5000011670,20250614,1,483,2,2.0,3,12000.0,720.0,35280.0
5000012062,20250614,2,1379,1,,3,13500.0,810.0,39690.0
5000014368,20250614,1,1020,1,,1,12000.0,0.0,12000.0
5000015156,20250614,1,1193,2,3.0,3,12000.0,720.0,35280.0
5000000506,20250615,1,1208,1,,1,10800.0,0.0,10800.0
5000002048,20250615,2,878,1,,1,15000.0,750.0,14250.0
5000002049,20250615,1,878,1,,2,12000.0,480.0,23520.0
5000002608,20250615,1,1280,2,3.0,1,12000.0,240.0,11760.0
5000002609,20250615,1,1280,2,3.0,2,12000.0,2400.0,21600.0
5000002610,20250615,1,1280,2,3.0,3,12600.0,3780.0,34020.0
5000002758,20250615,1,829,2,4.0,1,12600.0,0.0,12600.0
5000003110,20250615,1,189,2,2.0,3,13200.0,3960.0,35640.0
5000003347,20250615,2,490,1,,1,15750.0,787.5,14962.5
5000003348,20250615,1,490,1,,1,12000.0,240.0,11760.0
5000003707,20250615,1,623,1,,1,13200.0,660.0,12540.0
5000003708,20250615,2,623,1,,3,13500.0,0.0,40500.0
5000005679,20250615,1,429,1,,2,12000.0,0.0,24000.0
5000007916,20250615,1,1042,2,2.0,1,10800.0,216.0,10584.0
5000007917,20250615,1,1042,2,2.0,3,12000.0,720.0,35280.0
5000008946,20250615,2,760,2,3.0,3,15000.0,4500.0,40500.0
5000008947,20250615,2,760,2,3.0,2,15000.0,1500.0,28500.0
5000009185,20250615,2,86,1,,3,13500.0,0.0,40500.0
5000009204,20250615,2,1448,1,,1,13500.0,1350.0,12150.0
5000009705,20250615,1,692,2,4.0,3,12000.0,3600.0,32400.0
5000013170,20250615,2,1413,1,,1,13500.0,270.0,13230.0
5000013519,20250615,2,298,1,,3,16500.0,990.0,48510.0
5000013520,20250615,2,298,1,,1,15000.0,1500.0,13500.0
5000013521,20250615,2,298,1,,3,13500.0,2025.0,38475.0
5000000236,20250616,2,693,1,,2,15750.0,0.0,31500.0
5000000939,20250616,2,164,2,1.0,1,15000.0,0.0,15000.0
5000002044,20250616,2,1078,1,,3,15000.0,2250.0,42750.0
5000002045,20250616,1,1078,1,,1,12000.0,0.0,12000.0
5000002124,20250616,2,942,2,2.0,1,15000.0,300.0,14700.0
5000002125,20250616,1,942,2,2.0,2,12000.0,480.0,23520.0
5000002126,20250616,2,942,2,2.0,2,15750.0,1575.0,29925.0
5000002197,20250616,2,1323,2,2.0,2,15000.0,3000.0,27000.0
5000002198,20250616,1,1323,2,2.0,3,12000.0,0.0,36000.0
5000002434,20250616,1,731,1,,1,12000.0,1200.0,10800.0
5000002524,20250616,2,779,2,4.0,1,15000.0,0.0,15000.0
5000002525,20250616,1,779,2,4.0,2,13200.0,528.0,25872.0
5000002526,20250616,2,779,2,4.0,2,15000.0,0.0,30000.0
5000004231,20250616,2,995,2,3.0,2,13500.0,1350.0,25650.0
5000004279,20250616,1,1005,1,,1,12600.0,0.0,12600.0
5000004982,20250616,1,805,1,,1,12000.0,600.0,11400.0
5000006785,20250616,2,717,1,,3,13500.0,810.0,39690.0
5000006786,20250616,1,717,1,,1,12000.0,1200.0,10800.0
5000006898,20250616,2,421,1,,3,15000.0,2250.0,42750.0
5000006973,20250616,1,1015,2,4.0,2,12000.0,2400.0,21600.0
5000008262,20250616,1,165,2,4.0,3,12000.0,720.0,35280.0
5000009358,20250616,1,414,1,,1,12600.0,0.0,12600.0
5000009359,20250616,1,414,1,,3,12000.0,3600.0,32400.0
5000009767,20250616,2,949,2,3.0,1,15750.0,0.0,15750.0
5000012172,20250616,1,1227,2,3.0,1,12000.0,240.0,11760.0
5000012993,20250616,1,1248,2,2.0,1,12600.0,0.0,12600.0
5000012994,20250616,1,1248,2,2.0,2,10800.0,1080.0,20520.0
5000013603,20250616,1,492,1,,3,12000.0,3600.0,32400.0
5000013894,20250616,2,546,2,1.0,3,15000.0,4500.0,40500.0
5000013895,20250616,1,546,2,1.0,3,12000.0,0.0,36000.0
5000013896,20250616,1,546,2,1.0,1,12000.0,1200.0,10800.0
5000014585,20250616,2,905,1,,2,15000.0,1500.0,28500.0
5000015676,20250616,2,984,1,,3,16500.0,4950.0,44550.0
5000000019,20250617,2,1239,2,4.0,1,15000.0,300.0,14700.0
5000000020,20250617,1,1239,2,4.0,2,10800.0,2160.0,19440.0
5000000385,20250617,2,677,2,1.0,3,15000.0,2250.0,42750.0
5000000826,20250617,1,1495,1,,3,10800.0,648.0,31752.0
5000000827,20250617,1,1495,1,,2,12000.0,0.0,24000.0
5000005039,20250617,1,1377,1,,1,12000.0,0.0,12000.0
5000005040,20250617,1,1377,1,,3,12000.0,3600.0,32400.0
5000005345,20250617,2,458,2,4.0,2,15000.0,3000.0,27000.0
5000005346,20250617,2,458,2,4.0,1,15000.0,1500.0,13500.0
5000005347,20250617,2,458,2,4.0,2,15000.0,1500.0,28500.0
5000007008,20250617,2,1140,2,2.0,2,15000.0,600.0,29400.0
5000007234,20250617,2,124,2,3.0,3,15000.0,900.0,44100.0
5000007608,20250617,2,337,2,1.0,3,15000.0,4500.0,40500.0
5000010005,20250617,2,1076,1,,2,15000.0,0.0,30000.0
5000011157,20250617,2,1332,2,3.0,3,15000.0,2250.0,42750.0
5000011956,20250617,2,1387,1,,3,15000.0,4500.0,40500.0
5000012289,20250617,2,938,1,,1,15000.0,1500.0,13500.0
5000012730,20250617,2,1228,1,,2,15750.0,0.0,31500.0
5000014670,20250617,2,300,1,,3,15750.0,2362.5,44887.5
5000014671,20250617,1,300,1,,2,12000.0,2400.0,21600.0
5000016073,20250617,2,1305,1,,3,13500.0,4050.0,36450.0
5000000125,20250618,2,1227,1,,1,15000.0,750.0,14250.0
5000000961,20250618,1,1302,1,,2,12000.0,480.0,23520.0
5000001142,20250618,1,671,2,4.0,3,12000.0,3600.0,32400.0
5000001496,20250618,2,1059,1,,2,15000.0,600.0,29400.0
5000001589,20250618,1,1225,1,,2,12600.0,1260.0,23940.0
5000002889,20250618,1,367,2,1.0,1,12000.0,600.0,11400.0
5000004889,20250618,1,513,1,,1,10800.0,0.0,10800.0
5000008286,20250618,2,154,1,,2,16500.0,0.0,33000.0
5000008287,20250618,1,154,1,,1,12600.0,0.0,12600.0
5000009033,20250618,2,713,1,,3,16500.0,2475.0,47025.0
5000009034,20250618,1,713,1,,3,12000.0,3600.0,32400.0
5000009525,20250618,1,971,1,,1,12600.0,252.0,12348.0
5000009839,20250618,1,208,1,,3,12000.0,1800.0,34200.0
5000009840,20250618,1,208,1,,2,12000.0,0.0,24000.0
5000009985,20250618,1,1445,2,1.0,3,12600.0,3780.0,34020.0
5000010912,20250618,1,1363,2,1.0,3,12000.0,1800.0,34200.0
5000011602,20250618,1,15,1,,3,12000.0,0.0,36000.0
5000013013,20250618,2,1389,2,4.0,1,15000.0,750.0,14250.0
5000013355,20250618,2,548,1,,2,15000.0,3000.0,27000.0
5000013674,20250618,1,356,1,,3,10800.0,3240.0,29160.0
5000014515,20250618,2,775,2,2.0,2,15750.0,1575.0,29925.0
5000014907,20250618,1,207,1,,1,12000.0,600.0,11400.0
5000014908,20250618,1,207,1,,1,13200.0,660.0,12540.0
5000015433,20250618,1,525,1,,2,13200.0,0.0,26400.0
5000000922,20250619,1,788,2,2.0,3,12000.0,720.0,35280.0
5000001076,20250619,1,590,1,,2,12000.0,480.0,23520.0
5000001077,20250619,1,590,1,,1,10800.0,1080.0,9720.0
5000004711,20250619,2,1309,2,1.0,1,15000.0,750.0,14250.0
5000006601,20250619,2,1224,2,3.0,2,15000.0,0.0,30000.0
5000007317,20250619,1,1236,1,,1,10800.0,540.0,10260.0
5000008072,20250619,1,259,1,,1,12600.0,630.0,11970.0
5000008149,20250619,2,724,2,4.0,1,15000.0,0.0,15000.0
5000008150,20250619,1,724,2,4.0,2,12600.0,1260.0,23940.0
5000009816,20250619,2,923,1,,1,15000.0,300.0,14700.0
5000010695,20250619,2,45,1,,2,15000.0,1500.0,28500.0
5000011335,20250619,2,351,1,,1,15000.0,0.0,15000.0
5000012501,20250619,2,766,1,,2,16500.0,1650.0,31350.0
5000012531,20250619,2,715,1,,2,15000.0,0.0,30000.0
5000012695,20250619,2,1268,1,,3,15000.0,2250.0,42750.0
5000012696,20250619,1,1268,1,,3,12000.0,0.0,36000.0
5000012881,20250619,1,128,2,3.0,2,12000.0,480.0,23520.0
5000014509,20250619,1,1457,1,,2,12600.0,2520.0,22680.0
5000001813,20250620,1,1354,2,1.0,3,12000.0,720.0,35280.0
5000001814,20250620,1,1354,2,1.0,3,12000.0,3600.0,32400.0
5000001815,20250620,2,1354,2,1.0,2,15750.0,630.0,30870.0
5000002349,20250620,2,1044,1,,2,15000.0,600.0,29400.0
5000002814,20250620,2,474,1,,2,15000.0,0.0,30000.0
5000002815,20250620,1,474,1,,2,12000.0,1200.0,22800.0
5000002816,20250620,1,474,1,,3,12000.0,3600.0,32400.0
5000003681,20250620,2,484,2,2.0,1,15000.0,0.0,15000.0
5000003682,20250620,2,484,2,2.0,1,15000.0,0.0,15000.0
5000004115,20250620,1,702,2,2.0,1,12000.0,0.0,12000.0
5000004553,20250620,1,1243,2,1.0,2,12000.0,480.0,23520.0
5000008586,20250620,1,554,1,,2,12600.0,0.0,25200.0
5000009965,20250620,2,413,2,2.0,2,15000.0,600.0,29400.0
5000010047,20250620,1,863,1,,3,12000.0,0.0,36000.0
5000011631,20250620,2,1438,1,,3,15000.0,4500.0,40500.0
5000012416,20250620,1,1143,2,3.0,1,13200.0,1320.0,11880.0
5000013752,20250620,2,1353,2,4.0,3,13500.0,2025.0,38475.0
5000014428,20250620,1,168,1,,1,10800.0,216.0,10584.0
5000000206,20250621,1,84,1,,3,12000.0,720.0,35280.0
5000000894,20250621,2,1165,2,3.0,3,15000.0,900.0,44100.0
5000000896,20250621,1,1313,1,,2,12000.0,0.0,24000.0
5000001551,20250621,2,1296,1,,3,13500.0,2025.0,38475.0
5000001854,20250621,1,398,1,,3,12000.0,720.0,35280.0
5000001892,20250621,2,643,1,,1,15000.0,300.0,14700.0
5000004035,20250621,2,1025,1,,3,13500.0,2025.0,38475.0
5000004817,20250621,2,371,1,,1,13500.0,1350.0,12150.0
5000005273,20250621,1,539,2,2.0,3,10800.0,0.0,32400.0
5000005548,20250621,1,1032,1,,2,13200.0,528.0,25872.0
5000005901,20250621,2,858,1,,3,15000.0,0.0,45000.0
5000006007,20250621,1,1212,2,4.0,1,12000.0,0.0,12000.0
5000006382,20250621,1,1190,2,2.0,2,12600.0,1260.0,23940.0
5000007351,20250621,2,1062,2,1.0,1,15000.0,750.0,14250.0
5000007352,20250621,1,1062,2,1.0,3,12600.0,0.0,37800.0
5000008805,20250621,2,856,1,,3,13500.0,0.0,40500.0
5000009078,20250621,2,1380,1,,1,15000.0,1500.0,13500.0
5000009397,20250621,2,158,2,1.0,3,15750.0,0.0,47250.0
5000009398,20250621,1,158,2,1.0,1,12000.0,1200.0,10800.0
5000009399,20250621,1,158,2,1.0,1,13200.0,264.0,12936.0
5000010190,20250621,1,1048,1,,1,12000.0,600.0,11400.0
5000010191,20250621,1,1048,1,,2,10800.0,432.0,21168.0
5000010192,20250621,2,1048,1,,3,15750.0,945.0,46305.0
5000010562,20250621,2,1275,2,1.0,3,15750.0,945.0,46305.0
5000010563,20250621,2,1275,2,1.0,1,15750.0,1575.0,14175.0
5000013045,20250621,1,719,1,,2,10800.0,2160.0,19440.0
5000013838,20250621,2,175,1,,2,15000.0,0.0,30000.0
5000014611,20250621,1,395,1,,1,13200.0,264.0,12936.0
5000014612,20250621,2,395,1,,2,15000.0,1500.0,28500.0
5000000692,20250622,1,812,2,1.0,1,12000.0,1200.0,10800.0
5000001264,20250622,1,728,2,2.0,2,12000.0,0.0,24000.0
5000001355,20250622,1,962,1,,2,10800.0,1080.0,20520.0
5000001540,20250622,1,136,1,,3,12600.0,1890.0,35910.0
5000001541,20250622,1,136,1,,2,13200.0,2640.0,23760.0
5000002887,20250622,2,218,1,,1,15750.0,1575.0,14175.0
5000003244,20250622,1,658,1,,1,12000.0,240.0,11760.0
5000003447,20250622,2,653,2,1.0,1,15000.0,1500.0,13500.0
5000003448,20250622,2,653,2,1.0,1,15000.0,0.0,15000.0
5000003616,20250622,1,402,2,4.0,1,10800.0,216.0,10584.0
5000004255,20250622,1,151,1,,3,13200.0,792.0,38808.0
5000004256,20250622,1,151,1,,2,12000.0,480.0,23520.0
5000004763,20250622,2,837,2,4.0,3,13500.0,0.0,40500.0
5000005000,20250622,2,1273,1,,3,15000.0,0.0,45000.0
5000006090,20250622,1,1465,2,4.0,1,12000.0,240.0,11760.0
5000006883,20250622,1,1479,2,4.0,3,12000.0,1800.0,34200.0
5000008741,20250622,2,1267,2,1.0,1,15000.0,750.0,14250.0
5000009283,20250622,2,111,2,3.0,3,15000.0,0.0,45000.0
5000009284,20250622,2,111,2,3.0,1,15000.0,300.0,14700.0
5000009838,20250622,2,164,1,,1,15000.0,1500.0,13500.0
5000010184,20250622,1,348,2,4.0,1,12600.0,0.0,12600.0
5000012689,20250622,1,576,2,3.0,3,13200.0,3960.0,35640.0
5000015308,20250622,2,854,1,,3,15000.0,2250.0,42750.0
5000001506,20250623,2,697,1,,1,15000.0,0.0,15000.0
5000001992,20250623,1,1366,1,,2,12000.0,0.0,24000.0
5000003088,20250623,2,874,1,,2,15750.0,630.0,30870.0
5000003089,20250623,1,874,1,,3,10800.0,3240.0,29160.0
5000003702,20250623,2,415,1,,3,16500.0,2475.0,47025.0
5000004059,20250623,1,408,1,,2,12000.0,0.0,24000.0
5000004060,20250623,2,408,1,,2,15000.0,1500.0,28500.0
5000004320,20250623,1,1143,1,,2,12600.0,1260.0,23940.0
5000004396,20250623,2,682,1,,2,13500.0,540.0,26460.0
5000005050,20250623,1,798,1,,3,12000.0,1800.0,34200.0
5000005976,20250623,2,500,2,2.0,1,15000.0,1500.0,13500.0
5000006634,20250623,1,712,2,4.0,1,12000.0,1200.0,10800.0
5000010607,20250623,2,1361,1,,3,15000.0,4500.0,40500.0
5000010945,20250623,1,1086,1,,1,10800.0,540.0,10260.0
5000010946,20250623,2,1086,1,,2,15000.0,600.0,29400.0
5000011762,20250623,2,1489,1,,2,15750.0,0.0,31500.0
5000012259,20250623,1,785,1,,3,12000.0,3600.0,32400.0
5000012916,20250623,2,1216,1,,2,15000.0,1500.0,28500.0
5000014421,20250623,2,545,1,,1,15000.0,300.0,14700.0
5000014649,20250623,1,1295,2,3.0,2,12000.0,2400.0,21600.0
5000015599,20250623,1,527,2,4.0,2,12000.0,1200.0,22800.0
5000000168,20250624,2,530,1,,1,15000.0,300.0,14700.0
5000000502,20250624,2,480,1,,1,15750.0,1575.0,14175.0
5000000537,20250624,2,1411,2,2.0,3,13500.0,0.0,40500.0
5000001590,20250624,2,1092,2,1.0,3,16500.0,2475.0,47025.0
5000002654,20250624,1,1162,1,,2,10800.0,2160.0,19440.0
5000003762,20250624,1,1084,2,4.0,3,12000.0,720.0,35280.0
5000003763,20250624,1,1084,2,4.0,3,13200.0,792.0,38808.0
5000003941,20250624,1,1028,1,,3,12600.0,1890.0,35910.0
5000004070,20250624,1,176,2,2.0,1,12600.0,252.0,12348.0
5000004071,20250624,2,176,2,2.0,2,15000.0,3000.0,27000.0
5000004072,20250624,2,176,2,2.0,1,15000.0,750.0,14250.0
5000004200,20250624,1,949,1,,2,12000.0,2400.0,21600.0
5000008883,20250624,1,1105,2,1.0,1,12000.0,600.0,11400.0
5000008884,20250624,1,1105,2,1.0,2,12600.0,1260.0,23940.0
5000010226,20250624,1,1155,2,1.0,2,12000.0,2400.0,21600.0
5000011817,20250624,2,754,1,,3,13500.0,810.0,39690.0
5000012584,20250624,1,191,2,4.0,2,12000.0,2400.0,21600.0
5000012585,20250624,2,191,2,4.0,1,13500.0,270.0,13230.0
5000013053,20250624,2,199,1,,3,13500.0,4050.0,36450.0
5000013054,20250624,2,199,1,,2,15750.0,3150.0,28350.0
5000013292,20250624,1,342,2,2.0,1,12600.0,0.0,12600.0
5000014148,20250624,1,130,1,,2,13200.0,2640.0,23760.0
5000014382,20250624,1,310,1,,1,12000.0,1200.0,10800.0
5000014600,20250624,1,509,2,2.0,1,10800.0,540.0,10260.0
5000014801,20250624,2,487,1,,1,13500.0,0.0,13500.0
5000000195,20250625,2,1208,1,,1,15000.0,750.0,14250.0
5000000196,20250625,1,1208,1,,1,13200.0,264.0,12936.0
5000000197,20250625,1,1208,1,,2,12000.0,480.0,23520.0
5000001500,20250625,1,365,1,,2,12600.0,0.0,25200.0
5000002819,20250625,2,1395,1,,3,16500.0,990.0,48510.0
5000002820,20250625,2,1395,1,,3,15000.0,0.0,45000.0
5000003812,20250625,2,1320,2,1.0,2,15000.0,3000.0,27000.0
5000003813,20250625,1,1320,2,1.0,2,10800.0,432.0,21168.0
5000003856,20250625,2,442,2,4.0,3,13500.0,2025.0,38475.0
5000004801,20250625,2,844,1,,3,15000.0,900.0,44100.0
5000007375,20250625,1,372,1,,2,12000.0,0.0,24000.0
5000008437,20250625,1,735,1,,3,10800.0,1620.0,30780.0
5000008498,20250625,1,135,1,,2,12000.0,1200.0,22800.0
5000009467,20250625,2,346,1,,3,15000.0,0.0,45000.0
5000010642,20250625,2,844,1,,2,15000.0,1500.0,28500.0
5000010984,20250625,2,342,1,,2,15000.0,0.0,30000.0
5000011388,20250625,1,764,2,3.0,2,12000.0,1200.0,22800.0
5000012091,20250625,2,246,2,2.0,1,13500.0,1350.0,12150.0
5000012102,20250625,1,947,1,,2,12000.0,0.0,24000.0
5000012159,20250625,2,594,1,,3,13500.0,810.0,39690.0
5000012160,20250625,2,594,1,,3,15000.0,4500.0,40500.0
5000012322,20250625,2,327,2,1.0,3,15000.0,2250.0,42750.0
5000014632,20250625,2,212,2,3.0,2,15000.0,3000.0,27000.0
5000014633,20250625,1,212,2,3.0,3,13200.0,3960.0,35640.0
5000014987,20250625,2,700,1,,2,13500.0,2700.0,24300.0
5000000545,20250626,1,331,1,,1,12000.0,600.0,11400.0
5000000546,20250626,2,331,1,,1,15000.0,750.0,14250.0
5000000658,20250626,1,1012,1,,1,12000.0,240.0,11760.0
5000002694,20250626,1,809,1,,2,12000.0,1200.0,22800.0
5000003445,20250626,2,1034,1,,1,15000.0,750.0,14250.0
5000003446,20250626,1,1034,1,,2,12600.0,0.0,25200.0
5000004313,20250626,1,754,2,2.0,1,12000.0,240.0,11760.0
5000007717,20250626,1,1274,2,4.0,1,12000.0,600.0,11400.0
5000007718,20250626,1,1274,2,4.0,2,12000.0,1200.0,22800.0
5000007847,20250626,2,314,2,3.0,1,15000.0,300.0,14700.0
5000009564,20250626,2,1211,2,1.0,2,15000.0,1500.0,28500.0
5000011011,20250626,2,603,1,,3,15000.0,0.0,45000.0
5000011178,20250626,1,763,1,,3,12000.0,1800.0,34200.0
5000012438,20250626,1,125,1,,3,12000.0,0.0,36000.0
5000012770,20250626,2,1464,2,1.0,3,15000.0,4500.0,40500.0
5000012957,20250626,2,1254,1,,3,15000.0,0.0,45000.0
5000014992,20250626,2,684,2,4.0,3,15000.0,0.0,45000.0
5000015057,20250626,1,212,1,,2,10800.0,1080.0,20520.0
5000015376,20250626,1,603,1,,2,12600.0,0.0,25200.0
5000001825,20250627,1,667,1,,3,12000.0,3600.0,32400.0
5000002635,20250627,1,1134,1,,1,13200.0,264.0,12936.0
5000003566,20250627,1,326,1,,3,10800.0,1620.0,30780.0
5000003567,20250627,2,326,1,,3,15000.0,4500.0,40500.0
5000003568,20250627,2,326,1,,1,15000.0,300.0,14700.0
5000003807,20250627,1,551,1,,3,12000.0,3600.0,32400.0
5000003866,20250627,2,1042,1,,3,13500.0,4050.0,36450.0
5000006057,20250627,2,1281,2,1.0,3,13500.0,0.0,40500.0
5000006077,20250627,1,508,1,,3,10800.0,1620.0,30780.0
5000006078,20250627,2,508,1,,2,13500.0,0.0,27000.0
5000006943,20250627,1,1301,2,2.0,2,12000.0,480.0,23520.0
5000006944,20250627,2,1301,2,2.0,1,15000.0,750.0,14250.0
5000007653,20250627,1,530,1,,2,10800.0,2160.0,19440.0
5000008300,20250627,1,430,1,,2,12000.0,1200.0,22800.0
5000009876,20250627,1,55,1,,2,13200.0,528.0,25872.0
5000010763,20250627,1,368,1,,1,12000.0,1200.0,10800.0
5000011614,20250627,2,1262,1,,1,15000.0,750.0,14250.0
5000011984,20250627,2,1374,2,2.0,1,15000.0,1500.0,13500.0
5000012555,20250627,1,908,1,,1,12600.0,630.0,11970.0
5000012624,20250627,1,1485,1,,1,12000.0,600.0,11400.0
5000012874,20250627,1,1107,1,,3,12000.0,0.0,36000.0
5000012875,20250627,2,1107,1,,1,13500.0,1350.0,12150.0
5000013325,20250627,2,1172,2,4.0,1,16500.0,825.0,15675.0
5000013789,20250627,2,542,2,3.0,1,13500.0,0.0,13500.0
5000013954,20250627,1,553,2,3.0,3,12000.0,720.0,35280.0
5000013988,20250627,1,688,1,,2,10800.0,1080.0,20520.0
5000013989,20250627,2,688,1,,2,15000.0,600.0,29400.0
5000013995,20250627,2,744,2,3.0,2,15000.0,1500.0,28500.0
5000015082,20250627,1,1315,1,,2,10800.0,0.0,21600.0
5000000887,20250628,2,1262,2,3.0,2,15000.0,3000.0,27000.0
5000001042,20250628,1,564,1,,2,13200.0,2640.0,23760.0
5000001043,20250628,2,564,1,,2,15000.0,0.0,30000.0
5000002479,20250628,2,1063,2,2.0,2,15000.0,600.0,29400.0
5000003867,20250628,2,384,2,3.0,1,15000.0,1500.0,13500.0
5000003972,20250628,2,928,1,,1,15000.0,750.0,14250.0
5000009317,20250628,1,728,1,,2,12000.0,1200.0,22800.0
5000009318,20250628,1,728,1,,3,10800.0,1620.0,30780.0
5000009754,20250628,2,903,1,,3,15000.0,2250.0,42750.0
5000009894,20250628,2,771,2,4.0,1,15000.0,300.0,14700.0
5000010087,20250628,1,1455,2,3.0,1,12000.0,0.0,12000.0
5000012796,20250628,1,1293,2,2.0,3,12000.0,3600.0,32400.0
5000013431,20250628,1,101,1,,3,12000.0,0.0,36000.0
5000013432,20250628,1,101,1,,2,12000.0,1200.0,22800.0
5000013433,20250628,2,101,1,,3,15000.0,2250.0,42750.0
5000015423,20250628,1,973,2,3.0,2,12000.0,1200.0,22800.0
5000001044,20250629,2,965,1,,1,15000.0,750.0,14250.0
5000002093,20250629,2,8,2,4.0,3,13500.0,0.0,40500.0
5000002094,20250629,2,8,2,4.0,2,16500.0,3300.0,29700.0
5000003801,20250629,1,69,2,2.0,3,12000.0,1800.0,34200.0
5000003936,20250629,2,1061,2,1.0,2,16500.0,660.0,32340.0
5000004013,20250629,1,270,1,,2,10800.0,432.0,21168.0
5000004014,20250629,1,270,1,,1,12000.0,600.0,11400.0
5000004066,20250629,2,93,1,,3,15750.0,945.0,46305.0
5000004067,20250629,1,93,1,,1,12000.0,600.0,11400.0
5000004760,20250629,1,589,1,,3,10800.0,3240.0,29160.0
5000004761,20250629,2,589,1,,2,13500.0,540.0,26460.0
5000004981,20250629,1,1093,2,4.0,3,13200.0,3960.0,35640.0
5000005553,20250629,2,604,1,,3,15750.0,2362.5,44887.5
5000006844,20250629,2,529,1,,2,13500.0,540.0,26460.0
5000007548,20250629,2,1237,2,3.0,2,15000.0,600.0,29400.0
5000007549,20250629,1,1237,2,3.0,3,12000.0,0.0,36000.0
5000007550,20250629,2,1237,2,3.0,2,16500.0,660.0,32340.0
5000009485,20250629,1,500,1,,2,12000.0,2400.0,21600.0
5000009486,20250629,2,500,1,,1,13500.0,270.0,13230.0
5000010778,20250629,1,835,1,,3,13200.0,1980.0,37620.0
5000010779,20250629,2,835,1,,1,15000.0,0.0,15000.0
5000010790,20250629,2,1202,1,,3,15000.0,2250.0,42750.0
5000010791,20250629,1,1202,1,,3,12600.0,1890.0,35910.0
5000011325,20250629,1,1323,1,,2,13200.0,0.0,26400.0
5000012429,20250629,2,1326,2,4.0,3,15000.0,2250.0,42750.0
5000012430,20250629,1,1326,2,4.0,2,12000.0,480.0,23520.0
5000012630,20250629,1,1131,2,3.0,1,12000.0,0.0,12000.0
5000013785,20250629,1,580,2,2.0,2,12000.0,2400.0,21600.0
5000015150,20250629,1,1024,2,4.0,2,12000.0,1200.0,22800.0
5000015924,20250629,1,1130,2,4.0,2,12000.0,2400.0,21600.0
5000005709,20250630,2,1022,2,2.0,1,15000.0,300.0,14700.0
5000006256,20250630,2,348,1,,3,15000.0,4500.0,40500.0
5000008168,20250630,2,220,1,,3,15750.0,2362.5,44887.5
5000009115,20250630,2,1400,1,,3,15000.0,2250.0,42750.0
5000009373,20250630,2,235,1,,1,15000.0,1500.0,13500.0
5000009374,20250630,1,235,1,,2,12000.0,1200.0,22800.0
5000013734,20250630,2,867,1,,3,15750.0,0.0,47250.0
5000013840,20250630,2,1182,1,,3,13500.0,4050.0,36450.0
5000013884,20250630,1,1379,1,,3,12000.0,1800.0,34200.0
5000013885,20250630,1,1379,1,,2,12600.0,504.0,24696.0
5000014270,20250630,2,268,1,,1,15000.0,1500.0,13500.0
5000014271,20250630,1,268,1,,1,12000.0,1200.0,10800.0
5000014272,20250630,2,268,1,,3,13500.0,810.0,39690.0
5000014704,20250630,1,948,1,,3,10800.0,648.0,31752.0
5000014730,20250630,2,503,2,1.0,2,15750.0,1575.0,29925.0
5000014731,20250630,2,503,2,1.0,1,13500.0,675.0,12825.0
5000014732,20250630,1,503,2,1.0,3,12000.0,3600.0,32400.0
5000015494,20250630,1,1292,1,,2,12000.0,2400.0,21600.0
5000002292,20250701,1,156,1,,1,12000.0,240.0,11760.0
5000004900,20250701,2,727,1,,1,15000.0,750.0,14250.0
5000007868,20250701,1,1234,2,1.0,3,12000.0,0.0,36000.0
5000008335,20250701,1,801,2,3.0,2,12600.0,504.0,24696.0
5000008833,20250701,1,1383,1,,1,13200.0,0.0,13200.0
5000010771,20250701,1,1210,1,,3,12000.0,3600.0,32400.0
5000011187,20250701,1,299,1,,1,13200.0,264.0,12936.0
5000011578,20250701,2,1436,1,,3,15000.0,2250.0,42750.0
5000011852,20250701,1,46,1,,1,12600.0,1260.0,11340.0
5000012008,20250701,1,894,2,2.0,1,12000.0,1200.0,10800.0
5000013643,20250701,1,971,1,,1,13200.0,264.0,12936.0
5000013644,20250701,2,971,1,,2,15000.0,0.0,30000.0
5000015255,20250701,1,1037,1,,1,12000.0,0.0,12000.0
5000015256,20250701,1,1037,1,,1,13200.0,264.0,12936.0
5000015625,20250701,1,1267,1,,3,10800.0,3240.0,29160.0
5000015641,20250701,2,1296,1,,2,13500.0,1350.0,25650.0
5000001459,20250702,2,887,2,3.0,1,15000.0,300.0,14700.0
5000001874,20250702,2,325,2,1.0,3,16500.0,990.0,48510.0
5000001875,20250702,2,325,2,1.0,1,15000.0,0.0,15000.0
5000002043,20250702,2,858,1,,3,13500.0,0.0,40500.0
5000002167,20250702,1,77,1,,2,12000.0,1200.0,22800.0
5000003080,20250702,2,110,1,,2,15750.0,1575.0,29925.0
5000003081,20250702,2,110,1,,2,15000.0,1500.0,28500.0
5000003321,20250702,1,247,1,,3,10800.0,3240.0,29160.0
5000004458,20250702,1,449,2,3.0,3,10800.0,0.0,32400.0
5000004693,20250702,2,343,1,,1,15000.0,0.0,15000.0
5000004694,20250702,1,343,1,,1,12600.0,630.0,11970.0
5000006159,20250702,1,479,1,,3,12000.0,1800.0,34200.0
5000006160,20250702,2,479,1,,1,15000.0,1500.0,13500.0
5000006478,20250702,1,1029,2,1.0,3,12000.0,3600.0,32400.0
5000007237,20250702,1,589,1,,2,12600.0,2520.0,22680.0
5000007238,20250702,2,589,1,,3,15000.0,900.0,44100.0
5000008018,20250702,2,983,1,,2,15750.0,630.0,30870.0
5000008019,20250702,1,983,1,,2,12000.0,2400.0,21600.0
5000008318,20250702,1,1388,1,,3,13200.0,3960.0,35640.0
5000009247,20250702,1,1302,2,1.0,2,12000.0,480.0,23520.0
5000010286,20250702,2,221,2,2.0,1,15000.0,1500.0,13500.0
5000010287,20250702,2,221,2,2.0,3,15000.0,0.0,45000.0
5000010621,20250702,2,721,2,4.0,1,15000.0,750.0,14250.0
5000010906,20250702,2,1052,1,,1,15750.0,0.0,15750.0
5000011442,20250702,1,1141,1,,1,12000.0,240.0,11760.0
5000012147,20250702,1,1196,2,2.0,3,12000.0,720.0,35280.0
5000012148,20250702,1,1196,2,2.0,1,10800.0,216.0,10584.0
5000012149,20250702,1,1196,2,2.0,3,10800.0,648.0,31752.0
5000012900,20250702,2,995,2,2.0,1,15000.0,750.0,14250.0
5000013950,20250702,2,492,1,,3,15000.0,900.0,44100.0
5000013951,20250702,1,492,1,,1,12000.0,240.0,11760.0
5000014153,20250702,1,318,2,4.0,2,12000.0,2400.0,21600.0
5000014623,20250702,1,1422,2,3.0,3,12000.0,3600.0,32400.0
5000000992,20250703,2,99,2,2.0,3,15000.0,900.0,44100.0
5000002335,20250703,1,267,2,1.0,2,13200.0,0.0,26400.0
5000002426,20250703,1,1301,2,3.0,3,12000.0,0.0,36000.0
5000003401,20250703,2,492,2,4.0,2,15000.0,600.0,29400.0
5000004334,20250703,1,489,2,2.0,3,12600.0,0.0,37800.0
5000005001,20250703,2,1056,2,2.0,1,15000.0,750.0,14250.0
5000005340,20250703,1,390,2,2.0,1,12000.0,600.0,11400.0
5000006000,20250703,1,878,1,,3,12000.0,1800.0,34200.0
5000006804,20250703,1,152,2,3.0,1,13200.0,660.0,12540.0
5000006805,20250703,2,577,2,1.0,2,15000.0,0.0,30000.0
5000006806,20250703,1,577,2,1.0,3,12000.0,3600.0,32400.0
5000006971,20250703,1,1413,2,1.0,1,12000.0,0.0,12000.0
5000010142,20250703,2,832,2,4.0,1,15000.0,300.0,14700.0
5000011454,20250703,1,193,1,,3,12000.0,1800.0,34200.0
5000011580,20250703,2,1182,2,2.0,1,15000.0,1500.0,13500.0
5000011890,20250703,2,876,1,,1,15000.0,300.0,14700.0
5000013272,20250703,1,788,1,,2,12000.0,1200.0,22800.0
5000013273,20250703,1,788,1,,2,13200.0,0.0,26400.0
5000014137,20250703,2,286,2,2.0,3,13500.0,2025.0,38475.0
5000014443,20250703,2,740,1,,1,15000.0,750.0,14250.0
5000014661,20250703,1,812,1,,1,12000.0,1200.0,10800.0
5000014672,20250703,2,386,2,1.0,1,15000.0,1500.0,13500.0
5000014673,20250703,1,386,2,1.0,1,12000.0,240.0,11760.0
5000000150,20250704,2,810,2,4.0,3,15750.0,945.0,46305.0
5000002647,20250704,2,1047,1,,1,15000.0,0.0,15000.0
5000003224,20250704,2,629,1,,1,15750.0,0.0,15750.0
5000003225,20250704,1,629,1,,2,10800.0,2160.0,19440.0
5000003564,20250704,2,295,1,,3,15000.0,0.0,45000.0
5000004264,20250704,1,1096,1,,3,12000.0,720.0,35280.0
5000004373,20250704,2,791,1,,2,13500.0,2700.0,24300.0
5000004374,20250704,2,791,1,,3,15750.0,2362.5,44887.5
5000006356,20250704,1,1209,2,4.0,3,12000.0,3600.0,32400.0
5000006706,20250704,1,1007,2,4.0,3,12000.0,1800.0,34200.0
5000006859,20250704,1,983,2,2.0,2,12000.0,2400.0,21600.0
5000008663,20250704,2,196,1,,2,15000.0,3000.0,27000.0
5000009207,20250704,1,522,1,,1,12000.0,240.0,11760.0
5000009230,20250704,1,82,1,,3,10800.0,1620.0,30780.0
5000009231,20250704,2,82,1,,3,16500.0,2475.0,47025.0
5000009946,20250704,1,1061,2,3.0,2,12000.0,0.0,24000.0
5000010312,20250704,1,1208,1,,2,12000.0,0.0,24000.0
5000010817,20250704,1,1355,1,,3,13200.0,0.0,39600.0
5000010818,20250704,1,1355,1,,3,12000.0,720.0,35280.0
5000011474,20250704,1,1379,1,,3,12000.0,0.0,36000.0
5000011475,20250704,1,1379,1,,2,12000.0,0.0,24000.0
5000011579,20250704,1,112,1,,2,12000.0,480.0,23520.0
5000011902,20250704,2,475,1,,3,15000.0,4500.0,40500.0
5000014617,20250704,2,28,1,,3,16500.0,4950.0,44550.0
5000015891,20250704,2,786,1,,1,15000.0,750.0,14250.0
5000000037,20250705,2,379,2,3.0,2,15000.0,600.0,29400.0
5000000038,20250705,1,379,2,3.0,1,12000.0,0.0,12000.0
5000000039,20250705,2,379,2,3.0,2,15000.0,3000.0,27000.0
5000000531,20250705,1,882,1,,1,12000.0,0.0,12000.0
5000001081,20250705,2,917,2,3.0,3,15000.0,900.0,44100.0
5000001082,20250705,2,917,2,3.0,1,16500.0,330.0,16170.0
5000001503,20250705,1,1109,2,1.0,3,13200.0,1980.0,37620.0
5000003455,20250705,2,1476,1,,3,15000.0,2250.0,42750.0
5000003456,20250705,1,1476,1,,3,10800.0,0.0,32400.0
5000005431,20250705,1,1451,2,4.0,1,12600.0,252.0,12348.0
5000005432,20250705,2,1451,2,4.0,1,15750.0,0.0,15750.0
5000006639,20250705,2,194,2,4.0,3,15000.0,4500.0,40500.0
5000007245,20250705,2,897,1,,1,15000.0,0.0,15000.0
5000009890,20250705,1,1001,1,,2,12000.0,2400.0,21600.0
5000010166,20250705,1,423,1,,1,12000.0,1200.0,10800.0
5000010167,20250705,1,423,1,,3,12000.0,3600.0,32400.0
5000011527,20250705,1,779,1,,3,10800.0,3240.0,29160.0
5000012840,20250705,1,1343,1,,2,13200.0,2640.0,23760.0
5000012841,20250705,1,1343,1,,3,12000.0,0.0,36000.0
5000012850,20250705,2,1,1,,1,13500.0,1350.0,12150.0
5000012880,20250705,1,674,2,1.0,3,13200.0,0.0,39600.0
5000013483,20250705,1,1093,2,3.0,1,12000.0,1200.0,10800.0
5000013484,20250705,1,1093,2,3.0,3,12000.0,3600.0,32400.0
5000014635,20250705,2,24,1,,2,15000.0,1500.0,28500.0
5000014636,20250705,1,24,1,,1,12600.0,0.0,12600.0
5000015662,20250705,2,944,2,3.0,1,13500.0,675.0,12825.0
5000000666,20250706,2,829,1,,1,15750.0,1575.0,14175.0
5000003896,20250706,2,1441,1,,3,15000.0,900.0,44100.0
5000003897,20250706,1,1441,1,,2,12000.0,0.0,24000.0
5000004086,20250706,2,286,1,,1,15000.0,300.0,14700.0
5000004254,20250706,1,733,2,3.0,2,10800.0,1080.0,20520.0
5000004415,20250706,1,641,1,,1,12000.0,0.0,12000.0
5000004713,20250706,1,974,2,2.0,3,12000.0,720.0,35280.0
5000004847,20250706,1,983,2,3.0,1,12000.0,240.0,11760.0
5000005859,20250706,2,1424,1,,2,15750.0,3150.0,28350.0
5000005991,20250706,1,159,1,,3,12600.0,0.0,37800.0
5000005992,20250706,2,159,1,,3,15000.0,0.0,45000.0
5000006825,20250706,2,23,1,,3,15000.0,900.0,44100.0
5000007768,20250706,1,783,2,3.0,2,12000.0,2400.0,21600.0
5000007872,20250706,1,1151,2,1.0,2,12000.0,480.0,23520.0
5000007886,20250706,2,1188,1,,1,15000.0,0.0,15000.0
5000008396,20250706,1,1061,1,,3,10800.0,1620.0,30780.0
5000008397,20250706,2,1061,1,,2,15000.0,0.0,30000.0
5000008605,20250706,2,996,2,2.0,2,15000.0,600.0,29400.0
5000008606,20250706,2,996,2,2.0,1,15000.0,1500.0,13500.0
5000009405,20250706,1,292,1,,2,13200.0,2640.0,23760.0
5000012300,20250706,2,436,1,,2,15000.0,0.0,30000.0
5000012301,20250706,1,436,1,,3,12600.0,3780.0,34020.0
5000012631,20250706,1,1108,1,,3,12000.0,720.0,35280.0
5000013740,20250706,2,986,1,,2,13500.0,540.0,26460.0
5000013741,20250706,2,986,1,,3,15750.0,0.0,47250.0
5000014123,20250706,1,1258,1,,2,12000.0,1200.0,22800.0
5000014316,20250706,1,357,2,2.0,1,13200.0,0.0,13200.0
5000015129,20250706,2,1187,2,2.0,1,15000.0,1500.0,13500.0
5000000867,20250707,1,561,1,,3,13200.0,0.0,39600.0
5000001661,20250707,2,60,2,2.0,2,15000.0,600.0,29400.0
5000004939,20250707,1,1380,1,,3,12000.0,0.0,36000.0
5000004940,20250707,1,1380,1,,3,12000.0,0.0,36000.0
5000004941,20250707,1,1380,1,,3,12000.0,0.0,36000.0
5000009856,20250707,1,376,1,,2,12600.0,504.0,24696.0
5000009857,20250707,2,376,1,,3,15000.0,900.0,44100.0
5000009858,20250707,1,376,1,,2,12000.0,0.0,24000.0
5000010858,20250707,2,371,1,,3,15750.0,0.0,47250.0
5000010969,20250707,1,55,1,,2,12000.0,2400.0,21600.0
5000012064,20250707,2,741,2,3.0,1,16500.0,1650.0,14850.0
5000012597,20250707,1,530,1,,1,12600.0,1260.0,11340.0
5000014166,20250707,2,2,1,,1,13500.0,0.0,13500.0
5000015645,20250707,1,707,1,,3,12600.0,756.0,37044.0
5000000482,20250708,2,268,1,,2,15000.0,1500.0,28500.0
5000003837,20250708,2,1458,1,,1,15000.0,1500.0,13500.0
5000004372,20250708,2,594,2,1.0,3,15000.0,900.0,44100.0
5000004416,20250708,1,1319,1,,1,10800.0,216.0,10584.0
5000004417,20250708,2,1319,1,,1,15000.0,300.0,14700.0
5000005015,20250708,2,733,1,,1,15000.0,750.0,14250.0
5000005262,20250708,1,1021,2,2.0,2,10800.0,1080.0,20520.0
5000005515,20250708,1,1031,2,1.0,2,12000.0,1200.0,22800.0
5000005594,20250708,2,1270,1,,3,13500.0,810.0,39690.0
5000007189,20250708,2,454,1,,3,15000.0,4500.0,40500.0
5000007201,20250708,2,414,2,2.0,1,15000.0,750.0,14250.0
5000007509,20250708,2,1462,1,,2,15750.0,3150.0,28350.0
5000008745,20250708,1,126,1,,3,12000.0,0.0,36000.0
5000011251,20250708,1,280,2,2.0,3,12000.0,3600.0,32400.0
5000012023,20250708,1,69,1,,3,13200.0,1980.0,37620.0
5000012833,20250708,1,359,1,,3,12000.0,720.0,35280.0
5000012834,20250708,1,359,1,,2,12000.0,1200.0,22800.0
5000013283,20250708,1,171,2,2.0,2,12000.0,480.0,23520.0
5000013284,20250708,1,171,2,2.0,3,12000.0,720.0,35280.0
5000014084,20250708,2,8,1,,1,15000.0,1500.0,13500.0
5000014085,20250708,2,8,1,,2,13500.0,0.0,27000.0
5000015230,20250708,1,46,1,,3,13200.0,3960.0,35640.0
5000015231,20250708,1,46,1,,1,10800.0,0.0,10800.0
5000015232,20250708,2,46,1,,2,13500.0,1350.0,25650.0
5000000639,20250709,2,320,2,2.0,3,15000.0,900.0,44100.0
5000001165,20250709,1,338,1,,1,13200.0,0.0,13200.0
5000002119,20250709,2,413,1,,2,16500.0,660.0,32340.0
5000003380,20250709,1,448,1,,3,13200.0,792.0,38808.0
5000004135,20250709,1,1151,1,,2,13200.0,528.0,25872.0
5000004368,20250709,1,993,2,1.0,2,12000.0,480.0,23520.0
5000004408,20250709,2,978,2,1.0,1,16500.0,0.0,16500.0
5000006934,20250709,2,779,1,,3,15000.0,2250.0,42750.0
5000007584,20250709,1,17,1,,1,10800.0,0.0,10800.0
5000007585,20250709,2,17,1,,2,16500.0,1650.0,31350.0
5000007972,20250709,1,722,1,,2,12000.0,1200.0,22800.0
5000008691,20250709,1,812,1,,3,12000.0,720.0,35280.0
5000009363,20250709,1,1306,1,,3,10800.0,648.0,31752.0
5000009602,20250709,2,439,2,3.0,3,15000.0,2250.0,42750.0
5000011870,20250709,2,266,1,,2,15000.0,3000.0,27000.0
5000015251,20250709,2,438,1,,1,15000.0,1500.0,13500.0
5000015697,20250709,1,1198,1,,1,12600.0,252.0,12348.0
5000000675,20250710,2,492,2,4.0,1,15750.0,0.0,15750.0
5000001272,20250710,1,1393,1,,3,12600.0,756.0,37044.0
5000002488,20250710,2,193,1,,1,15000.0,750.0,14250.0
5000003625,20250710,2,1486,1,,3,16500.0,990.0,48510.0
5000004606,20250710,2,1423,1,,3,15000.0,900.0,44100.0
5000004607,20250710,1,1423,1,,2,10800.0,432.0,21168.0
5000005229,20250710,1,879,1,,1,12000.0,0.0,12000.0
5000005461,20250710,1,1275,2,1.0,2,12000.0,480.0,23520.0
5000006847,20250710,1,405,1,,1,12000.0,240.0,11760.0
5000009389,20250710,1,1209,1,,2,12000.0,2400.0,21600.0
5000009390,20250710,2,1209,1,,1,15000.0,300.0,14700.0
5000010376,20250710,2,6,2,3.0,2,15000.0,600.0,29400.0
5000010668,20250710,1,637,1,,3,12000.0,3600.0,32400.0
5000010669,20250710,1,637,1,,1,12600.0,1260.0,11340.0
5000012290,20250710,1,209,1,,2,12000.0,0.0,24000.0
5000012808,20250710,2,994,1,,2,15000.0,0.0,30000.0
5000012898,20250710,1,1308,2,4.0,3,10800.0,3240.0,29160.0
5000012899,20250710,2,1308,2,4.0,1,15000.0,1500.0,13500.0
5000013078,20250710,1,1405,1,,2,12000.0,2400.0,21600.0
5000013650,20250710,2,177,1,,3,15000.0,900.0,44100.0
5000002716,20250711,1,919,1,,1,12000.0,240.0,11760.0
5000003339,20250711,2,1301,2,2.0,1,15000.0,1500.0,13500.0
5000003716,20250711,2,1097,1,,1,15000.0,300.0,14700.0
5000005619,20250711,1,1272,1,,3,12000.0,720.0,35280.0
5000005620,20250711,1,1272,1,,2,12000.0,480.0,23520.0
5000005621,20250711,1,1272,1,,3,12600.0,3780.0,34020.0
5000006018,20250711,2,1304,2,4.0,1,15000.0,1500.0,13500.0
5000006623,20250711,2,1079,2,3.0,1,15000.0,1500.0,13500.0
5000006624,20250711,1,1079,2,3.0,2,10800.0,0.0,21600.0
5000009802,20250711,1,273,1,,2,12000.0,480.0,23520.0
5000011609,20250711,1,157,1,,3,13200.0,0.0,39600.0
5000014286,20250711,1,126,1,,2,12000.0,2400.0,21600.0
5000015245,20250711,1,1339,1,,2,13200.0,528.0,25872.0
5000015246,20250711,1,1339,1,,3,12000.0,0.0,36000.0
5000015247,20250711,1,1339,1,,3,12000.0,1800.0,34200.0
5000001794,20250712,1,1120,1,,3,12000.0,3600.0,32400.0
5000001844,20250712,2,1320,1,,3,15000.0,4500.0,40500.0
5000002156,20250712,1,230,1,,3,12600.0,0.0,37800.0
5000003214,20250712,2,146,1,,3,15000.0,2250.0,42750.0
5000004237,20250712,2,38,1,,2,15000.0,1500.0,28500.0
5000004238,20250712,1,38,1,,2,12000.0,0.0,24000.0
5000005065,20250712,2,407,1,,3,15000.0,4500.0,40500.0
5000005804,20250712,1,112,1,,2,12000.0,0.0,24000.0
5000005852,20250712,1,301,1,,2,10800.0,0.0,21600.0
5000006152,20250712,1,1455,2,3.0,1,12600.0,630.0,11970.0
5000007517,20250712,1,176,1,,1,12000.0,600.0,11400.0
5000009021,20250712,2,176,1,,1,15000.0,1500.0,13500.0
5000009633,20250712,2,1060,1,,3,15750.0,0.0,47250.0
5000010358,20250712,2,632,1,,1,15000.0,750.0,14250.0
5000012851,20250712,2,712,1,,1,15750.0,787.5,14962.5
5000013726,20250712,1,588,1,,1,12000.0,240.0,11760.0
5000014474,20250712,1,1170,1,,2,10800.0,2160.0,19440.0
5000014475,20250712,1,1170,1,,3,12000.0,0.0,36000.0
5000014820,20250712,1,254,1,,1,10800.0,216.0,10584.0
5000015609,20250712,2,44,1,,3,13500.0,4050.0,36450.0
5000015674,20250712,2,1429,2,3.0,1,15000.0,0.0,15000.0
5000001677,20250713,1,612,1,,1,12000.0,600.0,11400.0
5000001678,20250713,1,612,1,,1,10800.0,1080.0,9720.0
5000001833,20250713,2,1319,2,3.0,1,15750.0,0.0,15750.0
5000001855,20250713,1,774,1,,1,13200.0,0.0,13200.0
5000002293,20250713,2,380,2,4.0,2,15000.0,1500.0,28500.0
5000005122,20250713,2,919,2,4.0,1,15000.0,0.0,15000.0
5000006137,20250713,2,20,1,,3,15750.0,0.0,47250.0
5000006447,20250713,2,874,2,4.0,2,15000.0,600.0,29400.0
5000006590,20250713,1,1189,1,,2,12000.0,2400.0,21600.0
5000006591,20250713,1,1189,1,,1,12000.0,1200.0,10800.0
5000007531,20250713,2,749,2,2.0,3,15000.0,4500.0,40500.0
5000009452,20250713,1,1015,1,,2,12000.0,0.0,24000.0
5000009453,20250713,1,1015,1,,3,12000.0,0.0,36000.0
5000009699,20250713,1,1494,1,,3,12000.0,3600.0,32400.0
5000010980,20250713,2,1045,1,,1,15000.0,750.0,14250.0
5000010985,20250713,2,748,1,,3,16500.0,4950.0,44550.0
5000011704,20250713,1,394,2,4.0,3,12000.0,1800.0,34200.0
5000012065,20250713,1,160,1,,3,12000.0,0.0,36000.0
5000012066,20250713,2,160,1,,1,15000.0,0.0,15000.0
5000013391,20250713,2,1161,1,,1,15750.0,315.0,15435.0
5000013936,20250713,1,423,1,,2,12000.0,480.0,23520.0
5000013937,20250713,1,423,1,,2,12000.0,0.0,24000.0
5000013938,20250713,2,423,1,,1,13500.0,1350.0,12150.0
5000014607,20250713,1,398,1,,1,12600.0,0.0,12600.0
5000014608,20250713,2,398,1,,1,15000.0,1500.0,13500.0
5000014743,20250713,2,354,1,,1,15000.0,300.0,14700.0
5000014744,20250713,1,354,1,,1,12000.0,0.0,12000.0
5000015147,20250713,2,989,2,4.0,3,15000.0,4500.0,40500.0
5000016116,20250713,1,631,1,,1,12000.0,1200.0,10800.0
5000000624,20250714,2,181,1,,1,15000.0,750.0,14250.0
5000000625,20250714,2,181,1,,3,15000.0,4500.0,40500.0
5000001647,20250714,1,767,1,,3,12000.0,720.0,35280.0
5000001648,20250714,2,767,1,,2,16500.0,3300.0,29700.0
5000002163,20250714,2,703,1,,3,15000.0,0.0,45000.0
5000003844,20250714,2,895,2,2.0,1,16500.0,330.0,16170.0
5000004260,20250714,1,514,2,2.0,1,12000.0,600.0,11400.0
5000008170,20250714,2,557,1,,1,13500.0,0.0,13500.0
5000008748,20250714,1,1183,1,,1,12000.0,240.0,11760.0
5000011125,20250714,1,208,2,3.0,3,12000.0,3600.0,32400.0
5000011302,20250714,2,686,1,,1,15000.0,1500.0,13500.0
5000011986,20250714,1,1147,2,1.0,1,10800.0,540.0,10260.0
5000011987,20250714,2,1147,2,1.0,2,16500.0,1650.0,31350.0
5000013697,20250714,1,75,2,1.0,2,13200.0,2640.0,23760.0
5000014539,20250714,2,1062,2,4.0,1,15000.0,0.0,15000.0
5000015511,20250714,2,1357,2,1.0,2,15000.0,0.0,30000.0
5000015646,20250714,2,326,2,3.0,2,15000.0,3000.0,27000.0
5000000012,20250715,2,188,1,,1,15000.0,750.0,14250.0
5000000493,20250715,2,1183,1,,3,15750.0,945.0,46305.0
5000003845,20250715,1,1171,2,4.0,3,12000.0,1800.0,34200.0
5000004741,20250715,2,1130,2,4.0,2,15000.0,0.0,30000.0
5000004788,20250715,2,876,1,,3,15750.0,4725.0,42525.0
5000004789,20250715,1,876,1,,2,12000.0,1200.0,22800.0
5000005715,20250715,2,338,1,,3,15000.0,900.0,44100.0
5000005851,20250715,2,882,2,1.0,1,13500.0,1350.0,12150.0
5000006116,20250715,2,113,2,1.0,2,15000.0,0.0,30000.0
5000009062,20250715,2,955,1,,3,15000.0,2250.0,42750.0
5000009285,20250715,2,477,2,3.0,3,15000.0,2250.0,42750.0
5000009425,20250715,2,317,1,,1,15000.0,750.0,14250.0
5000011765,20250715,2,599,2,4.0,2,15000.0,3000.0,27000.0
5000012119,20250715,2,196,1,,2,15000.0,600.0,29400.0
5000012596,20250715,1,105,1,,1,12000.0,600.0,11400.0
5000013247,20250715,1,1020,2,4.0,3,12000.0,1800.0,34200.0
5000013248,20250715,2,1020,2,4.0,3,15000.0,0.0,45000.0
5000014349,20250715,2,908,2,2.0,2,16500.0,1650.0,31350.0
5000014880,20250715,2,828,2,4.0,2,13500.0,1350.0,25650.0
5000014884,20250715,2,78,2,2.0,2,15000.0,1500.0,28500.0
5000014998,20250715,2,54,1,,3,15750.0,945.0,46305.0
5000014999,20250715,1,54,1,,1,12000.0,600.0,11400.0
5000015323,20250715,2,775,1,,2,13500.0,540.0,26460.0
5000000164,20250716,2,458,2,4.0,1,15000.0,300.0,14700.0
5000001748,20250716,2,174,2,2.0,1,15000.0,300.0,14700.0
5000001749,20250716,2,174,2,2.0,3,13500.0,810.0,39690.0
5000002511,20250716,1,1185,2,4.0,3,12000.0,3600.0,32400.0
5000002764,20250716,1,852,2,4.0,1,12000.0,600.0,11400.0
5000002765,20250716,1,852,2,4.0,3,10800.0,1620.0,30780.0
5000002766,20250716,1,852,2,4.0,3,10800.0,3240.0,29160.0
5000003338,20250716,2,25,1,,3,15000.0,0.0,45000.0
5000004302,20250716,1,92,1,,1,12000.0,600.0,11400.0
5000005024,20250716,1,1368,2,2.0,3,12000.0,720.0,35280.0
5000005025,20250716,2,1368,2,2.0,3,15000.0,0.0,45000.0
5000005062,20250716,2,238,1,,3,15000.0,0.0,45000.0
5000005063,20250716,2,238,1,,2,15000.0,1500.0,28500.0
5000005162,20250716,1,1015,2,4.0,2,12600.0,1260.0,23940.0
5000005374,20250716,1,1014,2,3.0,3,12000.0,0.0,36000.0
5000005375,20250716,2,1014,2,3.0,1,15000.0,1500.0,13500.0
5000005600,20250716,1,651,2,1.0,1,13200.0,264.0,12936.0
5000005601,20250716,1,651,2,1.0,3,12000.0,3600.0,32400.0
5000007247,20250716,2,1483,2,1.0,1,15000.0,750.0,14250.0
5000007627,20250716,1,1246,2,1.0,2,12000.0,1200.0,22800.0
5000007792,20250716,1,444,1,,1,12000.0,0.0,12000.0
5000007793,20250716,2,444,1,,1,15000.0,750.0,14250.0
5000008730,20250716,1,283,2,2.0,1,12000.0,240.0,11760.0
5000008731,20250716,2,283,2,2.0,2,15000.0,600.0,29400.0
5000008781,20250716,1,186,1,,2,12600.0,1260.0,23940.0
5000008782,20250716,2,186,1,,1,15000.0,1500.0,13500.0
5000009052,20250716,2,1229,2,4.0,3,15750.0,2362.5,44887.5
5000009793,20250716,2,658,1,,1,15000.0,300.0,14700.0
5000009942,20250716,1,922,1,,1,12600.0,630.0,11970.0
5000010752,20250716,1,677,2,1.0,3,13200.0,0.0,39600.0
5000010753,20250716,2,677,2,1.0,2,13500.0,0.0,27000.0
5000011026,20250716,2,358,1,,3,15000.0,2250.0,42750.0
5000011482,20250716,2,546,2,3.0,3,15000.0,2250.0,42750.0
5000011483,20250716,2,546,2,3.0,2,15000.0,1500.0,28500.0
5000011484,20250716,1,546,2,3.0,2,13200.0,528.0,25872.0
5000013470,20250716,2,49,1,,2,15000.0,0.0,30000.0
5000014601,20250716,2,959,2,2.0,3,13500.0,2025.0,38475.0
5000015875,20250716,2,405,1,,2,15000.0,0.0,30000.0
5000000895,20250717,2,383,2,3.0,3,15000.0,4500.0,40500.0
5000001207,20250717,2,560,1,,2,16500.0,0.0,33000.0
5000001542,20250717,1,1171,2,2.0,2,12600.0,504.0,24696.0
5000001977,20250717,1,1238,1,,2,12600.0,1260.0,23940.0
5000002227,20250717,1,890,2,3.0,3,12600.0,1890.0,35910.0
5000002369,20250717,1,1477,2,2.0,1,12000.0,1200.0,10800.0
5000002880,20250717,1,1171,2,2.0,1,12600.0,630.0,11970.0
5000003223,20250717,2,1266,2,4.0,3,13500.0,2025.0,38475.0
5000004609,20250717,1,655,1,,1,12000.0,600.0,11400.0
5000004826,20250717,1,437,1,,1,12600.0,252.0,12348.0
5000004827,20250717,2,437,1,,1,15000.0,0.0,15000.0
5000005469,20250717,2,822,1,,1,15000.0,0.0,15000.0
5000005470,20250717,2,822,1,,2,13500.0,1350.0,25650.0
5000005873,20250717,2,522,1,,1,15750.0,0.0,15750.0
5000006200,20250717,2,651,1,,1,13500.0,270.0,13230.0
5000006712,20250717,2,18,1,,1,15000.0,1500.0,13500.0
5000006713,20250717,2,18,1,,2,15000.0,1500.0,28500.0
5000008517,20250717,1,87,1,,2,12600.0,504.0,24696.0
5000009055,20250717,2,737,1,,2,15000.0,3000.0,27000.0
5000010014,20250717,2,1133,1,,2,15000.0,3000.0,27000.0
5000010512,20250717,2,75,1,,1,15750.0,0.0,15750.0
5000011174,20250717,2,988,1,,1,15000.0,300.0,14700.0
5000011432,20250717,2,933,1,,3,15000.0,2250.0,42750.0
5000012901,20250717,1,539,2,4.0,3,12000.0,1800.0,34200.0
5000013032,20250717,2,912,1,,3,15000.0,2250.0,42750.0
5000013033,20250717,1,912,1,,3,12000.0,1800.0,34200.0
5000015845,20250717,1,239,2,1.0,2,12000.0,2400.0,21600.0
5000015846,20250717,1,239,2,1.0,1,12600.0,0.0,12600.0
5000016065,20250717,2,614,2,4.0,1,15000.0,300.0,14700.0
5000016066,20250717,1,614,2,4.0,2,12600.0,0.0,25200.0
5000001111,20250718,2,291,1,,2,16500.0,660.0,32340.0
5000002789,20250718,2,1049,2,4.0,2,15000.0,0.0,30000.0
5000002790,20250718,2,1049,2,4.0,3,13500.0,2025.0,38475.0
5000002899,20250718,1,476,1,,2,12000.0,0.0,24000.0
5000002900,20250718,2,476,1,,1,15000.0,750.0,14250.0
5000003467,20250718,1,1083,2,2.0,2,12000.0,480.0,23520.0
5000004220,20250718,1,174,2,1.0,1,12000.0,0.0,12000.0
5000004486,20250718,2,489,2,4.0,1,15750.0,0.0,15750.0
5000004487,20250718,2,489,2,4.0,1,16500.0,1650.0,14850.0
5000004516,20250718,1,623,1,,1,12600.0,1260.0,11340.0
5000004517,20250718,1,623,1,,1,12000.0,0.0,12000.0
5000005699,20250718,1,809,1,,2,12600.0,2520.0,22680.0
5000005832,20250718,2,927,2,1.0,2,15000.0,600.0,29400.0
5000005833,20250718,1,927,2,1.0,3,12000.0,0.0,36000.0
5000005884,20250718,1,981,2,1.0,2,12000.0,480.0,23520.0
5000005885,20250718,1,981,2,1.0,2,10800.0,0.0,21600.0
5000007737,20250718,1,398,2,1.0,2,13200.0,2640.0,23760.0
5000008777,20250718,1,902,1,,2,12000.0,1200.0,22800.0
5000009146,20250718,2,768,1,,3,13500.0,4050.0,36450.0
5000009925,20250718,1,65,2,2.0,3,12000.0,3600.0,32400.0
5000009926,20250718,2,65,2,2.0,3,16500.0,2475.0,47025.0
5000010738,20250718,1,699,2,2.0,3,10800.0,1620.0,30780.0
5000010975,20250718,1,1254,2,4.0,1,12000.0,240.0,11760.0
5000011167,20250718,2,383,1,,3,15000.0,0.0,45000.0
5000011168,20250718,1,383,1,,3,10800.0,1620.0,30780.0
5000011169,20250718,2,383,1,,2,15000.0,1500.0,28500.0
5000011384,20250718,1,213,1,,3,12000.0,1800.0,34200.0
5000011422,20250718,2,1406,2,1.0,1,15000.0,1500.0,13500.0
5000012314,20250718,1,140,1,,3,10800.0,0.0,32400.0
5000012580,20250718,2,1466,1,,3,15000.0,4500.0,40500.0
5000012581,20250718,1,1466,1,,3,12000.0,3600.0,32400.0
5000013833,20250718,1,455,1,,3,10800.0,1620.0,30780.0
5000013834,20250718,1,455,1,,2,10800.0,432.0,21168.0
5000014403,20250718,1,921,2,1.0,2,12600.0,1260.0,23940.0
5000000201,20250719,2,1305,1,,2,15000.0,0.0,30000.0
5000000284,20250719,1,1400,2,1.0,3,12000.0,720.0,35280.0
5000000285,20250719,2,1400,2,1.0,2,15750.0,0.0,31500.0
5000001221,20250719,1,1049,1,,2,10800.0,0.0,21600.0
5000001453,20250719,1,828,1,,2,12000.0,1200.0,22800.0
5000001884,20250719,1,656,1,,3,12000.0,0.0,36000.0
5000001916,20250719,2,1329,1,,3,15000.0,4500.0,40500.0
5000003256,20250719,2,209,1,,3,15000.0,2250.0,42750.0
5000004034,20250719,1,231,2,2.0,1,10800.0,0.0,10800.0
5000005204,20250719,2,1423,1,,2,15000.0,1500.0,28500.0
5000005732,20250719,2,782,1,,2,16500.0,0.0,33000.0
5000005733,20250719,2,782,1,,3,15750.0,945.0,46305.0
5000005734,20250719,1,782,1,,2,12000.0,0.0,24000.0
5000005845,20250719,1,245,1,,3,10800.0,1620.0,30780.0
5000007649,20250719,1,795,2,4.0,3,12000.0,3600.0,32400.0
5000007650,20250719,1,795,2,4.0,2,12600.0,0.0,25200.0
5000007691,20250719,1,541,1,,1,12000.0,600.0,11400.0
5000009242,20250719,1,685,1,,2,12600.0,2520.0,22680.0
5000009243,20250719,2,685,1,,1,15750.0,0.0,15750.0
5000011732,20250719,1,1465,1,,1,12000.0,1200.0,10800.0
5000012164,20250719,1,659,2,2.0,3,12000.0,720.0,35280.0
5000012527,20250719,1,1100,1,,2,12000.0,0.0,24000.0
5000012727,20250719,2,752,1,,2,15000.0,3000.0,27000.0
5000012855,20250719,1,493,1,,3,12000.0,3600.0,32400.0
5000014277,20250719,1,1479,1,,2,12000.0,0.0,24000.0
5000014278,20250719,2,1479,1,,2,15750.0,0.0,31500.0
5000000549,20250720,1,305,1,,3,12000.0,720.0,35280.0
5000002486,20250720,1,1234,2,3.0,3,12000.0,720.0,35280.0
5000002487,20250720,2,1234,2,3.0,2,16500.0,660.0,32340.0
5000003438,20250720,1,524,2,2.0,3,12000.0,0.0,36000.0
5000003439,20250720,1,524,2,2.0,3,12000.0,3600.0,32400.0
5000003595,20250720,1,339,2,1.0,3,12000.0,3600.0,32400.0
5000003596,20250720,1,339,2,1.0,1,10800.0,540.0,10260.0
5000003818,20250720,1,495,1,,2,12000.0,1200.0,22800.0
5000003819,20250720,2,495,1,,2,16500.0,660.0,32340.0
5000003855,20250720,1,700,1,,2,13200.0,528.0,25872.0
5000004156,20250720,2,813,2,4.0,3,13500.0,0.0,40500.0
5000004157,20250720,1,813,2,4.0,3,12000.0,1800.0,34200.0
5000009188,20250720,1,360,2,4.0,1,12000.0,0.0,12000.0
5000009189,20250720,1,360,2,4.0,2,12000.0,0.0,24000.0
5000011235,20250720,2,901,2,4.0,1,15000.0,300.0,14700.0
5000011525,20250720,1,578,1,,1,12000.0,600.0,11400.0
5000012674,20250720,1,937,1,,2,13200.0,0.0,26400.0
5000012675,20250720,1,937,1,,2,12000.0,2400.0,21600.0
5000014339,20250720,1,889,1,,3,12000.0,3600.0,32400.0
5000015835,20250720,2,1071,1,,2,13500.0,0.0,27000.0
5000015836,20250720,1,1071,1,,1,13200.0,0.0,13200.0
5000016157,20250720,2,75,2,3.0,1,15000.0,750.0,14250.0
5000000380,20250721,2,949,1,,1,13500.0,675.0,12825.0
5000005763,20250721,1,402,1,,1,12600.0,630.0,11970.0
5000006717,20250721,1,460,1,,2,12000.0,480.0,23520.0
5000006718,20250721,1,460,1,,3,12000.0,0.0,36000.0
5000006719,20250721,2,460,1,,2,16500.0,660.0,32340.0
5000008113,20250721,1,495,1,,2,12000.0,2400.0,21600.0
5000008114,20250721,1,495,1,,3,13200.0,0.0,39600.0
5000008936,20250721,2,1043,2,1.0,1,16500.0,1650.0,14850.0
5000008937,20250721,2,1043,2,1.0,2,15000.0,0.0,30000.0
5000009604,20250721,2,1377,2,2.0,3,15750.0,945.0,46305.0
5000009605,20250721,1,1377,2,2.0,3,12000.0,0.0,36000.0
5000009606,20250721,2,1377,2,2.0,3,15000.0,2250.0,42750.0
5000012218,20250721,2,1273,1,,2,15000.0,600.0,29400.0
5000013982,20250721,1,305,1,,3,12000.0,3600.0,32400.0
5000014004,20250721,2,1332,1,,1,15000.0,0.0,15000.0
5000015424,20250721,2,1169,2,1.0,3,15000.0,4500.0,40500.0
5000002283,20250722,1,505,2,2.0,2,13200.0,528.0,25872.0
5000003137,20250722,1,588,2,4.0,1,12000.0,0.0,12000.0
5000003814,20250722,2,634,1,,3,15750.0,4725.0,42525.0
5000003815,20250722,2,634,1,,3,15000.0,0.0,45000.0
5000006594,20250722,1,894,2,4.0,2,12000.0,0.0,24000.0
5000008618,20250722,1,153,2,3.0,1,12000.0,240.0,11760.0
5000009143,20250722,1,1128,2,2.0,3,12600.0,1890.0,35910.0
5000009450,20250722,2,1162,1,,3,15000.0,0.0,45000.0
5000009451,20250722,2,1162,1,,1,16500.0,825.0,15675.0
5000010594,20250722,2,311,1,,1,15000.0,300.0,14700.0
5000012144,20250722,2,1416,1,,3,15000.0,900.0,44100.0
5000012790,20250722,1,1058,2,1.0,1,12600.0,1260.0,11340.0
5000013012,20250722,1,238,1,,1,10800.0,0.0,10800.0
5000013048,20250722,2,1284,1,,1,15000.0,750.0,14250.0
5000015406,20250722,2,320,1,,3,15000.0,4500.0,40500.0
5000015407,20250722,2,320,1,,3,16500.0,4950.0,44550.0
5000015728,20250722,2,134,2,3.0,1,15000.0,0.0,15000.0
5000015729,20250722,2,134,2,3.0,2,15000.0,3000.0,27000.0
5000016030,20250722,2,1118,2,4.0,3,15000.0,2250.0,42750.0
5000016031,20250722,1,1118,2,4.0,3,12000.0,3600.0,32400.0
5000016092,20250722,1,599,1,,2,12000.0,0.0,24000.0
5000016093,20250722,2,599,1,,1,16500.0,0.0,16500.0
5000016117,20250722,2,1217,2,1.0,3,15000.0,2250.0,42750.0
5000016118,20250722,1,1217,2,1.0,3,12000.0,0.0,36000.0
5000000079,20250723,2,1087,2,1.0,3,15000.0,2250.0,42750.0
5000001254,20250723,1,371,2,4.0,3,10800.0,0.0,32400.0
5000001468,20250723,2,771,2,3.0,1,15750.0,787.5,14962.5
5000002649,20250723,1,1108,2,2.0,3,12000.0,3600.0,32400.0
5000002650,20250723,1,1108,2,2.0,3,10800.0,3240.0,29160.0
5000002651,20250723,2,1108,2,2.0,1,13500.0,675.0,12825.0
5000006475,20250723,2,60,2,3.0,3,15000.0,900.0,44100.0
5000006580,20250723,2,234,2,1.0,1,16500.0,1650.0,14850.0
5000006581,20250723,2,234,2,1.0,2,16500.0,0.0,33000.0
5000009319,20250723,2,384,1,,2,16500.0,1650.0,31350.0
5000009320,20250723,2,384,1,,3,15000.0,0.0,45000.0
5000009601,20250723,1,669,2,2.0,2,12000.0,2400.0,21600.0
5000009781,20250723,2,354,2,4.0,3,15000.0,4500.0,40500.0
5000010535,20250723,2,619,1,,2,16500.0,660.0,32340.0
5000010536,20250723,1,619,1,,2,12000.0,1200.0,22800.0
5000010537,20250723,1,619,1,,1,12000.0,1200.0,10800.0
5000012651,20250723,2,226,2,3.0,1,15000.0,750.0,14250.0
5000012652,20250723,1,226,2,3.0,2,12000.0,2400.0,21600.0
5000012980,20250723,1,1463,1,,1,12000.0,600.0,11400.0
5000012981,20250723,2,1463,1,,2,15000.0,0.0,30000.0
5000013502,20250723,2,58,2,1.0,3,15000.0,0.0,45000.0
5000013503,20250723,1,58,2,1.0,2,13200.0,1320.0,25080.0
5000013524,20250723,1,739,1,,2,12600.0,1260.0,23940.0
5000013525,20250723,1,739,1,,1,12000.0,0.0,12000.0
5000014076,20250723,1,822,2,4.0,2,12000.0,2400.0,21600.0
5000014077,20250723,1,822,2,4.0,1,12000.0,1200.0,10800.0
5000014247,20250723,1,839,2,4.0,1,12000.0,1200.0,10800.0
5000014336,20250723,1,832,1,,2,12000.0,0.0,24000.0
5000014745,20250723,1,885,1,,3,12000.0,720.0,35280.0
5000014833,20250723,2,878,2,1.0,2,15750.0,630.0,30870.0
5000014834,20250723,1,878,2,1.0,2,13200.0,528.0,25872.0
5000015626,20250723,1,1214,1,,1,12000.0,0.0,12000.0
5000015627,20250723,2,1214,1,,2,15000.0,0.0,30000.0
5000015628,20250723,1,508,1,,1,12000.0,240.0,11760.0
5000015629,20250723,1,508,1,,2,13200.0,0.0,26400.0
5000015630,20250723,1,508,1,,3,12000.0,1800.0,34200.0
5000002294,20250724,1,823,1,,1,12000.0,240.0,11760.0
5000004433,20250724,2,816,1,,3,16500.0,2475.0,47025.0
5000005216,20250724,1,439,1,,1,10800.0,540.0,10260.0
5000005217,20250724,2,439,1,,2,15000.0,600.0,29400.0
5000006103,20250724,2,744,1,,2,15000.0,0.0,30000.0
5000006104,20250724,1,744,1,,2,12600.0,0.0,25200.0
5000007725,20250724,1,689,1,,3,12000.0,3600.0,32400.0
5000008834,20250724,1,738,1,,1,13200.0,660.0,12540.0
5000009171,20250724,2,467,2,1.0,2,15000.0,600.0,29400.0
5000010111,20250724,1,873,2,4.0,3,12600.0,0.0,37800.0
5000011929,20250724,1,237,1,,2,12000.0,480.0,23520.0
5000012101,20250724,2,513,1,,1,15000.0,300.0,14700.0
5000015705,20250724,2,311,1,,2,15000.0,0.0,30000.0
5000015774,20250724,2,639,2,4.0,2,15000.0,0.0,30000.0
5000000100,20250725,1,425,1,,1,12000.0,0.0,12000.0
5000001120,20250725,1,64,1,,2,12600.0,2520.0,22680.0
5000001326,20250725,2,1393,2,4.0,1,15000.0,750.0,14250.0
5000001327,20250725,2,1393,2,4.0,3,15000.0,0.0,45000.0
5000003212,20250725,1,991,1,,3,12000.0,3600.0,32400.0
5000003274,20250725,1,436,2,1.0,2,10800.0,2160.0,19440.0
5000004142,20250725,1,206,2,1.0,1,12600.0,0.0,12600.0
5000005350,20250725,2,668,1,,3,13500.0,4050.0,36450.0
5000005657,20250725,2,1159,1,,2,15000.0,1500.0,28500.0
5000005702,20250725,2,1416,1,,2,15000.0,3000.0,27000.0
5000005703,20250725,1,1416,1,,2,12000.0,0.0,24000.0
5000007893,20250725,1,517,1,,1,13200.0,0.0,13200.0
5000007894,20250725,1,517,1,,1,12000.0,1200.0,10800.0
5000008678,20250725,1,1163,1,,1,12000.0,600.0,11400.0
5000008872,20250725,1,975,1,,1,13200.0,1320.0,11880.0
5000008873,20250725,2,975,1,,2,15000.0,1500.0,28500.0
5000008995,20250725,1,28,1,,2,12000.0,480.0,23520.0
5000008996,20250725,2,28,1,,3,15000.0,2250.0,42750.0
5000009008,20250725,1,841,1,,1,10800.0,1080.0,9720.0
5000010278,20250725,1,132,2,3.0,2,12000.0,1200.0,22800.0
5000010595,20250725,1,1135,1,,1,10800.0,0.0,10800.0
5000010751,20250725,2,882,1,,3,15750.0,2362.5,44887.5
5000010767,20250725,2,987,1,,3,15000.0,0.0,45000.0
5000013327,20250725,1,573,2,4.0,1,12000.0,600.0,11400.0
5000014184,20250725,1,593,1,,1,12600.0,0.0,12600.0
5000015561,20250725,1,1250,2,4.0,3,12000.0,720.0,35280.0
5000015562,20250725,1,1250,2,4.0,2,12000.0,2400.0,21600.0
5000000279,20250726,1,70,1,,2,12000.0,480.0,23520.0
5000000631,20250726,1,1427,1,,1,12600.0,252.0,12348.0
5000001505,20250726,2,578,2,1.0,3,15750.0,0.0,47250.0
5000004560,20250726,1,1246,1,,2,13200.0,528.0,25872.0
5000004561,20250726,2,1246,1,,2,15000.0,600.0,29400.0
5000004719,20250726,1,77,1,,3,12000.0,1800.0,34200.0
5000004720,20250726,2,77,1,,1,15750.0,787.5,14962.5
5000008091,20250726,2,987,2,4.0,3,15000.0,4500.0,40500.0
5000008092,20250726,1,987,2,4.0,2,12000.0,480.0,23520.0
5000008709,20250726,1,1373,1,,2,12000.0,1200.0,22800.0
5000010553,20250726,2,786,1,,1,15000.0,300.0,14700.0
5000012138,20250726,1,747,1,,1,10800.0,540.0,10260.0
5000012425,20250726,2,851,1,,2,13500.0,1350.0,25650.0
5000013880,20250726,1,1150,1,,3,12600.0,3780.0,34020.0
5000014069,20250726,2,71,2,2.0,2,15750.0,1575.0,29925.0
5000014142,20250726,1,411,1,,1,12000.0,240.0,11760.0
5000014627,20250726,2,361,2,2.0,1,13500.0,270.0,13230.0
5000014628,20250726,1,361,2,2.0,2,12000.0,2400.0,21600.0
5000015077,20250726,2,9,1,,1,15750.0,1575.0,14175.0
5000000226,20250727,2,1065,1,,1,15000.0,1500.0,13500.0
5000000227,20250727,2,1065,1,,2,15750.0,1575.0,29925.0
5000000822,20250727,1,400,1,,2,12000.0,480.0,23520.0
5000000994,20250727,1,868,1,,3,12000.0,0.0,36000.0
5000002061,20250727,1,762,2,1.0,2,12000.0,1200.0,22800.0
5000002062,20250727,1,762,2,1.0,2,12600.0,504.0,24696.0
5000002622,20250727,1,530,2,4.0,3,12000.0,0.0,36000.0
5000003280,20250727,1,205,1,,1,12600.0,630.0,11970.0
5000003507,20250727,1,1112,1,,2,12000.0,480.0,23520.0
5000003508,20250727,1,1112,1,,1,12600.0,252.0,12348.0
5000003761,20250727,1,896,2,2.0,3,12000.0,720.0,35280.0
5000005352,20250727,1,279,2,1.0,1,12600.0,1260.0,11340.0
5000006108,20250727,1,930,2,2.0,2,12000.0,2400.0,21600.0
5000012223,20250727,1,185,2,3.0,2,12000.0,480.0,23520.0
5000012224,20250727,1,185,2,3.0,1,12000.0,0.0,12000.0
5000012961,20250727,2,907,1,,3,13500.0,0.0,40500.0
5000013265,20250727,1,1027,1,,3,12000.0,1800.0,34200.0
5000013266,20250727,1,1027,1,,3,12600.0,756.0,37044.0
5000014086,20250727,2,196,1,,1,13500.0,1350.0,12150.0
5000014988,20250727,1,552,1,,3,12000.0,3600.0,32400.0
5000014989,20250727,1,552,1,,2,12600.0,504.0,24696.0
5000014990,20250727,1,552,1,,2,12000.0,0.0,24000.0
5000015109,20250727,1,1354,2,4.0,3,12600.0,1890.0,35910.0
5000015110,20250727,2,1354,2,4.0,1,15000.0,1500.0,13500.0
5000015352,20250727,1,876,1,,1,12000.0,0.0,12000.0
5000001125,20250728,2,590,1,,3,16500.0,4950.0,44550.0
5000001335,20250728,2,324,1,,3,15000.0,4500.0,40500.0
5000002162,20250728,2,896,1,,3,15000.0,2250.0,42750.0
5000003683,20250728,1,559,1,,3,12600.0,1890.0,35910.0
5000003684,20250728,2,559,1,,2,13500.0,0.0,27000.0
5000004526,20250728,2,763,1,,2,15000.0,3000.0,27000.0
5000005905,20250728,2,1134,1,,3,13500.0,0.0,40500.0
5000006665,20250728,1,590,1,,1,12000.0,1200.0,10800.0
5000006671,20250728,2,159,2,2.0,3,15000.0,0.0,45000.0
5000006672,20250728,1,159,2,2.0,3,12000.0,720.0,35280.0
5000008908,20250728,2,548,1,,1,13500.0,1350.0,12150.0
5000010086,20250728,1,851,2,3.0,3,12600.0,756.0,37044.0
5000010197,20250728,1,1031,1,,3,12000.0,1800.0,34200.0
5000010499,20250728,2,320,2,2.0,3,15000.0,4500.0,40500.0
5000011205,20250728,1,450,1,,2,12000.0,0.0,24000.0
5000013338,20250728,1,354,1,,1,12000.0,240.0,11760.0
5000013339,20250728,2,354,1,,2,13500.0,1350.0,25650.0
5000014297,20250728,1,513,1,,1,12600.0,252.0,12348.0
5000014748,20250728,2,412,1,,2,15000.0,1500.0,28500.0
5000014814,20250728,1,650,2,2.0,2,12000.0,1200.0,22800.0
5000016105,20250728,1,1477,2,2.0,1,13200.0,660.0,12540.0
5000001215,20250729,1,1450,1,,2,12000.0,480.0,23520.0
5000001580,20250729,2,779,2,4.0,3,15000.0,2250.0,42750.0
5000002158,20250729,2,689,1,,1,15000.0,1500.0,13500.0
5000002255,20250729,2,1005,1,,1,15000.0,1500.0,13500.0
5000002995,20250729,1,1441,1,,1,12000.0,0.0,12000.0
5000005631,20250729,2,155,1,,1,15000.0,0.0,15000.0
5000005632,20250729,2,155,1,,3,13500.0,4050.0,36450.0
5000008312,20250729,1,416,2,3.0,3,12000.0,3600.0,32400.0
5000008399,20250729,2,1219,1,,2,15000.0,600.0,29400.0
5000008400,20250729,2,1219,1,,2,15000.0,1500.0,28500.0
5000008401,20250729,1,1219,1,,1,12000.0,600.0,11400.0
5000009176,20250729,2,656,2,3.0,2,15000.0,600.0,29400.0
5000009420,20250729,1,1346,2,2.0,2,12000.0,480.0,23520.0
5000009421,20250729,1,1346,2,2.0,2,12000.0,1200.0,22800.0
5000010993,20250729,2,778,1,,3,15000.0,2250.0,42750.0
5000012045,20250729,1,722,1,,3,10800.0,3240.0,29160.0
5000012198,20250729,2,895,1,,2,13500.0,540.0,26460.0
5000012543,20250729,1,1052,2,2.0,2,12000.0,0.0,24000.0
5000012764,20250729,1,856,1,,1,12000.0,600.0,11400.0
5000012894,20250729,1,445,1,,2,12000.0,0.0,24000.0
5000013021,20250729,1,1272,1,,3,12000.0,1800.0,34200.0
5000013900,20250729,1,641,2,4.0,1,12000.0,600.0,11400.0
5000014002,20250729,1,171,1,,2,12000.0,2400.0,21600.0
5000015623,20250729,1,57,2,2.0,1,12600.0,630.0,11970.0
5000001970,20250730,1,792,2,1.0,1,13200.0,0.0,13200.0
5000002003,20250730,2,351,1,,1,15000.0,750.0,14250.0
5000002885,20250730,1,814,2,2.0,3,12600.0,1890.0,35910.0
5000003344,20250730,2,1500,1,,3,15000.0,900.0,44100.0
5000003345,20250730,1,1500,1,,3,12000.0,720.0,35280.0
5000003454,20250730,2,489,1,,1,15000.0,750.0,14250.0
5000004173,20250730,1,807,1,,3,12600.0,756.0,37044.0
5000004421,20250730,1,1309,2,4.0,2,12000.0,1200.0,22800.0
5000004422,20250730,2,1309,2,4.0,2,13500.0,1350.0,25650.0
5000004423,20250730,1,1309,2,4.0,3,12600.0,756.0,37044.0
5000004434,20250730,1,143,1,,3,12000.0,3600.0,32400.0
5000006089,20250730,2,153,2,4.0,3,15000.0,900.0,44100.0
5000006187,20250730,2,487,1,,1,15750.0,1575.0,14175.0
5000006188,20250730,2,487,1,,1,13500.0,675.0,12825.0
5000006687,20250730,2,638,2,4.0,1,15750.0,0.0,15750.0
5000007798,20250730,1,1167,1,,3,12000.0,3600.0,32400.0
5000008913,20250730,1,1310,1,,2,12000.0,2400.0,21600.0
5000008914,20250730,1,1310,1,,1,12000.0,1200.0,10800.0
5000008924,20250730,2,487,2,3.0,3,13500.0,2025.0,38475.0
5000008938,20250730,1,432,2,3.0,3,12000.0,0.0,36000.0
5000008939,20250730,2,432,2,3.0,1,15750.0,787.5,14962.5
5000008973,20250730,2,518,1,,3,13500.0,0.0,40500.0
5000008974,20250730,1,518,1,,1,12000.0,0.0,12000.0
5000008975,20250730,2,518,1,,3,16500.0,990.0,48510.0
5000009250,20250730,1,898,1,,2,12000.0,0.0,24000.0
5000009596,20250730,2,1294,2,1.0,2,13500.0,1350.0,25650.0
5000009597,20250730,1,1294,2,1.0,2,12000.0,0.0,24000.0
5000009598,20250730,2,1294,2,1.0,2,15000.0,3000.0,27000.0
5000009608,20250730,1,1374,2,4.0,3,12000.0,0.0,36000.0
5000009701,20250730,1,901,1,,1,12000.0,600.0,11400.0
5000009702,20250730,2,901,1,,3,15000.0,4500.0,40500.0
5000009722,20250730,2,994,2,3.0,2,15000.0,1500.0,28500.0
5000009872,20250730,2,560,2,2.0,2,13500.0,540.0,26460.0
5000010477,20250730,2,521,2,4.0,2,15000.0,1500.0,28500.0
5000010478,20250730,2,521,2,4.0,1,15000.0,750.0,14250.0
5000011069,20250730,1,59,2,2.0,1,12000.0,1200.0,10800.0
5000013368,20250730,2,829,2,2.0,1,13500.0,0.0,13500.0
5000014575,20250730,1,577,2,2.0,3,12600.0,0.0,37800.0
5000015731,20250730,1,646,2,2.0,3,12000.0,0.0,36000.0
5000000221,20250731,1,645,2,4.0,2,12000.0,1200.0,22800.0
5000000527,20250731,2,589,1,,3,13500.0,2025.0,38475.0
5000001270,20250731,1,1280,2,3.0,1,12000.0,240.0,11760.0
5000001438,20250731,2,1177,1,,3,13500.0,0.0,40500.0
5000002281,20250731,1,282,1,,2,12600.0,2520.0,22680.0
5000002632,20250731,2,186,2,2.0,2,15000.0,3000.0,27000.0
5000004219,20250731,2,954,2,1.0,1,16500.0,0.0,16500.0
5000005650,20250731,2,236,1,,3,15000.0,2250.0,42750.0
5000005945,20250731,2,1037,1,,2,15000.0,600.0,29400.0
5000005946,20250731,1,1037,1,,2,12000.0,2400.0,21600.0
5000005947,20250731,2,1037,1,,1,15750.0,1575.0,14175.0
5000008419,20250731,2,724,1,,2,15000.0,1500.0,28500.0
5000008915,20250731,1,135,1,,2,13200.0,2640.0,23760.0
5000008916,20250731,1,135,1,,1,12000.0,600.0,11400.0
5000009040,20250731,2,184,2,3.0,3,15000.0,0.0,45000.0
5000010486,20250731,1,756,1,,1,10800.0,1080.0,9720.0
5000010487,20250731,2,756,1,,3,15000.0,4500.0,40500.0
5000012884,20250731,2,666,1,,2,15000.0,1500.0,28500.0
5000012885,20250731,2,666,1,,1,15750.0,315.0,15435.0
5000014505,20250731,1,439,1,,2,12600.0,0.0,25200.0
5000014506,20250731,1,439,1,,2,12000.0,480.0,23520.0
5000015829,20250731,1,1231,1,,2,10800.0,432.0,21168.0
5000016007,20250731,1,840,1,,3,12600.0,1890.0,35910.0
5000016094,20250731,1,308,2,3.0,3,12000.0,1800.0,34200.0
5000000737,20250801,2,1372,1,,1,15000.0,1500.0,13500.0
5000000781,20250801,1,1420,2,1.0,1,12600.0,630.0,11970.0
5000000782,20250801,2,1420,2,1.0,1,13500.0,0.0,13500.0
5000003090,20250801,1,469,1,,2,12000.0,0.0,24000.0
5000003664,20250801,1,760,1,,3,10800.0,1620.0,30780.0
5000003963,20250801,2,421,2,3.0,3,13500.0,810.0,39690.0
5000006266,20250801,2,1288,2,1.0,2,15000.0,3000.0,27000.0
5000006267,20250801,1,1288,2,1.0,3,10800.0,3240.0,29160.0
5000006796,20250801,2,809,1,,1,13500.0,1350.0,12150.0
5000006927,20250801,2,136,1,,3,13500.0,2025.0,38475.0
5000007133,20250801,2,578,1,,1,15000.0,750.0,14250.0
5000007150,20250801,1,290,1,,3,12000.0,720.0,35280.0
5000007151,20250801,2,290,1,,2,13500.0,0.0,27000.0
5000007224,20250801,1,1043,2,1.0,1,10800.0,1080.0,9720.0
5000007977,20250801,1,1258,1,,2,12000.0,480.0,23520.0
5000007978,20250801,1,1258,1,,3,12000.0,0.0,36000.0
5000008024,20250801,1,1344,1,,3,12000.0,3600.0,32400.0
5000009582,20250801,2,405,1,,1,15750.0,1575.0,14175.0
5000009583,20250801,1,405,1,,3,12000.0,720.0,35280.0
5000011151,20250801,1,358,2,2.0,3,12600.0,756.0,37044.0
5000000433,20250802,2,1399,1,,3,15000.0,900.0,44100.0
5000000434,20250802,2,1399,1,,2,16500.0,0.0,33000.0
5000001841,20250802,1,18,1,,2,12600.0,2520.0,22680.0
5000001842,20250802,1,18,1,,1,13200.0,0.0,13200.0
5000001843,20250802,2,18,1,,3,15000.0,0.0,45000.0
5000001879,20250802,2,598,1,,2,15000.0,600.0,29400.0
5000001880,20250802,2,598,1,,3,15000.0,0.0,45000.0
5000001881,20250802,1,598,1,,1,10800.0,1080.0,9720.0
5000001913,20250802,1,595,2,3.0,1,12000.0,600.0,11400.0
5000003012,20250802,1,1406,2,3.0,1,12000.0,0.0,12000.0
5000005169,20250802,1,1,2,2.0,3,12000.0,3600.0,32400.0
5000005319,20250802,1,59,2,3.0,3,12000.0,1800.0,34200.0
5000006996,20250802,2,1296,1,,2,15000.0,1500.0,28500.0
5000007260,20250802,2,616,1,,2,15000.0,1500.0,28500.0
5000012824,20250802,1,825,1,,3,13200.0,1980.0,37620.0
5000013347,20250802,2,2,1,,1,15000.0,0.0,15000.0
5000015957,20250802,2,1377,1,,3,15000.0,0.0,45000.0
5000000677,20250803,2,1382,1,,3,15000.0,900.0,44100.0
5000001305,20250803,1,1318,2,2.0,2,12000.0,0.0,24000.0
5000001306,20250803,2,1318,2,2.0,2,15000.0,1500.0,28500.0
5000001483,20250803,2,641,1,,1,15000.0,0.0,15000.0
5000004766,20250803,1,1474,2,4.0,3,10800.0,648.0,31752.0
5000004767,20250803,1,1474,2,4.0,1,12000.0,240.0,11760.0
5000004768,20250803,1,1474,2,4.0,2,10800.0,2160.0,19440.0
5000005485,20250803,2,1026,1,,1,15000.0,300.0,14700.0
5000005486,20250803,2,1026,1,,3,15000.0,0.0,45000.0
5000005637,20250803,1,850,1,,2,12000.0,1200.0,22800.0
5000005726,20250803,2,628,2,3.0,3,13500.0,4050.0,36450.0
5000005866,20250803,2,1487,1,,3,15000.0,900.0,44100.0
5000006014,20250803,2,957,2,1.0,3,16500.0,990.0,48510.0
5000006015,20250803,2,957,2,1.0,3,15000.0,4500.0,40500.0
5000006016,20250803,2,957,2,1.0,2,15000.0,3000.0,27000.0
5000007887,20250803,2,1115,1,,1,15000.0,1500.0,13500.0
5000007888,20250803,2,1115,1,,3,15000.0,0.0,45000.0
5000008478,20250803,2,1045,2,2.0,1,15000.0,300.0,14700.0
5000008590,20250803,1,289,2,1.0,1,12000.0,600.0,11400.0
5000009559,20250803,1,832,1,,2,12000.0,0.0,24000.0
5000011573,20250803,2,153,1,,1,15000.0,300.0,14700.0
5000012229,20250803,1,21,1,,1,12000.0,240.0,11760.0
5000013357,20250803,2,843,2,4.0,3,15000.0,2250.0,42750.0
5000013866,20250803,1,538,1,,2,12000.0,0.0,24000.0
5000013867,20250803,2,538,1,,1,15000.0,300.0,14700.0
5000013868,20250803,2,538,1,,1,15000.0,300.0,14700.0
5000015259,20250803,1,214,1,,3,12000.0,720.0,35280.0
5000001115,20250804,1,30,1,,1,12600.0,252.0,12348.0
5000001953,20250804,1,780,1,,1,13200.0,1320.0,11880.0
5000001954,20250804,1,780,1,,2,10800.0,432.0,21168.0
5000002080,20250804,2,625,2,4.0,1,15750.0,787.5,14962.5
5000002388,20250804,1,1142,2,4.0,1,12000.0,600.0,11400.0
5000003791,20250804,1,1300,1,,1,12000.0,1200.0,10800.0
5000004249,20250804,1,488,2,1.0,2,12000.0,0.0,24000.0
5000004476,20250804,2,51,2,1.0,3,15000.0,4500.0,40500.0
5000004477,20250804,2,51,2,1.0,2,15000.0,0.0,30000.0
5000005378,20250804,1,1356,1,,2,12000.0,480.0,23520.0
5000005558,20250804,2,1018,1,,1,13500.0,270.0,13230.0
5000006320,20250804,1,339,2,1.0,2,12600.0,0.0,25200.0
5000008231,20250804,2,896,1,,1,15000.0,1500.0,13500.0
5000008232,20250804,2,896,1,,3,15000.0,2250.0,42750.0
5000008233,20250804,1,896,1,,3,12000.0,1800.0,34200.0
5000008514,20250804,2,932,1,,1,15000.0,0.0,15000.0
5000008515,20250804,1,932,1,,3,13200.0,1980.0,37620.0
5000009070,20250804,2,246,2,3.0,1,15750.0,1575.0,14175.0
5000009071,20250804,2,246,2,3.0,1,13500.0,0.0,13500.0
5000009331,20250804,1,1068,1,,2,12000.0,1200.0,22800.0
5000011771,20250804,1,1468,1,,2,12000.0,2400.0,21600.0
5000012381,20250804,2,717,2,3.0,2,15750.0,1575.0,29925.0
5000013977,20250804,2,666,1,,3,15000.0,2250.0,42750.0
5000014127,20250804,2,1468,1,,1,15750.0,0.0,15750.0
5000014890,20250804,2,251,1,,2,13500.0,2700.0,24300.0
5000015120,20250804,1,1425,1,,1,13200.0,264.0,12936.0
5000015130,20250804,1,357,1,,1,12000.0,600.0,11400.0
5000015593,20250804,1,819,1,,3,12000.0,1800.0,34200.0
5000015932,20250804,1,753,1,,2,12000.0,2400.0,21600.0
5000016024,20250804,1,629,1,,3,12000.0,0.0,36000.0
5000016025,20250804,1,629,1,,1,13200.0,1320.0,11880.0
5000000303,20250805,1,1230,1,,3,12600.0,3780.0,34020.0
5000002326,20250805,2,1189,1,,1,15000.0,0.0,15000.0
5000002399,20250805,1,991,1,,2,12600.0,504.0,24696.0
5000002400,20250805,1,991,1,,2,12000.0,1200.0,22800.0
5000002747,20250805,1,149,1,,2,12600.0,1260.0,23940.0
5000003563,20250805,2,913,2,2.0,1,15000.0,1500.0,13500.0
5000003737,20250805,1,537,1,,1,12000.0,0.0,12000.0
5000005791,20250805,2,378,1,,1,16500.0,330.0,16170.0
5000005883,20250805,1,1198,1,,3,10800.0,0.0,32400.0
5000006258,20250805,2,618,2,4.0,1,13500.0,675.0,12825.0
5000006330,20250805,2,1159,2,4.0,1,15000.0,300.0,14700.0
5000007463,20250805,1,328,2,3.0,3,12000.0,1800.0,34200.0
5000007464,20250805,2,328,2,3.0,1,15000.0,0.0,15000.0
5000007568,20250805,1,366,1,,3,13200.0,0.0,39600.0
5000007569,20250805,2,366,1,,2,15000.0,1500.0,28500.0
5000007938,20250805,2,35,2,3.0,2,15000.0,600.0,29400.0
5000007996,20250805,1,187,1,,3,12000.0,3600.0,32400.0
5000009516,20250805,1,646,2,2.0,2,12000.0,0.0,24000.0
5000009967,20250805,1,1239,1,,3,12600.0,3780.0,34020.0
5000009976,20250805,1,1416,1,,3,12000.0,720.0,35280.0
5000013512,20250805,1,1162,2,2.0,2,12000.0,0.0,24000.0
5000013513,20250805,2,1162,2,2.0,1,13500.0,270.0,13230.0
5000013683,20250805,2,981,1,,1,15000.0,0.0,15000.0
5000013684,20250805,1,981,1,,3,12000.0,3600.0,32400.0
5000015358,20250805,2,593,2,3.0,3,15000.0,2250.0,42750.0
5000015359,20250805,1,593,2,3.0,1,13200.0,0.0,13200.0
5000000645,20250806,1,758,1,,2,13200.0,0.0,26400.0
5000001130,20250806,2,1356,1,,2,15000.0,3000.0,27000.0
5000001473,20250806,1,1169,1,,3,13200.0,0.0,39600.0
5000001562,20250806,2,239,1,,3,15000.0,900.0,44100.0
5000001563,20250806,1,239,1,,2,12000.0,0.0,24000.0
5000001784,20250806,1,880,1,,3,12000.0,0.0,36000.0
5000002517,20250806,2,59,2,3.0,2,15000.0,3000.0,27000.0
5000003861,20250806,1,1357,2,4.0,3,12600.0,1890.0,35910.0
5000003862,20250806,1,1357,2,4.0,3,12000.0,0.0,36000.0
5000004311,20250806,1,249,2,1.0,2,12000.0,0.0,24000.0
5000005714,20250806,2,752,2,4.0,1,15000.0,750.0,14250.0
5000006154,20250806,1,955,2,4.0,3,12000.0,0.0,36000.0
5000006155,20250806,2,955,2,4.0,1,15000.0,750.0,14250.0
5000006156,20250806,1,955,2,4.0,2,13200.0,0.0,26400.0
5000006399,20250806,1,773,1,,1,12000.0,600.0,11400.0
5000007048,20250806,2,32,2,2.0,3,15000.0,4500.0,40500.0
5000007056,20250806,1,680,1,,3,10800.0,648.0,31752.0
5000007435,20250806,1,1102,1,,2,12000.0,0.0,24000.0
5000007450,20250806,2,537,2,2.0,1,15000.0,0.0,15000.0
5000007695,20250806,2,1462,1,,1,15750.0,315.0,15435.0
5000008382,20250806,1,176,1,,3,12000.0,0.0,36000.0
5000008383,20250806,1,176,1,,2,12000.0,480.0,23520.0
5000010220,20250806,1,1156,1,,2,12000.0,0.0,24000.0
5000010221,20250806,2,1156,1,,3,15000.0,900.0,44100.0
5000010222,20250806,2,1156,1,,3,15000.0,4500.0,40500.0
5000010629,20250806,1,735,2,2.0,2,12000.0,2400.0,21600.0
5000011065,20250806,2,959,2,2.0,3,13500.0,2025.0,38475.0
5000011161,20250806,2,995,1,,1,15000.0,300.0,14700.0
5000012801,20250806,1,892,1,,2,12000.0,0.0,24000.0
5000012802,20250806,1,892,1,,2,12000.0,0.0,24000.0
5000012810,20250806,2,1275,1,,2,13500.0,1350.0,25650.0
5000015354,20250806,2,1010,1,,1,15000.0,1500.0,13500.0
5000000405,20250807,2,1082,1,,2,13500.0,0.0,27000.0
5000000406,20250807,2,1082,1,,2,16500.0,3300.0,29700.0
5000000973,20250807,1,483,2,3.0,1,12000.0,0.0,12000.0
5000002557,20250807,1,851,2,3.0,2,10800.0,2160.0,19440.0
5000004009,20250807,1,771,1,,1,13200.0,1320.0,11880.0
5000004010,20250807,1,771,1,,2,12000.0,2400.0,21600.0
5000004360,20250807,1,411,1,,1,13200.0,1320.0,11880.0
5000004361,20250807,2,411,1,,1,16500.0,825.0,15675.0
5000007761,20250807,2,222,1,,3,15000.0,900.0,44100.0
5000009132,20250807,2,222,1,,2,15000.0,3000.0,27000.0
5000009133,20250807,2,222,1,,3,15000.0,2250.0,42750.0
5000009134,20250807,1,222,1,,3,12600.0,1890.0,35910.0
5000014963,20250807,2,281,2,3.0,3,15000.0,2250.0,42750.0
5000016075,20250807,2,518,1,,1,13500.0,0.0,13500.0
5000001072,20250808,1,1175,2,4.0,2,12000.0,480.0,23520.0
5000002360,20250808,1,1230,1,,1,12000.0,0.0,12000.0
5000002623,20250808,2,1191,2,2.0,3,15000.0,900.0,44100.0
5000002808,20250808,1,106,1,,3,12000.0,1800.0,34200.0
5000002809,20250808,1,106,1,,3,12600.0,3780.0,34020.0
5000003665,20250808,1,414,2,1.0,2,13200.0,1320.0,25080.0
5000003666,20250808,1,414,2,1.0,1,12600.0,252.0,12348.0
5000006768,20250808,1,1348,2,3.0,3,12000.0,3600.0,32400.0
5000006769,20250808,2,1348,2,3.0,3,13500.0,2025.0,38475.0
5000006885,20250808,1,598,1,,2,12000.0,2400.0,21600.0
5000010424,20250808,2,580,1,,2,15000.0,0.0,30000.0
5000010686,20250808,1,1053,2,1.0,2,12000.0,1200.0,22800.0
5000010687,20250808,2,1053,2,1.0,2,15000.0,1500.0,28500.0
5000010810,20250808,2,1410,1,,1,15000.0,300.0,14700.0
5000010811,20250808,1,1410,1,,3,10800.0,3240.0,29160.0
5000011354,20250808,1,764,2,4.0,2,12000.0,480.0,23520.0
5000012482,20250808,1,302,1,,2,10800.0,1080.0,20520.0
5000012483,20250808,1,302,1,,3,12000.0,1800.0,34200.0
5000014423,20250808,2,867,1,,3,15000.0,4500.0,40500.0
5000015027,20250808,1,494,2,2.0,2,12000.0,2400.0,21600.0
5000015028,20250808,2,494,2,2.0,2,15750.0,1575.0,29925.0
5000015878,20250808,1,1053,2,1.0,1,12600.0,0.0,12600.0
5000016087,20250808,2,91,2,4.0,1,15000.0,0.0,15000.0
5000016088,20250808,2,91,2,4.0,3,15000.0,0.0,45000.0
5000002558,20250809,2,1068,1,,2,13500.0,540.0,26460.0
5000003094,20250809,2,1230,2,3.0,1,13500.0,270.0,13230.0
5000003171,20250809,1,1357,1,,3,12000.0,720.0,35280.0
5000004622,20250809,1,184,1,,1,12000.0,240.0,11760.0
5000004627,20250809,1,1259,1,,1,10800.0,216.0,10584.0
5000005923,20250809,1,61,1,,2,12000.0,2400.0,21600.0
5000005924,20250809,2,61,1,,2,15000.0,600.0,29400.0
5000005925,20250809,1,61,1,,3,12000.0,1800.0,34200.0
5000007035,20250809,1,934,2,4.0,1,12000.0,1200.0,10800.0
5000007036,20250809,1,934,2,4.0,3,13200.0,792.0,38808.0
5000010133,20250809,1,795,1,,2,10800.0,2160.0,19440.0
5000010655,20250809,2,975,2,1.0,2,16500.0,0.0,33000.0
5000010656,20250809,1,975,2,1.0,3,12000.0,1800.0,34200.0
5000011376,20250809,2,345,1,,1,15750.0,787.5,14962.5
5000011392,20250809,2,1498,1,,3,16500.0,990.0,48510.0
5000011393,20250809,2,1498,1,,2,15000.0,3000.0,27000.0
5000012299,20250809,2,465,2,2.0,1,15000.0,1500.0,13500.0
5000012420,20250809,1,635,1,,3,12000.0,3600.0,32400.0
5000013169,20250809,1,1489,2,2.0,1,12000.0,0.0,12000.0
5000014067,20250809,2,410,2,3.0,1,15750.0,315.0,15435.0
5000014351,20250809,2,763,1,,1,13500.0,0.0,13500.0
5000014352,20250809,1,763,1,,1,10800.0,0.0,10800.0
5000014353,20250809,1,763,1,,2,12000.0,2400.0,21600.0
5000014964,20250809,2,1067,1,,3,15000.0,2250.0,42750.0
5000015943,20250809,1,220,2,2.0,2,13200.0,528.0,25872.0
5000001788,20250810,1,1141,1,,3,10800.0,648.0,31752.0
5000002406,20250810,1,1103,2,4.0,1,12600.0,630.0,11970.0
5000002407,20250810,1,1103,2,4.0,3,12000.0,720.0,35280.0
5000002408,20250810,1,1103,2,4.0,1,12600.0,1260.0,11340.0
5000003978,20250810,2,1188,2,1.0,2,13500.0,2700.0,24300.0
5000004018,20250810,1,1342,1,,1,12000.0,1200.0,10800.0
5000004703,20250810,2,376,2,2.0,1,15000.0,1500.0,13500.0
5000005589,20250810,1,201,2,2.0,3,12000.0,3600.0,32400.0
5000007340,20250810,2,591,2,4.0,2,16500.0,660.0,32340.0
5000007570,20250810,1,429,1,,1,12000.0,600.0,11400.0
5000007741,20250810,1,149,2,4.0,1,12000.0,0.0,12000.0
5000008888,20250810,2,648,2,3.0,2,16500.0,0.0,33000.0
5000008889,20250810,1,118,2,3.0,3,12000.0,1800.0,34200.0
5000009135,20250810,2,810,1,,3,15000.0,2250.0,42750.0
5000009145,20250810,2,311,2,2.0,2,16500.0,0.0,33000.0
5000009972,20250810,2,1427,1,,3,16500.0,990.0,48510.0
5000009973,20250810,1,1427,1,,2,12000.0,0.0,24000.0
5000010576,20250810,2,261,1,,2,15000.0,1500.0,28500.0
5000012183,20250810,2,952,1,,1,15000.0,0.0,15000.0
5000012827,20250810,2,216,1,,3,15000.0,900.0,44100.0
5000013051,20250810,1,351,1,,2,12000.0,0.0,24000.0
5000013052,20250810,2,351,1,,2,15000.0,600.0,29400.0
5000014654,20250810,2,322,2,3.0,1,15000.0,1500.0,13500.0
5000000399,20250811,2,682,2,1.0,3,15000.0,900.0,44100.0
5000001027,20250811,1,1113,2,3.0,3,12000.0,1800.0,34200.0
5000002251,20250811,2,1015,2,1.0,2,16500.0,1650.0,31350.0
5000002578,20250811,2,1496,1,,1,15000.0,300.0,14700.0
5000004394,20250811,1,1275,2,1.0,1,12000.0,1200.0,10800.0
5000005168,20250811,2,1121,2,2.0,2,15000.0,0.0,30000.0
5000005895,20250811,1,581,1,,3,10800.0,3240.0,29160.0
5000006983,20250811,1,1329,1,,1,12000.0,240.0,11760.0
5000008135,20250811,1,1130,1,,2,13200.0,528.0,25872.0
5000008785,20250811,2,1359,1,,1,15750.0,1575.0,14175.0
5000011006,20250811,2,614,2,2.0,1,15000.0,0.0,15000.0
5000011347,20250811,2,1185,2,1.0,2,15000.0,3000.0,27000.0
5000014517,20250811,2,1084,2,3.0,2,13500.0,1350.0,25650.0
5000014817,20250811,1,844,1,,3,12000.0,720.0,35280.0
5000015665,20250811,2,1121,1,,3,15750.0,4725.0,42525.0
5000015830,20250811,2,540,1,,2,15000.0,1500.0,28500.0
5000015831,20250811,2,540,1,,2,15000.0,600.0,29400.0
5000016119,20250811,1,520,1,,2,12000.0,480.0,23520.0
5000000242,20250812,2,805,1,,3,15000.0,900.0,44100.0
5000000243,20250812,2,805,1,,2,15000.0,1500.0,28500.0
5000002123,20250812,2,394,1,,3,15000.0,2250.0,42750.0
5000002282,20250812,1,1365,1,,3,12000.0,1800.0,34200.0
5000002823,20250812,1,1001,2,2.0,2,10800.0,1080.0,20520.0
5000005341,20250812,2,1011,1,,2,15000.0,600.0,29400.0
5000005342,20250812,1,1011,1,,1,12000.0,600.0,11400.0
5000006498,20250812,1,344,1,,2,12000.0,2400.0,21600.0
5000006550,20250812,2,643,1,,2,13500.0,540.0,26460.0
5000006551,20250812,1,643,1,,3,12000.0,3600.0,32400.0
5000007088,20250812,2,1439,1,,3,13500.0,0.0,40500.0
5000007089,20250812,2,1439,1,,1,13500.0,675.0,12825.0
5000007992,20250812,1,32,1,,3,13200.0,3960.0,35640.0
5000007993,20250812,1,32,1,,2,10800.0,0.0,21600.0
5000008171,20250812,1,797,2,4.0,3,12600.0,0.0,37800.0
5000008891,20250812,2,780,1,,1,15000.0,300.0,14700.0
5000009182,20250812,1,128,1,,2,12000.0,480.0,23520.0
5000009183,20250812,2,128,1,,1,15000.0,1500.0,13500.0
5000011673,20250812,2,637,2,2.0,3,15000.0,2250.0,42750.0
5000012311,20250812,2,1346,1,,1,15000.0,0.0,15000.0
5000013394,20250812,1,971,2,4.0,2,12000.0,480.0,23520.0
5000015945,20250812,1,227,1,,1,12000.0,600.0,11400.0
5000015946,20250812,2,227,1,,2,15000.0,600.0,29400.0
5000004668,20250813,2,744,1,,2,15750.0,1575.0,29925.0
5000004729,20250813,1,1231,1,,3,13200.0,792.0,38808.0
5000004730,20250813,1,1231,1,,3,10800.0,648.0,31752.0
5000004731,20250813,2,1231,1,,2,15000.0,0.0,30000.0
5000006164,20250813,1,192,2,1.0,3,10800.0,648.0,31752.0
5000007525,20250813,2,90,1,,1,15750.0,315.0,15435.0
5000007526,20250813,1,90,1,,2,12000.0,0.0,24000.0
5000007527,20250813,1,90,1,,3,12000.0,0.0,36000.0
5000009481,20250813,2,1398,1,,2,15750.0,630.0,30870.0
5000011512,20250813,1,386,2,1.0,2,13200.0,1320.0,25080.0
5000011513,20250813,1,386,2,1.0,2,12000.0,2400.0,21600.0
5000012521,20250813,1,729,1,,2,12600.0,2520.0,22680.0
5000012522,20250813,2,729,1,,2,13500.0,540.0,26460.0
5000013628,20250813,1,1184,1,,2,13200.0,0.0,26400.0
5000013905,20250813,1,581,2,1.0,3,12000.0,3600.0,32400.0
5000013906,20250813,1,581,2,1.0,3,12000.0,3600.0,32400.0
5000013974,20250813,2,1471,2,1.0,3,16500.0,0.0,49500.0
5000014113,20250813,1,1034,2,2.0,2,12000.0,0.0,24000.0
5000014361,20250813,2,538,1,,1,15000.0,300.0,14700.0
5000015111,20250813,1,514,2,2.0,3,12600.0,0.0,37800.0
5000015112,20250813,2,514,2,2.0,2,15000.0,1500.0,28500.0
5000015115,20250813,1,304,2,3.0,3,13200.0,792.0,38808.0
5000015413,20250813,1,82,2,4.0,2,12000.0,2400.0,21600.0
5000000265,20250814,2,1000,1,,2,15000.0,0.0,30000.0
5000000348,20250814,1,79,1,,2,12000.0,0.0,24000.0
5000001126,20250814,1,1294,2,2.0,1,10800.0,540.0,10260.0
5000001127,20250814,1,1294,2,2.0,1,12600.0,630.0,11970.0
5000001174,20250814,1,1310,1,,3,12000.0,0.0,36000.0
5000001938,20250814,1,1325,2,2.0,1,12000.0,0.0,12000.0
5000001939,20250814,2,1325,2,2.0,1,15000.0,300.0,14700.0
5000002160,20250814,1,520,1,,1,12000.0,600.0,11400.0
5000002161,20250814,2,520,1,,2,15000.0,0.0,30000.0
5000002840,20250814,2,690,1,,3,15750.0,4725.0,42525.0
5000002841,20250814,1,690,1,,2,12000.0,1200.0,22800.0
5000006344,20250814,2,1421,2,2.0,3,15750.0,945.0,46305.0
5000006345,20250814,2,1421,2,2.0,2,13500.0,0.0,27000.0
5000007299,20250814,1,1251,1,,2,12000.0,1200.0,22800.0
5000007559,20250814,1,1322,1,,3,12000.0,720.0,35280.0
5000009215,20250814,1,61,2,2.0,2,12000.0,2400.0,21600.0
5000010498,20250814,1,1462,2,4.0,3,13200.0,0.0,39600.0
5000014556,20250814,1,1114,2,2.0,2,13200.0,2640.0,23760.0
5000014557,20250814,2,1114,2,2.0,1,15000.0,750.0,14250.0
5000015355,20250814,2,755,1,,3,15000.0,900.0,44100.0
5000015356,20250814,1,755,1,,1,12000.0,0.0,12000.0
5000000325,20250815,1,183,1,,3,12600.0,756.0,37044.0
5000000374,20250815,2,608,1,,3,15000.0,900.0,44100.0
5000000953,20250815,1,458,1,,3,12000.0,3600.0,32400.0
5000000954,20250815,1,458,1,,2,12000.0,2400.0,21600.0
5000001266,20250815,1,787,2,1.0,3,10800.0,1620.0,30780.0
5000001267,20250815,1,787,2,1.0,3,13200.0,3960.0,35640.0
5000004131,20250815,1,1449,2,1.0,1,12000.0,1200.0,10800.0
5000004306,20250815,2,1166,1,,2,15000.0,600.0,29400.0
5000004307,20250815,1,1166,1,,1,12000.0,1200.0,10800.0
5000004308,20250815,1,1166,1,,3,10800.0,1620.0,30780.0
5000004866,20250815,2,1354,1,,1,15000.0,0.0,15000.0
5000005503,20250815,1,1410,2,4.0,3,12000.0,1800.0,34200.0
5000005504,20250815,1,1410,2,4.0,1,12000.0,1200.0,10800.0
5000005980,20250815,2,515,1,,3,15000.0,4500.0,40500.0
5000005981,20250815,2,515,1,,1,15000.0,750.0,14250.0
5000006290,20250815,1,185,2,4.0,1,12000.0,600.0,11400.0
5000007006,20250815,2,1339,1,,2,15000.0,600.0,29400.0
5000007024,20250815,2,1420,2,1.0,1,13500.0,270.0,13230.0
5000007025,20250815,1,1420,2,1.0,3,12000.0,720.0,35280.0
5000007026,20250815,1,1420,2,1.0,1,12000.0,600.0,11400.0
5000007074,20250815,2,627,1,,3,15000.0,900.0,44100.0
5000008339,20250815,2,1106,1,,2,15000.0,600.0,29400.0
5000008676,20250815,1,795,2,1.0,2,10800.0,0.0,21600.0
5000010757,20250815,2,293,2,3.0,3,15000.0,900.0,44100.0
5000010870,20250815,2,1277,1,,1,15750.0,787.5,14962.5
5000010871,20250815,2,1277,1,,1,15000.0,750.0,14250.0
5000011994,20250815,1,1044,2,1.0,3,12600.0,1890.0,35910.0
5000012297,20250815,2,884,2,2.0,3,15000.0,2250.0,42750.0
5000012298,20250815,1,884,2,2.0,1,10800.0,0.0,10800.0
5000012959,20250815,2,1252,2,2.0,2,15000.0,600.0,29400.0
5000012999,20250815,1,591,1,,2,12000.0,0.0,24000.0
5000013158,20250815,1,665,1,,2,12000.0,0.0,24000.0
5000014203,20250815,1,585,1,,1,12000.0,240.0,11760.0
5000014204,20250815,1,585,1,,3,10800.0,648.0,31752.0
5000015010,20250815,2,895,2,3.0,2,15750.0,3150.0,28350.0
5000015051,20250815,1,1326,1,,3,12000.0,1800.0,34200.0
5000015338,20250815,1,158,2,4.0,3,12000.0,1800.0,34200.0
5000000163,20250816,1,1229,1,,3,13200.0,792.0,38808.0
5000001000,20250816,2,857,1,,2,15000.0,600.0,29400.0
5000001001,20250816,1,857,1,,2,13200.0,528.0,25872.0
5000001132,20250816,2,1406,2,2.0,3,15750.0,945.0,46305.0
5000003304,20250816,1,870,1,,3,10800.0,648.0,31752.0
5000003624,20250816,1,1393,1,,1,12600.0,0.0,12600.0
5000005234,20250816,2,521,1,,3,15000.0,4500.0,40500.0
5000006622,20250816,1,191,1,,2,10800.0,0.0,21600.0
5000006843,20250816,1,297,1,,1,10800.0,216.0,10584.0
5000007267,20250816,1,1019,2,4.0,2,13200.0,528.0,25872.0
5000007268,20250816,2,1019,2,4.0,1,15000.0,0.0,15000.0
5000007616,20250816,1,143,2,4.0,3,12000.0,1800.0,34200.0
5000008310,20250816,2,877,1,,2,15000.0,0.0,30000.0
5000008311,20250816,1,877,1,,3,12000.0,1800.0,34200.0
5000008755,20250816,2,1350,1,,3,15750.0,945.0,46305.0
5000011443,20250816,1,913,1,,1,12000.0,600.0,11400.0
5000014152,20250816,2,919,2,2.0,3,15750.0,945.0,46305.0
5000014416,20250816,2,1331,2,3.0,1,15000.0,750.0,14250.0
5000014417,20250816,2,1331,2,3.0,3,15000.0,0.0,45000.0
5000015113,20250816,1,1453,2,1.0,1,10800.0,1080.0,9720.0
5000000813,20250817,1,172,1,,2,13200.0,1320.0,25080.0
5000001217,20250817,1,934,2,2.0,1,12600.0,1260.0,11340.0
5000003123,20250817,2,1320,2,2.0,1,15000.0,1500.0,13500.0
5000003124,20250817,1,1320,2,2.0,1,12000.0,600.0,11400.0
5000003125,20250817,2,1320,2,2.0,1,15000.0,0.0,15000.0
5000004294,20250817,2,209,2,1.0,3,15000.0,4500.0,40500.0
5000004778,20250817,2,629,1,,3,13500.0,2025.0,38475.0
5000004779,20250817,2,629,1,,1,15000.0,0.0,15000.0
5000004970,20250817,1,841,1,,2,12000.0,0.0,24000.0
5000005042,20250817,2,519,2,2.0,1,15000.0,1500.0,13500.0
5000005059,20250817,1,332,2,1.0,3,12000.0,3600.0,32400.0
5000005060,20250817,1,332,2,1.0,1,12000.0,600.0,11400.0
5000005325,20250817,1,352,1,,2,13200.0,528.0,25872.0
5000005673,20250817,2,1151,2,2.0,3,15750.0,4725.0,42525.0
5000010262,20250817,2,334,1,,1,15750.0,315.0,15435.0
5000010263,20250817,1,334,1,,1,12600.0,0.0,12600.0
5000010887,20250817,1,474,1,,1,10800.0,216.0,10584.0
5000010888,20250817,1,474,1,,1,13200.0,264.0,12936.0
5000011049,20250817,2,145,2,3.0,3,15000.0,900.0,44100.0
5000011050,20250817,2,145,2,3.0,1,15000.0,0.0,15000.0
5000011581,20250817,1,97,1,,1,12600.0,1260.0,11340.0
5000011586,20250817,1,1387,2,4.0,1,12000.0,600.0,11400.0
5000011587,20250817,1,1387,2,4.0,2,12600.0,1260.0,23940.0
5000012130,20250817,1,867,2,1.0,3,10800.0,0.0,32400.0
5000012131,20250817,1,867,2,1.0,1,12000.0,1200.0,10800.0
5000012434,20250817,1,855,2,3.0,2,12000.0,2400.0,21600.0
5000014850,20250817,1,489,2,2.0,1,13200.0,264.0,12936.0
5000014851,20250817,1,489,2,2.0,3,12000.0,0.0,36000.0
5000015207,20250817,2,56,1,,3,13500.0,810.0,39690.0
5000015925,20250817,2,1465,1,,1,15000.0,300.0,14700.0
5000000025,20250818,1,181,1,,1,12000.0,240.0,11760.0
5000000121,20250818,1,833,1,,1,12000.0,1200.0,10800.0
5000000431,20250818,2,1479,1,,1,15000.0,750.0,14250.0
5000000432,20250818,2,1479,1,,1,15000.0,0.0,15000.0
5000000490,20250818,1,952,2,2.0,2,12600.0,504.0,24696.0
5000000497,20250818,2,1010,2,2.0,2,15750.0,1575.0,29925.0
5000001170,20250818,2,991,1,,1,15750.0,787.5,14962.5
5000001502,20250818,1,1146,1,,3,12000.0,1800.0,34200.0
5000001544,20250818,2,425,1,,2,15000.0,1500.0,28500.0
5000002185,20250818,1,1306,1,,2,12000.0,1200.0,22800.0
5000002413,20250818,2,202,2,1.0,1,15000.0,0.0,15000.0
5000002414,20250818,2,202,2,1.0,2,13500.0,540.0,26460.0
5000002785,20250818,1,1108,2,2.0,3,12000.0,3600.0,32400.0
5000002786,20250818,1,1108,2,2.0,2,12000.0,480.0,23520.0
5000006569,20250818,1,152,1,,1,12000.0,1200.0,10800.0
5000006812,20250818,1,821,1,,1,13200.0,264.0,12936.0
5000008109,20250818,2,347,1,,2,15750.0,1575.0,29925.0
5000008783,20250818,2,671,1,,1,15000.0,750.0,14250.0
5000008784,20250818,1,671,1,,1,12600.0,0.0,12600.0
5000009565,20250818,2,316,1,,2,16500.0,1650.0,31350.0
5000009566,20250818,2,316,1,,3,15000.0,900.0,44100.0
5000011025,20250818,2,1489,1,,3,15000.0,4500.0,40500.0
5000011855,20250818,1,847,2,3.0,2,12000.0,480.0,23520.0
5000011856,20250818,1,847,2,3.0,1,10800.0,0.0,10800.0
5000013485,20250818,1,1482,1,,1,12000.0,1200.0,10800.0
5000013564,20250818,1,956,2,2.0,3,12000.0,1800.0,34200.0
5000013731,20250818,2,315,1,,1,15000.0,300.0,14700.0
5000013732,20250818,2,315,1,,2,13500.0,540.0,26460.0
5000013733,20250818,2,315,1,,2,15000.0,0.0,30000.0
5000014022,20250818,2,1130,1,,3,15000.0,0.0,45000.0
5000014023,20250818,1,1130,1,,1,12000.0,0.0,12000.0
5000014386,20250818,2,1068,1,,2,15000.0,1500.0,28500.0
5000014387,20250818,2,1068,1,,3,15000.0,0.0,45000.0
5000000351,20250819,1,303,2,2.0,1,12600.0,1260.0,11340.0
5000000352,20250819,2,303,2,2.0,3,15750.0,945.0,46305.0
5000001816,20250819,1,1447,1,,1,12600.0,1260.0,11340.0
5000002856,20250819,2,978,2,3.0,2,13500.0,2700.0,24300.0
5000002857,20250819,1,978,2,3.0,2,12000.0,480.0,23520.0
5000002858,20250819,1,978,2,3.0,1,12000.0,600.0,11400.0
5000004362,20250819,2,1472,2,1.0,1,15000.0,750.0,14250.0
5000004363,20250819,2,1472,2,1.0,3,15000.0,0.0,45000.0
5000004577,20250819,1,487,2,3.0,3,12000.0,720.0,35280.0
5000004578,20250819,2,487,2,3.0,1,13500.0,270.0,13230.0
5000004723,20250819,1,160,2,2.0,2,10800.0,1080.0,20520.0
5000005543,20250819,2,433,1,,1,13500.0,0.0,13500.0
5000006310,20250819,1,134,2,1.0,2,12000.0,0.0,24000.0
5000007042,20250819,2,133,2,4.0,2,15000.0,1500.0,28500.0
5000007145,20250819,2,1005,2,3.0,2,15000.0,0.0,30000.0
5000007411,20250819,2,691,1,,1,15000.0,300.0,14700.0
5000007412,20250819,2,691,1,,3,15000.0,2250.0,42750.0
5000007524,20250819,1,954,1,,3,12000.0,3600.0,32400.0
5000007629,20250819,1,1196,1,,1,12000.0,600.0,11400.0
5000007935,20250819,2,1229,2,3.0,1,15000.0,750.0,14250.0
5000008181,20250819,1,1310,2,4.0,1,12000.0,600.0,11400.0
5000008414,20250819,2,407,1,,1,15750.0,0.0,15750.0
5000008809,20250819,1,1096,2,2.0,2,12000.0,1200.0,22800.0
5000008810,20250819,2,1096,2,2.0,3,15000.0,0.0,45000.0
5000008811,20250819,2,1096,2,2.0,1,15000.0,0.0,15000.0
5000009029,20250819,1,1163,1,,3,12600.0,1890.0,35910.0
5000009683,20250819,1,754,2,4.0,1,12000.0,600.0,11400.0
5000009689,20250819,2,1420,2,2.0,3,15750.0,2362.5,44887.5
5000009690,20250819,2,1420,2,2.0,1,15750.0,315.0,15435.0
5000010577,20250819,2,770,1,,3,15000.0,0.0,45000.0
5000010578,20250819,1,770,1,,2,13200.0,528.0,25872.0
5000011143,20250819,2,744,2,3.0,2,15000.0,1500.0,28500.0
5000011144,20250819,1,744,2,3.0,3,13200.0,792.0,38808.0
5000012067,20250819,2,721,1,,1,15000.0,1500.0,13500.0
5000012123,20250819,2,1124,1,,3,15000.0,4500.0,40500.0
5000012124,20250819,1,1124,1,,3,10800.0,3240.0,29160.0
5000012648,20250819,2,1444,2,4.0,2,15750.0,0.0,31500.0
5000012902,20250819,1,1340,1,,3,12000.0,1800.0,34200.0
5000014586,20250819,2,124,1,,2,15750.0,630.0,30870.0
5000015029,20250819,2,939,1,,2,15000.0,1500.0,28500.0
5000015481,20250819,1,863,1,,2,12000.0,0.0,24000.0
5000000491,20250820,1,1016,1,,3,12000.0,1800.0,34200.0
5000000492,20250820,1,1016,1,,3,12000.0,3600.0,32400.0
5000000671,20250820,1,1415,1,,3,12000.0,720.0,35280.0
5000001583,20250820,1,1315,1,,2,12000.0,2400.0,21600.0
5000002157,20250820,1,310,1,,3,12000.0,0.0,36000.0
5000002311,20250820,1,752,1,,3,12000.0,720.0,35280.0
5000002886,20250820,2,843,1,,3,15000.0,0.0,45000.0
5000005987,20250820,1,494,1,,2,12600.0,1260.0,23940.0
5000005988,20250820,2,494,1,,3,15000.0,4500.0,40500.0
5000005989,20250820,1,494,1,,2,12000.0,0.0,24000.0
5000007323,20250820,1,931,1,,1,12000.0,0.0,12000.0
5000007324,20250820,1,931,1,,3,12000.0,720.0,35280.0
5000007769,20250820,2,203,2,1.0,2,15000.0,600.0,29400.0
5000008559,20250820,1,885,1,,1,12000.0,1200.0,10800.0
5000008560,20250820,2,885,1,,3,13500.0,2025.0,38475.0
5000009251,20250820,1,552,2,1.0,3,13200.0,792.0,38808.0
5000009252,20250820,1,552,2,1.0,1,12000.0,0.0,12000.0
5000009253,20250820,1,552,2,1.0,2,12000.0,0.0,24000.0
5000009709,20250820,1,535,2,3.0,3,12000.0,0.0,36000.0
5000010682,20250820,1,692,1,,3,13200.0,792.0,38808.0
5000010978,20250820,1,1240,1,,2,10800.0,2160.0,19440.0
5000012043,20250820,2,468,2,3.0,2,15000.0,0.0,30000.0
5000012044,20250820,1,468,2,3.0,3,12000.0,1800.0,34200.0
5000012781,20250820,2,391,1,,2,15000.0,1500.0,28500.0
5000014030,20250820,2,173,1,,3,15000.0,900.0,44100.0
5000015685,20250820,2,1061,2,2.0,2,15000.0,0.0,30000.0
5000015973,20250820,2,1168,1,,1,15000.0,1500.0,13500.0
5000016158,20250820,1,1423,1,,3,10800.0,1620.0,30780.0
5000016159,20250820,1,1423,1,,2,12600.0,504.0,24696.0
5000000395,20250821,1,754,1,,2,12000.0,2400.0,21600.0
5000001991,20250821,2,1360,2,1.0,3,15000.0,4500.0,40500.0
5000002058,20250821,2,1039,1,,1,15750.0,0.0,15750.0
5000002657,20250821,2,731,1,,1,15000.0,1500.0,13500.0
5000002658,20250821,2,731,1,,1,15000.0,750.0,14250.0
5000002949,20250821,2,1124,1,,3,15000.0,0.0,45000.0
5000002950,20250821,1,1124,1,,1,12600.0,1260.0,11340.0
5000003462,20250821,1,1386,1,,3,12000.0,1800.0,34200.0
5000003581,20250821,2,1396,2,3.0,2,13500.0,1350.0,25650.0
5000004482,20250821,1,1378,2,3.0,3,12000.0,1800.0,34200.0
5000006288,20250821,1,180,1,,2,13200.0,0.0,26400.0
5000006815,20250821,1,687,1,,3,12000.0,0.0,36000.0
5000006816,20250821,1,687,1,,2,12000.0,2400.0,21600.0
5000006998,20250821,2,1056,1,,1,15750.0,315.0,15435.0
5000008982,20250821,1,141,1,,2,12000.0,480.0,23520.0
5000012821,20250821,2,1330,1,,3,15000.0,2250.0,42750.0
5000012929,20250821,2,852,2,1.0,2,15000.0,600.0,29400.0
5000013973,20250821,1,542,1,,2,12000.0,0.0,24000.0
5000014385,20250821,1,224,2,3.0,2,12000.0,1200.0,22800.0
5000014700,20250821,2,1093,2,3.0,2,15750.0,0.0,31500.0
5000014823,20250821,1,326,2,4.0,3,12000.0,720.0,35280.0
5000014871,20250821,1,32,1,,2,12000.0,480.0,23520.0
5000015395,20250821,2,14,1,,1,15750.0,0.0,15750.0
5000015396,20250821,2,14,1,,2,15000.0,1500.0,28500.0
5000002675,20250822,2,645,2,1.0,1,15750.0,0.0,15750.0
5000004250,20250822,1,946,2,3.0,2,10800.0,0.0,21600.0
5000007015,20250822,2,180,1,,2,15000.0,600.0,29400.0
5000007016,20250822,2,180,1,,1,15750.0,315.0,15435.0
5000007125,20250822,2,155,2,3.0,1,13500.0,1350.0,12150.0
5000009103,20250822,1,1398,2,3.0,2,12000.0,0.0,24000.0
5000009104,20250822,1,1398,2,3.0,1,12600.0,1260.0,11340.0
5000010369,20250822,2,214,2,3.0,2,15000.0,3000.0,27000.0
5000010805,20250822,2,552,1,,2,15000.0,600.0,29400.0
5000011204,20250822,1,7,2,3.0,3,13200.0,792.0,38808.0
5000011878,20250822,1,621,1,,3,12000.0,0.0,36000.0
5000012086,20250822,1,804,2,4.0,3,10800.0,0.0,32400.0
5000012348,20250822,1,180,1,,2,12000.0,1200.0,22800.0
5000012623,20250822,1,116,2,3.0,1,12000.0,600.0,11400.0
5000012700,20250822,2,138,1,,1,15000.0,750.0,14250.0
5000013362,20250822,1,183,1,,3,12000.0,0.0,36000.0
5000013979,20250822,2,168,1,,3,15000.0,4500.0,40500.0
5000013980,20250822,1,168,1,,3,12000.0,1800.0,34200.0
5000013981,20250822,2,168,1,,3,15000.0,0.0,45000.0
5000015751,20250822,1,800,1,,1,12000.0,240.0,11760.0
5000015752,20250822,2,800,1,,2,16500.0,1650.0,31350.0
5000000253,20250823,2,661,2,3.0,2,15000.0,3000.0,27000.0
5000001437,20250823,1,1406,2,1.0,2,12000.0,0.0,24000.0
5000001522,20250823,1,880,1,,2,12000.0,1200.0,22800.0
5000001908,20250823,2,1281,1,,3,15000.0,900.0,44100.0
5000001909,20250823,1,1281,1,,3,12600.0,756.0,37044.0
5000003282,20250823,1,12,1,,1,12000.0,600.0,11400.0
5000008239,20250823,1,1129,2,4.0,3,12000.0,1800.0,34200.0
5000008331,20250823,2,249,1,,1,13500.0,270.0,13230.0
5000008927,20250823,1,1383,1,,3,12000.0,0.0,36000.0
5000009208,20250823,1,96,1,,2,12000.0,2400.0,21600.0
5000009393,20250823,2,547,1,,1,15000.0,750.0,14250.0
5000009507,20250823,2,488,2,3.0,1,15750.0,1575.0,14175.0
5000009615,20250823,2,1224,2,2.0,3,15000.0,0.0,45000.0
5000009977,20250823,1,440,1,,2,12000.0,1200.0,22800.0
5000010591,20250823,2,1419,2,2.0,1,15000.0,1500.0,13500.0
5000010592,20250823,2,1419,2,2.0,2,15000.0,1500.0,28500.0
5000011360,20250823,1,676,1,,1,12000.0,240.0,11760.0
5000012162,20250823,2,86,1,,3,16500.0,2475.0,47025.0
5000012230,20250823,1,114,2,2.0,1,12000.0,240.0,11760.0
5000013373,20250823,2,149,2,3.0,1,15000.0,300.0,14700.0
5000013592,20250823,1,350,2,3.0,2,12000.0,2400.0,21600.0
5000014597,20250823,1,365,2,4.0,1,12600.0,0.0,12600.0
5000014924,20250823,2,1135,2,1.0,2,15750.0,630.0,30870.0
5000014930,20250823,1,999,2,3.0,1,12000.0,0.0,12000.0
5000014953,20250823,2,1073,2,1.0,2,15000.0,1500.0,28500.0
5000000651,20250824,1,1083,2,1.0,3,12000.0,3600.0,32400.0
5000000652,20250824,1,1083,2,1.0,2,12000.0,480.0,23520.0
5000003109,20250824,2,1058,1,,3,15000.0,900.0,44100.0
5000003799,20250824,1,2,1,,1,12000.0,0.0,12000.0
5000004082,20250824,1,226,1,,2,12600.0,504.0,24696.0
5000004365,20250824,1,1437,2,3.0,3,10800.0,1620.0,30780.0
5000004366,20250824,1,1437,2,3.0,2,12000.0,1200.0,22800.0
5000004367,20250824,1,1437,2,3.0,3,12000.0,1800.0,34200.0
5000005669,20250824,2,255,1,,3,16500.0,2475.0,47025.0
5000006576,20250824,2,95,1,,3,15000.0,0.0,45000.0
5000006577,20250824,2,95,1,,1,15000.0,300.0,14700.0
5000007139,20250824,2,828,1,,3,15000.0,2250.0,42750.0
5000007818,20250824,2,1240,2,4.0,2,13500.0,1350.0,25650.0
5000008325,20250824,1,463,1,,1,12600.0,252.0,12348.0
5000008823,20250824,2,1249,1,,3,13500.0,0.0,40500.0
5000009429,20250824,1,1282,1,,1,12000.0,240.0,11760.0
5000009430,20250824,2,1282,1,,3,13500.0,4050.0,36450.0
5000010189,20250824,1,66,2,3.0,2,12600.0,2520.0,22680.0
5000011824,20250824,1,686,1,,3,12000.0,0.0,36000.0
5000011825,20250824,2,686,1,,1,15000.0,0.0,15000.0
5000011862,20250824,1,239,2,4.0,2,12000.0,1200.0,22800.0
5000012439,20250824,1,96,1,,2,13200.0,0.0,26400.0
5000014928,20250824,1,464,1,,2,10800.0,1080.0,20520.0
5000000775,20250825,1,402,1,,1,12000.0,0.0,12000.0
5000000776,20250825,2,402,1,,2,15000.0,600.0,29400.0
5000000912,20250825,2,797,1,,1,15000.0,300.0,14700.0
5000000998,20250825,2,445,1,,2,16500.0,660.0,32340.0
5000000999,20250825,2,445,1,,2,15000.0,1500.0,28500.0
5000003390,20250825,1,525,1,,2,12600.0,504.0,24696.0
5000003726,20250825,2,300,1,,2,15000.0,0.0,30000.0
5000005251,20250825,1,305,1,,2,13200.0,1320.0,25080.0
5000005499,20250825,1,893,2,1.0,2,10800.0,432.0,21168.0
5000006096,20250825,2,1385,2,2.0,3,15750.0,0.0,47250.0
5000006097,20250825,1,1385,2,2.0,1,12600.0,1260.0,11340.0
5000006181,20250825,1,846,1,,1,12000.0,240.0,11760.0
5000006856,20250825,1,884,2,4.0,2,12000.0,0.0,24000.0
5000007032,20250825,1,267,2,2.0,3,12000.0,3600.0,32400.0
5000007336,20250825,1,879,1,,1,12000.0,600.0,11400.0
5000009038,20250825,2,820,1,,2,15000.0,0.0,30000.0
5000010042,20250825,1,250,1,,3,12000.0,720.0,35280.0
5000000041,20250826,2,125,1,,3,15750.0,2362.5,44887.5
5000000042,20250826,1,125,1,,2,12600.0,0.0,25200.0
5000000966,20250826,1,1024,2,3.0,3,12000.0,720.0,35280.0
5000000967,20250826,2,1024,2,3.0,1,15000.0,0.0,15000.0
5000001118,20250826,1,167,1,,2,10800.0,432.0,21168.0
5000001391,20250826,1,417,1,,2,10800.0,2160.0,19440.0
5000001406,20250826,2,679,1,,1,15000.0,300.0,14700.0
5000001785,20250826,1,237,1,,2,12000.0,1200.0,22800.0
5000002120,20250826,2,681,1,,1,15000.0,750.0,14250.0
5000002121,20250826,2,681,1,,3,15000.0,4500.0,40500.0
5000002848,20250826,1,674,2,3.0,2,10800.0,2160.0,19440.0
5000003230,20250826,1,1477,1,,1,12000.0,0.0,12000.0
5000003231,20250826,1,1477,1,,1,12000.0,240.0,11760.0
5000004262,20250826,2,833,1,,2,13500.0,540.0,26460.0
5000004263,20250826,1,833,1,,2,12000.0,480.0,23520.0
5000004454,20250826,1,610,1,,1,13200.0,1320.0,11880.0
5000004455,20250826,1,610,1,,3,12000.0,1800.0,34200.0
5000006817,20250826,1,520,1,,1,12000.0,240.0,11760.0
5000007395,20250826,2,856,1,,1,16500.0,0.0,16500.0
5000007445,20250826,1,389,2,4.0,2,12000.0,0.0,24000.0
5000007540,20250826,1,1477,1,,2,12000.0,480.0,23520.0
5000007541,20250826,2,1477,1,,3,15000.0,2250.0,42750.0
5000007663,20250826,2,1382,2,4.0,3,15750.0,0.0,47250.0
5000007839,20250826,1,1163,1,,3,12000.0,720.0,35280.0
5000007950,20250826,1,611,2,3.0,2,12000.0,2400.0,21600.0
5000008066,20250826,2,382,2,4.0,2,16500.0,3300.0,29700.0
5000008660,20250826,2,573,1,,2,15000.0,600.0,29400.0
5000010539,20250826,1,1315,1,,3,12000.0,3600.0,32400.0
5000010540,20250826,1,1315,1,,2,13200.0,2640.0,23760.0
5000011639,20250826,2,1414,1,,1,15000.0,1500.0,13500.0
5000011780,20250826,1,141,1,,1,12000.0,240.0,11760.0
5000011781,20250826,1,141,1,,2,12600.0,1260.0,23940.0
5000011782,20250826,2,141,1,,1,15000.0,300.0,14700.0
5000013559,20250826,1,262,1,,1,12000.0,1200.0,10800.0
5000013990,20250826,2,245,1,,1,15000.0,300.0,14700.0
5000013991,20250826,2,245,1,,1,15000.0,1500.0,13500.0
5000016004,20250826,2,1133,2,4.0,3,16500.0,0.0,49500.0
5000016074,20250826,1,322,1,,3,12000.0,1800.0,34200.0
5000000027,20250827,1,475,1,,2,12600.0,2520.0,22680.0
5000000225,20250827,1,293,1,,2,12000.0,480.0,23520.0
5000001179,20250827,2,1234,2,3.0,2,15000.0,600.0,29400.0
5000001180,20250827,2,1234,2,3.0,2,15000.0,600.0,29400.0
5000001181,20250827,1,1234,2,3.0,2,10800.0,0.0,21600.0
5000003181,20250827,1,388,2,3.0,2,13200.0,528.0,25872.0
5000006046,20250827,1,774,1,,2,12000.0,0.0,24000.0
5000006052,20250827,1,811,2,1.0,1,12000.0,1200.0,10800.0
5000006053,20250827,1,811,2,1.0,3,12600.0,0.0,37800.0
5000006462,20250827,2,226,2,4.0,1,15750.0,1575.0,14175.0
5000006567,20250827,2,1059,1,,1,15000.0,750.0,14250.0
5000006568,20250827,2,1059,1,,1,15000.0,750.0,14250.0
5000007968,20250827,2,1393,1,,2,15000.0,3000.0,27000.0
5000008108,20250827,1,27,2,2.0,2,12000.0,2400.0,21600.0
5000008812,20250827,1,478,1,,3,10800.0,3240.0,29160.0
5000009270,20250827,1,971,2,3.0,3,10800.0,648.0,31752.0
5000009271,20250827,2,971,2,3.0,2,15000.0,1500.0,28500.0
5000009898,20250827,2,466,2,1.0,1,16500.0,330.0,16170.0
5000009899,20250827,2,466,2,1.0,3,16500.0,990.0,48510.0
5000010347,20250827,1,255,1,,3,10800.0,0.0,32400.0
5000010902,20250827,1,2,2,3.0,1,13200.0,0.0,13200.0
5000011941,20250827,1,1228,1,,2,12000.0,0.0,24000.0
5000011990,20250827,1,1135,1,,1,12000.0,240.0,11760.0
5000011991,20250827,2,1135,1,,2,15000.0,3000.0,27000.0
5000012766,20250827,2,321,1,,1,13500.0,0.0,13500.0
5000015137,20250827,2,804,1,,3,16500.0,4950.0,44550.0
5000015739,20250827,1,1201,2,3.0,3,12000.0,0.0,36000.0
5000002390,20250828,2,637,1,,1,13500.0,270.0,13230.0
5000004083,20250828,2,265,2,1.0,2,15000.0,1500.0,28500.0
5000004084,20250828,2,265,2,1.0,1,15000.0,300.0,14700.0
5000004085,20250828,2,265,2,1.0,1,15000.0,750.0,14250.0
5000004345,20250828,2,1415,1,,3,15750.0,0.0,47250.0
5000004545,20250828,1,319,1,,3,12600.0,1890.0,35910.0
5000004640,20250828,1,965,1,,2,12000.0,2400.0,21600.0
5000006519,20250828,2,1343,2,3.0,3,15750.0,4725.0,42525.0
5000006520,20250828,1,1343,2,3.0,3,12000.0,0.0,36000.0
5000007407,20250828,1,11,2,3.0,3,12600.0,756.0,37044.0
5000008314,20250828,1,659,1,,3,10800.0,648.0,31752.0
5000008546,20250828,1,1306,2,4.0,2,12600.0,504.0,24696.0
5000009376,20250828,1,314,1,,3,12000.0,0.0,36000.0
5000009544,20250828,2,1209,1,,1,16500.0,330.0,16170.0
5000014158,20250828,2,913,1,,3,15000.0,4500.0,40500.0
5000015392,20250828,1,615,1,,1,12600.0,252.0,12348.0
5000000619,20250829,1,1066,1,,1,12000.0,1200.0,10800.0
5000000945,20250829,2,899,1,,1,15000.0,300.0,14700.0
5000003227,20250829,1,1256,2,4.0,1,10800.0,0.0,10800.0
5000004532,20250829,1,228,1,,3,12000.0,720.0,35280.0
5000004533,20250829,1,228,1,,1,12000.0,1200.0,10800.0
5000008716,20250829,2,993,2,2.0,1,15750.0,1575.0,14175.0
5000008717,20250829,1,993,2,2.0,1,13200.0,264.0,12936.0
5000009380,20250829,2,183,1,,3,15000.0,2250.0,42750.0
5000009381,20250829,1,183,1,,3,12600.0,3780.0,34020.0
5000009382,20250829,2,183,1,,2,13500.0,2700.0,24300.0
5000009473,20250829,2,498,2,4.0,1,15750.0,787.5,14962.5
5000010606,20250829,2,609,2,2.0,1,15750.0,315.0,15435.0
5000011452,20250829,2,785,1,,2,13500.0,0.0,27000.0
5000012789,20250829,1,1239,1,,2,12000.0,1200.0,22800.0
5000013203,20250829,2,1383,2,4.0,3,15000.0,4500.0,40500.0
5000013586,20250829,1,138,1,,1,12000.0,0.0,12000.0
5000014790,20250829,1,45,1,,2,12000.0,2400.0,21600.0
5000015981,20250829,1,95,2,1.0,1,12000.0,0.0,12000.0
5000000167,20250830,1,356,2,1.0,3,12000.0,0.0,36000.0
5000002218,20250830,1,1492,1,,1,12000.0,1200.0,10800.0
5000002219,20250830,2,1492,1,,2,15000.0,0.0,30000.0
5000003521,20250830,1,284,1,,3,12000.0,3600.0,32400.0
5000003953,20250830,2,441,1,,1,15000.0,0.0,15000.0
5000004922,20250830,2,352,1,,1,13500.0,270.0,13230.0
5000004959,20250830,1,244,2,2.0,3,12000.0,720.0,35280.0
5000005131,20250830,1,1449,2,1.0,2,12000.0,2400.0,21600.0
5000006758,20250830,1,1342,1,,3,12600.0,0.0,37800.0
5000006965,20250830,2,781,2,3.0,1,15000.0,300.0,14700.0
5000006966,20250830,1,781,2,3.0,2,12000.0,480.0,23520.0
5000007220,20250830,1,61,1,,2,10800.0,432.0,21168.0
5000007221,20250830,1,61,1,,2,10800.0,2160.0,19440.0
5000007817,20250830,1,1269,1,,3,12000.0,0.0,36000.0
5000008592,20250830,1,699,1,,1,10800.0,216.0,10584.0
5000008697,20250830,2,1066,2,1.0,1,15000.0,0.0,15000.0
5000008698,20250830,2,1066,2,1.0,2,15000.0,0.0,30000.0
5000009737,20250830,2,880,1,,1,15000.0,1500.0,13500.0
5000010355,20250830,1,1038,2,2.0,3,13200.0,792.0,38808.0
5000010869,20250830,2,1448,1,,1,15000.0,300.0,14700.0
5000011245,20250830,1,1295,2,4.0,3,12000.0,0.0,36000.0
5000011246,20250830,2,1295,2,4.0,3,16500.0,990.0,48510.0
5000012760,20250830,2,663,2,2.0,2,15750.0,1575.0,29925.0
5000013037,20250830,2,1198,1,,2,15000.0,1500.0,28500.0
5000013038,20250830,2,1198,1,,3,15000.0,4500.0,40500.0
5000013680,20250830,1,864,1,,2,12000.0,1200.0,22800.0
5000013681,20250830,1,864,1,,3,13200.0,3960.0,35640.0
5000014331,20250830,1,812,1,,1,12600.0,252.0,12348.0
5000014842,20250830,1,1146,1,,1,13200.0,1320.0,11880.0
5000014843,20250830,1,1146,1,,1,10800.0,540.0,10260.0
5000015336,20250830,2,8,2,2.0,3,15750.0,945.0,46305.0
5000015337,20250830,1,8,2,2.0,3,13200.0,792.0,38808.0
5000015785,20250830,1,367,1,,3,10800.0,1620.0,30780.0
5000015786,20250830,2,367,1,,2,15000.0,0.0,30000.0
5000015978,20250830,2,412,2,2.0,3,13500.0,0.0,40500.0
5000001396,20250831,1,1394,1,,3,10800.0,3240.0,29160.0
5000001397,20250831,1,1394,1,,1,12000.0,600.0,11400.0
5000001625,20250831,1,460,2,4.0,2,12000.0,480.0,23520.0
5000002004,20250831,1,1162,1,,3,12000.0,0.0,36000.0
5000002866,20250831,1,974,1,,2,12000.0,1200.0,22800.0
5000003172,20250831,2,1092,1,,2,13500.0,2700.0,24300.0
5000003173,20250831,2,1092,1,,2,15000.0,3000.0,27000.0
5000003322,20250831,1,666,2,1.0,1,12000.0,600.0,11400.0
5000003576,20250831,1,904,1,,3,12000.0,3600.0,32400.0
5000003577,20250831,1,904,1,,1,12600.0,0.0,12600.0
5000003578,20250831,1,904,1,,2,12000.0,480.0,23520.0
5000003606,20250831,2,1182,1,,1,15750.0,0.0,15750.0
5000004510,20250831,2,1380,1,,1,15750.0,0.0,15750.0
5000004987,20250831,1,439,2,3.0,2,12000.0,1200.0,22800.0
5000006335,20250831,1,270,2,3.0,1,12000.0,1200.0,10800.0
5000006387,20250831,1,1183,2,1.0,2,13200.0,1320.0,25080.0
5000006545,20250831,1,395,1,,1,12600.0,0.0,12600.0
5000006546,20250831,2,395,1,,1,15000.0,300.0,14700.0
5000007692,20250831,1,1297,1,,3,12000.0,0.0,36000.0
5000007831,20250831,1,418,2,4.0,2,12600.0,2520.0,22680.0
5000007832,20250831,1,418,2,4.0,3,13200.0,0.0,39600.0
5000010309,20250831,2,1254,2,3.0,3,15000.0,4500.0,40500.0
5000012708,20250831,1,305,1,,2,12000.0,2400.0,21600.0
5000014290,20250831,2,1070,1,,3,15000.0,4500.0,40500.0
5000014500,20250831,1,476,2,1.0,1,12000.0,240.0,11760.0
5000016040,20250831,1,643,1,,1,12000.0,240.0,11760.0
5000001287,20250901,2,635,2,1.0,1,15000.0,750.0,14250.0
5000001288,20250901,2,635,2,1.0,1,15750.0,0.0,15750.0
5000003687,20250901,1,578,2,1.0,2,12000.0,0.0,24000.0
5000004134,20250901,1,1399,2,2.0,2,12000.0,480.0,23520.0
5000004322,20250901,2,1336,2,3.0,3,15000.0,0.0,45000.0
5000004323,20250901,1,1336,2,3.0,2,12000.0,0.0,24000.0
5000006019,20250901,1,254,1,,3,12000.0,720.0,35280.0
5000006020,20250901,1,254,1,,3,12000.0,0.0,36000.0
5000006206,20250901,1,1382,1,,3,13200.0,3960.0,35640.0
5000006207,20250901,1,1382,1,,3,12600.0,1890.0,35910.0
5000006208,20250901,2,1382,1,,1,15750.0,787.5,14962.5
5000007312,20250901,1,67,2,1.0,3,12600.0,1890.0,35910.0
5000008917,20250901,2,814,1,,2,15750.0,630.0,30870.0
5000008918,20250901,1,814,1,,2,12600.0,0.0,25200.0
5000010330,20250901,2,793,2,2.0,2,13500.0,2700.0,24300.0
5000010856,20250901,1,279,2,4.0,3,12600.0,0.0,37800.0
5000012177,20250901,1,145,1,,2,13200.0,528.0,25872.0
5000012640,20250901,1,1496,2,1.0,3,12000.0,1800.0,34200.0
5000015747,20250901,1,1429,2,4.0,3,12600.0,0.0,37800.0
5000000066,20250902,2,562,1,,2,15000.0,600.0,29400.0
5000000067,20250902,2,562,1,,3,15000.0,900.0,44100.0
5000000860,20250902,2,1489,1,,2,15000.0,600.0,29400.0
5000000861,20250902,2,1489,1,,2,13500.0,0.0,27000.0
5000000862,20250902,1,1489,1,,3,12600.0,1890.0,35910.0
5000001051,20250902,1,1493,2,4.0,1,12000.0,600.0,11400.0
5000001616,20250902,1,932,2,3.0,3,12000.0,720.0,35280.0
5000001617,20250902,1,541,1,,3,12000.0,1800.0,34200.0
5000001618,20250902,2,541,1,,1,15000.0,300.0,14700.0
5000002427,20250902,1,1065,1,,2,10800.0,1080.0,20520.0
5000002428,20250902,2,1065,1,,2,15750.0,3150.0,28350.0
5000003731,20250902,2,1361,2,1.0,1,16500.0,330.0,16170.0
5000003838,20250902,2,612,1,,3,15000.0,4500.0,40500.0
5000003839,20250902,1,612,1,,2,13200.0,2640.0,23760.0
5000004293,20250902,1,228,1,,3,10800.0,1620.0,30780.0
5000004641,20250902,2,1139,1,,2,15000.0,3000.0,27000.0
5000004716,20250902,2,105,1,,2,16500.0,1650.0,31350.0
5000005206,20250902,1,615,1,,1,12000.0,600.0,11400.0
5000005207,20250902,1,615,1,,1,12600.0,0.0,12600.0
5000005208,20250902,1,615,1,,2,12000.0,1200.0,22800.0
5000005569,20250902,1,670,1,,2,12600.0,0.0,25200.0
5000005570,20250902,1,670,1,,1,12000.0,600.0,11400.0
5000006189,20250902,2,639,2,2.0,3,15000.0,2250.0,42750.0
5000007361,20250902,2,826,2,4.0,1,13500.0,675.0,12825.0
5000007362,20250902,2,826,2,4.0,1,15000.0,0.0,15000.0
5000007729,20250902,1,1451,1,,1,10800.0,0.0,10800.0
5000008584,20250902,2,877,2,4.0,1,13500.0,1350.0,12150.0
5000009770,20250902,1,1192,2,3.0,3,12000.0,720.0,35280.0
5000009771,20250902,2,1192,2,3.0,2,15000.0,0.0,30000.0
5000009915,20250902,2,1304,2,2.0,3,15000.0,900.0,44100.0
5000009916,20250902,2,1304,2,2.0,3,15000.0,4500.0,40500.0
5000009917,20250902,2,1304,2,2.0,1,15000.0,300.0,14700.0
5000011269,20250902,1,1409,2,1.0,1,10800.0,0.0,10800.0
5000014806,20250902,2,693,2,4.0,1,15000.0,0.0,15000.0
5000015394,20250902,2,807,1,,2,16500.0,0.0,33000.0
5000000548,20250903,1,918,2,2.0,3,12000.0,3600.0,32400.0
5000003773,20250903,1,1083,2,2.0,3,12000.0,0.0,36000.0
5000004728,20250903,1,1329,1,,1,12000.0,0.0,12000.0
5000005821,20250903,1,99,1,,3,12000.0,720.0,35280.0
5000007932,20250903,1,689,1,,1,12000.0,600.0,11400.0
5000007933,20250903,2,689,1,,2,16500.0,3300.0,29700.0
5000008086,20250903,2,1090,2,2.0,2,15000.0,0.0,30000.0
5000008864,20250903,2,1480,1,,3,15000.0,0.0,45000.0
5000009136,20250903,1,1311,1,,1,12000.0,600.0,11400.0
5000009944,20250903,1,882,2,4.0,2,12000.0,0.0,24000.0
5000012754,20250903,1,1182,1,,1,12600.0,0.0,12600.0
5000013593,20250903,1,731,1,,1,12000.0,0.0,12000.0
5000013594,20250903,2,731,1,,2,13500.0,0.0,27000.0
5000013595,20250903,1,731,1,,2,12600.0,2520.0,22680.0
5000013705,20250903,1,1406,1,,3,12600.0,756.0,37044.0
5000014369,20250903,2,1400,2,1.0,2,15000.0,0.0,30000.0
5000015952,20250903,2,954,2,3.0,3,15000.0,0.0,45000.0
5000000346,20250904,1,846,1,,2,13200.0,528.0,25872.0
5000001330,20250904,2,252,2,1.0,1,15000.0,750.0,14250.0
5000001331,20250904,1,252,2,1.0,2,12600.0,504.0,24696.0
5000002268,20250904,2,210,1,,2,15000.0,600.0,29400.0
5000003759,20250904,2,1071,1,,1,15000.0,1500.0,13500.0
5000004101,20250904,1,940,1,,1,13200.0,0.0,13200.0
5000007004,20250904,2,1171,1,,3,15000.0,2250.0,42750.0
5000007005,20250904,1,1171,1,,1,13200.0,1320.0,11880.0
5000007528,20250904,1,347,1,,2,10800.0,2160.0,19440.0
5000008622,20250904,1,389,2,4.0,1,10800.0,0.0,10800.0
5000009410,20250904,1,1065,1,,1,12000.0,1200.0,10800.0
5000010449,20250904,1,863,1,,1,10800.0,0.0,10800.0
5000010531,20250904,1,885,1,,1,13200.0,660.0,12540.0
5000011027,20250904,1,478,2,1.0,1,12000.0,0.0,12000.0
5000011723,20250904,2,441,1,,3,15000.0,4500.0,40500.0
5000011857,20250904,1,56,1,,2,12000.0,2400.0,21600.0
5000011858,20250904,2,56,1,,1,15000.0,1500.0,13500.0
5000013420,20250904,1,995,1,,1,12600.0,630.0,11970.0
5000013590,20250904,2,424,1,,2,15000.0,600.0,29400.0
5000013591,20250904,2,424,1,,1,15750.0,1575.0,14175.0
5000013813,20250904,1,599,1,,3,12000.0,720.0,35280.0
5000014558,20250904,2,712,1,,1,13500.0,270.0,13230.0
5000014688,20250904,1,1164,2,2.0,1,10800.0,0.0,10800.0
5000014689,20250904,2,1164,2,2.0,2,16500.0,0.0,33000.0
5000015979,20250904,2,574,1,,3,15000.0,2250.0,42750.0
5000000505,20250905,2,1096,1,,3,13500.0,810.0,39690.0
5000001308,20250905,1,435,2,2.0,2,10800.0,1080.0,20520.0
5000001383,20250905,1,642,1,,3,10800.0,1620.0,30780.0
5000002006,20250905,2,633,2,1.0,3,15750.0,4725.0,42525.0
5000006609,20250905,2,112,2,3.0,1,15000.0,300.0,14700.0
5000007173,20250905,1,435,2,2.0,1,10800.0,0.0,10800.0
5000007174,20250905,1,435,2,2.0,3,12000.0,3600.0,32400.0
5000007597,20250905,2,542,1,,1,15000.0,750.0,14250.0
5000007598,20250905,2,542,1,,1,15750.0,0.0,15750.0
5000007734,20250905,1,1336,1,,2,12000.0,0.0,24000.0
5000008581,20250905,2,1306,1,,2,15000.0,600.0,29400.0
5000008582,20250905,2,1306,1,,3,15000.0,4500.0,40500.0
5000009607,20250905,1,390,1,,3,12000.0,3600.0,32400.0
5000009832,20250905,1,160,1,,3,12000.0,0.0,36000.0
5000011524,20250905,2,420,1,,2,15000.0,0.0,30000.0
5000011613,20250905,2,1419,2,3.0,1,13500.0,675.0,12825.0
5000013717,20250905,1,601,2,4.0,2,12600.0,1260.0,23940.0
5000013852,20250905,2,921,2,4.0,1,15000.0,1500.0,13500.0
5000013853,20250905,1,921,2,4.0,2,12000.0,2400.0,21600.0
5000014222,20250905,1,905,2,3.0,1,12000.0,0.0,12000.0
5000015171,20250905,2,509,1,,1,15750.0,0.0,15750.0
5000000576,20250906,1,3,1,,3,12600.0,3780.0,34020.0
5000003200,20250906,2,1288,1,,2,15000.0,3000.0,27000.0
5000003296,20250906,1,1404,2,4.0,1,12000.0,600.0,11400.0
5000003297,20250906,2,1404,2,4.0,2,15000.0,0.0,30000.0
5000003605,20250906,2,172,1,,1,15750.0,315.0,15435.0
5000003835,20250906,1,1131,1,,1,12000.0,600.0,11400.0
5000004095,20250906,1,726,2,1.0,2,12600.0,1260.0,23940.0
5000005212,20250906,2,1438,2,2.0,3,15000.0,0.0,45000.0
5000005213,20250906,1,1438,2,2.0,2,10800.0,432.0,21168.0
5000005534,20250906,2,876,1,,3,15000.0,4500.0,40500.0
5000007983,20250906,1,1473,1,,3,12000.0,0.0,36000.0
5000009609,20250906,2,751,1,,3,15750.0,2362.5,44887.5
5000010361,20250906,1,212,1,,2,12600.0,2520.0,22680.0
5000012822,20250906,2,1495,1,,3,16500.0,990.0,48510.0
5000012823,20250906,2,1495,1,,1,15000.0,0.0,15000.0
5000012978,20250906,1,1022,1,,1,10800.0,216.0,10584.0
5000012979,20250906,1,1022,1,,1,12000.0,1200.0,10800.0
5000013062,20250906,1,812,1,,1,12000.0,0.0,12000.0
5000013063,20250906,1,812,1,,3,12000.0,3600.0,32400.0
5000014985,20250906,1,897,1,,2,13200.0,1320.0,25080.0
5000014986,20250906,1,897,1,,3,13200.0,792.0,38808.0
5000015748,20250906,2,693,1,,1,13500.0,270.0,13230.0
5000002289,20250907,2,975,1,,2,13500.0,540.0,26460.0
5000002290,20250907,1,975,1,,2,12000.0,480.0,23520.0
5000002291,20250907,2,975,1,,2,15000.0,0.0,30000.0
5000003649,20250907,2,529,1,,1,13500.0,675.0,12825.0
5000003650,20250907,2,529,1,,1,15000.0,0.0,15000.0
5000003651,20250907,2,529,1,,2,16500.0,0.0,33000.0
5000005546,20250907,2,816,1,,2,15000.0,600.0,29400.0
5000005547,20250907,1,816,1,,1,12000.0,0.0,12000.0
5000005948,20250907,2,302,1,,2,15000.0,0.0,30000.0
5000006530,20250907,1,638,1,,2,12000.0,1200.0,22800.0
5000006531,20250907,2,638,1,,3,13500.0,810.0,39690.0
5000007010,20250907,1,265,1,,3,12000.0,3600.0,32400.0
5000007266,20250907,2,756,1,,3,15000.0,900.0,44100.0
5000007929,20250907,1,951,1,,1,12000.0,0.0,12000.0
5000009779,20250907,1,1130,2,4.0,1,12000.0,1200.0,10800.0
5000009863,20250907,1,1162,1,,3,12000.0,1800.0,34200.0
5000010350,20250907,1,396,2,1.0,2,12000.0,2400.0,21600.0
5000010421,20250907,2,1428,2,4.0,3,15000.0,4500.0,40500.0
5000010532,20250907,2,728,2,1.0,1,15000.0,750.0,14250.0
5000010889,20250907,1,473,2,1.0,2,12000.0,1200.0,22800.0
5000011002,20250907,1,674,2,4.0,1,12000.0,240.0,11760.0
5000011003,20250907,2,674,2,4.0,3,13500.0,810.0,39690.0
5000013148,20250907,1,890,1,,3,12000.0,1800.0,34200.0
5000015990,20250907,1,283,1,,2,10800.0,2160.0,19440.0
5000001259,20250908,2,58,2,1.0,3,15000.0,2250.0,42750.0
5000001407,20250908,1,248,1,,2,12000.0,2400.0,21600.0
5000002522,20250908,1,301,2,1.0,1,12600.0,1260.0,11340.0
5000002523,20250908,1,301,2,1.0,1,12000.0,240.0,11760.0
5000002642,20250908,2,952,2,4.0,3,15750.0,945.0,46305.0
5000002643,20250908,1,952,2,4.0,3,12000.0,1800.0,34200.0
5000006541,20250908,2,1251,2,3.0,1,15000.0,1500.0,13500.0
5000006542,20250908,2,1251,2,3.0,2,15000.0,3000.0,27000.0
5000007051,20250908,2,685,1,,3,13500.0,810.0,39690.0
5000008963,20250908,1,649,1,,3,10800.0,1620.0,30780.0
5000009388,20250908,1,487,2,2.0,1,13200.0,0.0,13200.0
5000010109,20250908,2,244,1,,3,15000.0,4500.0,40500.0
5000010356,20250908,2,359,1,,1,15000.0,1500.0,13500.0
5000010357,20250908,2,359,1,,1,15000.0,300.0,14700.0
5000010630,20250908,2,1373,2,3.0,3,13500.0,2025.0,38475.0
5000010740,20250908,2,516,2,2.0,2,15000.0,600.0,29400.0
5000010741,20250908,2,516,2,2.0,3,13500.0,0.0,40500.0
5000012947,20250908,2,1010,1,,2,15000.0,3000.0,27000.0
5000012948,20250908,1,1010,1,,1,12600.0,0.0,12600.0
5000013797,20250908,2,1085,2,4.0,2,15750.0,630.0,30870.0
5000013931,20250908,1,672,1,,3,12600.0,0.0,37800.0
5000014202,20250908,1,68,1,,2,12000.0,0.0,24000.0
5000014379,20250908,2,1188,2,3.0,1,13500.0,675.0,12825.0
5000014424,20250908,2,1059,1,,3,16500.0,990.0,48510.0
5000014432,20250908,1,1415,2,3.0,1,12000.0,0.0,12000.0
5000014629,20250908,1,578,1,,3,12000.0,1800.0,34200.0
5000014630,20250908,2,578,1,,3,13500.0,810.0,39690.0
5000014852,20250908,2,831,2,2.0,2,15750.0,1575.0,29925.0
5000015426,20250908,1,1393,1,,2,13200.0,528.0,25872.0
5000015473,20250908,2,430,1,,3,15000.0,4500.0,40500.0
5000016002,20250908,1,152,1,,1,12000.0,240.0,11760.0
5000001269,20250909,2,509,1,,1,15750.0,315.0,15435.0
5000001725,20250909,2,696,1,,2,15000.0,3000.0,27000.0
5000002854,20250909,1,146,1,,3,12000.0,1800.0,34200.0
5000002855,20250909,2,146,1,,2,15000.0,0.0,30000.0
5000003630,20250909,2,260,2,3.0,2,16500.0,660.0,32340.0
5000003638,20250909,2,1313,2,3.0,3,16500.0,4950.0,44550.0
5000004979,20250909,1,995,2,3.0,1,12000.0,0.0,12000.0
5000005414,20250909,2,1394,1,,3,15000.0,4500.0,40500.0
5000005415,20250909,2,1394,1,,3,16500.0,0.0,49500.0
5000006750,20250909,2,913,1,,1,15750.0,315.0,15435.0
5000007668,20250909,1,319,2,1.0,2,12000.0,480.0,23520.0
5000009483,20250909,1,1265,2,1.0,2,12600.0,1260.0,23940.0
5000010202,20250909,1,1243,2,4.0,3,12000.0,0.0,36000.0
5000010203,20250909,1,1243,2,4.0,2,12000.0,1200.0,22800.0
5000011135,20250909,1,103,1,,3,13200.0,3960.0,35640.0
5000011136,20250909,1,103,1,,1,12000.0,240.0,11760.0
5000011521,20250909,1,1238,1,,3,12000.0,720.0,35280.0
5000012242,20250909,1,490,2,2.0,2,12000.0,480.0,23520.0
5000012579,20250909,2,1025,2,1.0,2,15750.0,1575.0,29925.0
5000012750,20250909,1,521,2,3.0,2,10800.0,1080.0,20520.0
5000013557,20250909,1,681,2,1.0,1,12000.0,240.0,11760.0
5000013890,20250909,1,476,2,4.0,3,12000.0,1800.0,34200.0
5000013891,20250909,1,476,2,4.0,1,12000.0,1200.0,10800.0
5000014082,20250909,1,204,1,,1,12000.0,240.0,11760.0
5000014796,20250909,1,86,1,,2,12600.0,1260.0,23940.0
5000014797,20250909,2,86,1,,3,16500.0,4950.0,44550.0
5000015431,20250909,2,1242,2,2.0,1,15000.0,750.0,14250.0
5000015432,20250909,1,1242,2,2.0,1,10800.0,540.0,10260.0
5000002075,20250910,1,1493,2,4.0,3,12000.0,720.0,35280.0
5000002585,20250910,1,729,2,1.0,1,12600.0,252.0,12348.0
5000002997,20250910,1,568,2,2.0,1,12000.0,240.0,11760.0
5000003235,20250910,1,866,1,,1,12600.0,252.0,12348.0
5000003236,20250910,2,866,1,,1,15000.0,0.0,15000.0
5000004150,20250910,2,1358,2,3.0,1,13500.0,270.0,13230.0
5000004151,20250910,2,1358,2,3.0,3,15000.0,2250.0,42750.0
5000004152,20250910,2,1358,2,3.0,1,15750.0,315.0,15435.0
5000005103,20250910,2,668,1,,3,15000.0,0.0,45000.0
5000005692,20250910,2,440,1,,3,15000.0,0.0,45000.0
5000009064,20250910,2,1128,2,2.0,1,15000.0,750.0,14250.0
5000009065,20250910,1,1128,2,2.0,2,12000.0,480.0,23520.0
5000009122,20250910,2,339,1,,3,15000.0,900.0,44100.0
5000010734,20250910,1,1373,2,4.0,2,12000.0,2400.0,21600.0
5000010970,20250910,2,73,2,1.0,3,15000.0,2250.0,42750.0
5000010971,20250910,2,73,2,1.0,1,15000.0,750.0,14250.0
5000010972,20250910,2,73,2,1.0,1,15000.0,0.0,15000.0
5000013753,20250910,2,1207,1,,1,15750.0,0.0,15750.0
5000015228,20250910,2,960,1,,2,15000.0,600.0,29400.0
5000015229,20250910,2,960,1,,2,15000.0,3000.0,27000.0
5000015399,20250910,2,1462,1,,2,15000.0,600.0,29400.0
5000015742,20250910,2,889,1,,2,15000.0,600.0,29400.0
5000000936,20250911,2,949,2,2.0,3,13500.0,2025.0,38475.0
5000000995,20250911,1,903,2,3.0,3,12000.0,3600.0,32400.0
5000000996,20250911,2,903,2,3.0,3,13500.0,0.0,40500.0
5000000997,20250911,2,903,2,3.0,3,15000.0,0.0,45000.0
5000005652,20250911,2,197,1,,1,15750.0,787.5,14962.5
5000008112,20250911,2,1134,2,4.0,2,15000.0,0.0,30000.0
5000008900,20250911,1,1489,2,1.0,3,13200.0,0.0,39600.0
5000009629,20250911,1,713,1,,1,12000.0,600.0,11400.0
5000009728,20250911,2,1139,1,,1,15750.0,1575.0,14175.0
5000009729,20250911,1,1139,1,,1,12000.0,240.0,11760.0
5000010497,20250911,1,441,1,,1,12000.0,0.0,12000.0
5000010691,20250911,1,1195,1,,1,12000.0,1200.0,10800.0
5000011013,20250911,2,352,1,,2,15000.0,3000.0,27000.0
5000012270,20250911,1,1135,1,,2,10800.0,432.0,21168.0
5000012271,20250911,1,1135,1,,1,12000.0,600.0,11400.0
5000013476,20250911,2,1248,2,3.0,1,15000.0,750.0,14250.0
5000014728,20250911,1,847,1,,3,10800.0,1620.0,30780.0
5000014729,20250911,2,847,1,,2,16500.0,1650.0,31350.0
5000015902,20250911,1,1396,1,,3,12000.0,1800.0,34200.0
5000001336,20250912,2,601,2,1.0,1,15000.0,1500.0,13500.0
5000001337,20250912,2,601,2,1.0,1,15000.0,300.0,14700.0
5000001504,20250912,2,308,2,1.0,3,15750.0,0.0,47250.0
5000001753,20250912,1,550,2,4.0,2,12600.0,504.0,24696.0
5000002141,20250912,2,728,1,,3,13500.0,2025.0,38475.0
5000003157,20250912,2,805,1,,3,15000.0,4500.0,40500.0
5000003158,20250912,2,805,1,,3,16500.0,0.0,49500.0
5000003376,20250912,2,157,1,,3,15000.0,2250.0,42750.0
5000003377,20250912,1,157,1,,2,12600.0,2520.0,22680.0
5000003590,20250912,2,1308,1,,3,15000.0,4500.0,40500.0
5000003591,20250912,1,1308,1,,2,12600.0,2520.0,22680.0
5000003840,20250912,2,802,1,,1,15000.0,300.0,14700.0
5000003841,20250912,1,802,1,,3,12000.0,720.0,35280.0
5000004185,20250912,1,1109,2,4.0,2,13200.0,2640.0,23760.0
5000004186,20250912,1,1109,2,4.0,3,12000.0,1800.0,34200.0
5000004513,20250912,2,274,1,,3,15000.0,900.0,44100.0
5000005927,20250912,2,973,1,,3,15000.0,2250.0,42750.0
5000006009,20250912,1,938,1,,2,13200.0,2640.0,23760.0
5000006010,20250912,2,938,1,,1,15750.0,787.5,14962.5
5000006091,20250912,1,461,2,4.0,3,12000.0,1800.0,34200.0
5000007040,20250912,2,873,2,1.0,3,15000.0,900.0,44100.0
5000007041,20250912,2,873,2,1.0,3,16500.0,0.0,49500.0
5000007757,20250912,1,1078,1,,1,12000.0,0.0,12000.0
5000008630,20250912,2,1083,1,,1,15000.0,1500.0,13500.0
5000009537,20250912,1,31,1,,1,10800.0,0.0,10800.0
5000009997,20250912,1,247,1,,3,10800.0,1620.0,30780.0
5000010056,20250912,1,347,1,,3,12000.0,3600.0,32400.0
5000010210,20250912,2,1083,1,,1,15000.0,300.0,14700.0
5000011042,20250912,1,902,1,,3,12600.0,1890.0,35910.0
5000011748,20250912,1,1117,1,,1,12000.0,600.0,11400.0
5000012379,20250912,1,61,2,1.0,2,12000.0,480.0,23520.0
5000012380,20250912,1,61,2,1.0,2,12000.0,1200.0,22800.0
5000012517,20250912,1,112,1,,2,12000.0,2400.0,21600.0
5000013316,20250912,1,829,2,1.0,2,12000.0,480.0,23520.0
5000014063,20250912,1,897,1,,3,12000.0,3600.0,32400.0
5000014735,20250912,2,1107,1,,1,15000.0,300.0,14700.0
5000015006,20250912,2,783,2,3.0,1,15000.0,1500.0,13500.0
5000015007,20250912,1,783,2,3.0,3,12000.0,720.0,35280.0
5000015592,20250912,1,1092,1,,3,12000.0,3600.0,32400.0
5000015661,20250912,2,592,1,,1,13500.0,675.0,12825.0
5000000261,20250913,1,866,1,,1,12000.0,1200.0,10800.0
5000000262,20250913,1,866,1,,3,12000.0,1800.0,34200.0
5000001489,20250913,1,214,2,1.0,2,12000.0,480.0,23520.0
5000002872,20250913,1,247,1,,3,12000.0,720.0,35280.0
5000002981,20250913,1,529,2,1.0,2,10800.0,0.0,21600.0
5000003194,20250913,1,831,1,,3,10800.0,0.0,32400.0
5000003195,20250913,1,831,1,,2,10800.0,432.0,21168.0
5000004354,20250913,2,816,1,,2,15750.0,3150.0,28350.0
5000004355,20250913,1,816,1,,3,10800.0,0.0,32400.0
5000006248,20250913,1,250,2,4.0,2,12000.0,1200.0,22800.0
5000007165,20250913,1,724,2,1.0,3,12000.0,0.0,36000.0
5000007367,20250913,1,1123,1,,1,12000.0,0.0,12000.0
5000007431,20250913,2,882,1,,3,15000.0,4500.0,40500.0
5000007432,20250913,1,882,1,,2,12000.0,0.0,24000.0
5000009313,20250913,2,188,1,,3,13500.0,4050.0,36450.0
5000013490,20250913,1,516,1,,2,12600.0,504.0,24696.0
5000013661,20250913,2,757,1,,3,15000.0,0.0,45000.0
5000014111,20250913,1,1103,1,,1,12600.0,0.0,12600.0
5000014112,20250913,2,1103,1,,2,16500.0,0.0,33000.0
5000014418,20250913,2,1216,1,,2,15750.0,1575.0,29925.0
5000015443,20250913,2,1128,1,,1,16500.0,825.0,15675.0
5000015444,20250913,2,1128,1,,3,16500.0,4950.0,44550.0
5000000046,20250914,2,1456,1,,2,16500.0,660.0,32340.0
5000000047,20250914,1,1456,1,,3,12000.0,3600.0,32400.0
5000001281,20250914,2,1418,1,,1,15750.0,315.0,15435.0
5000001440,20250914,1,520,1,,3,12000.0,1800.0,34200.0
5000003411,20250914,1,26,1,,2,12000.0,480.0,23520.0
5000003954,20250914,1,658,2,3.0,3,12000.0,1800.0,34200.0
5000004206,20250914,1,1473,2,3.0,1,12000.0,1200.0,10800.0
5000004295,20250914,2,65,1,,3,15000.0,2250.0,42750.0
5000004296,20250914,2,65,1,,2,13500.0,1350.0,25650.0
5000005145,20250914,1,927,1,,1,12000.0,0.0,12000.0
5000005545,20250914,2,1172,2,2.0,2,16500.0,3300.0,29700.0
5000005877,20250914,2,358,1,,1,15000.0,0.0,15000.0
5000006588,20250914,1,1359,2,2.0,2,12600.0,504.0,24696.0
5000007193,20250914,2,596,2,3.0,2,15750.0,630.0,30870.0
5000007194,20250914,2,596,2,3.0,2,15000.0,3000.0,27000.0
5000008787,20250914,2,16,1,,2,15750.0,630.0,30870.0
5000009314,20250914,1,184,2,2.0,2,12000.0,2400.0,21600.0
5000010458,20250914,2,549,2,3.0,2,15750.0,3150.0,28350.0
5000010573,20250914,1,882,2,3.0,1,10800.0,0.0,10800.0
5000010574,20250914,1,882,2,3.0,1,10800.0,1080.0,9720.0
5000010575,20250914,2,882,2,3.0,1,15000.0,1500.0,13500.0
5000014622,20250914,2,1124,1,,3,16500.0,2475.0,47025.0
5000014947,20250914,2,80,1,,2,15000.0,3000.0,27000.0
5000014948,20250914,2,80,1,,3,15750.0,2362.5,44887.5
5000014949,20250914,2,80,1,,1,15000.0,0.0,15000.0
5000015870,20250914,2,99,2,1.0,3,15000.0,0.0,45000.0
5000000868,20250915,1,1017,1,,3,10800.0,1620.0,30780.0
5000001191,20250915,1,210,2,2.0,1,13200.0,264.0,12936.0
5000001192,20250915,1,210,2,2.0,3,12000.0,0.0,36000.0
5000001686,20250915,2,197,2,1.0,3,15000.0,4500.0,40500.0
5000001687,20250915,2,197,2,1.0,3,15000.0,0.0,45000.0
5000001688,20250915,2,197,2,1.0,3,15000.0,900.0,44100.0
5000001750,20250915,2,9,2,2.0,3,15000.0,0.0,45000.0
5000002519,20250915,2,656,1,,2,13500.0,0.0,27000.0
5000002908,20250915,2,873,1,,3,15000.0,4500.0,40500.0
5000003176,20250915,1,437,2,4.0,3,12000.0,0.0,36000.0
5000003472,20250915,1,1230,1,,3,12000.0,3600.0,32400.0
5000003473,20250915,1,1230,1,,2,12000.0,2400.0,21600.0
5000003725,20250915,1,1048,1,,2,13200.0,1320.0,25080.0
5000004087,20250915,1,652,1,,1,12600.0,252.0,12348.0
5000004393,20250915,2,1153,2,3.0,3,15000.0,0.0,45000.0
5000004441,20250915,1,210,1,,2,12000.0,2400.0,21600.0
5000004498,20250915,1,911,1,,1,12000.0,240.0,11760.0
5000004499,20250915,2,911,1,,2,15000.0,0.0,30000.0
5000005123,20250915,1,1343,1,,2,13200.0,2640.0,23760.0
5000005422,20250915,2,801,1,,3,16500.0,4950.0,44550.0
5000007813,20250915,1,954,1,,1,10800.0,0.0,10800.0
5000008179,20250915,1,275,1,,3,12000.0,3600.0,32400.0
5000008180,20250915,2,275,1,,3,13500.0,2025.0,38475.0
5000009198,20250915,2,492,1,,1,15000.0,1500.0,13500.0
5000009199,20250915,1,492,1,,3,12000.0,0.0,36000.0
5000011945,20250915,1,1489,2,3.0,2,12000.0,480.0,23520.0
5000011946,20250915,1,1489,2,3.0,1,12000.0,600.0,11400.0
5000012691,20250915,1,474,2,1.0,3,12600.0,1890.0,35910.0
5000012692,20250915,2,474,2,1.0,1,15000.0,300.0,14700.0
5000012811,20250915,2,987,1,,2,13500.0,0.0,27000.0
5000014169,20250915,1,436,2,2.0,1,12000.0,0.0,12000.0
5000000111,20250916,1,1189,1,,1,10800.0,0.0,10800.0
5000000112,20250916,1,1189,1,,2,12000.0,2400.0,21600.0
5000000256,20250916,2,788,1,,3,15000.0,4500.0,40500.0
5000000257,20250916,1,788,1,,1,12000.0,1200.0,10800.0
5000000258,20250916,1,788,1,,3,12600.0,756.0,37044.0
5000000682,20250916,1,396,1,,1,12000.0,240.0,11760.0
5000000916,20250916,1,326,1,,3,12000.0,720.0,35280.0
5000000917,20250916,1,326,1,,2,12000.0,0.0,24000.0
5000000918,20250916,1,326,1,,1,13200.0,0.0,13200.0
5000003980,20250916,2,747,2,1.0,3,16500.0,4950.0,44550.0
5000004571,20250916,1,43,2,1.0,3,12000.0,3600.0,32400.0
5000005364,20250916,1,358,1,,1,12000.0,1200.0,10800.0
5000006163,20250916,2,733,1,,2,15750.0,3150.0,28350.0
5000007017,20250916,1,452,2,2.0,1,10800.0,0.0,10800.0
5000007018,20250916,1,452,2,2.0,1,12000.0,1200.0,10800.0
5000008192,20250916,2,1107,1,,1,15750.0,787.5,14962.5
5000008547,20250916,2,212,2,4.0,2,15000.0,600.0,29400.0
5000008548,20250916,1,212,2,4.0,2,12000.0,0.0,24000.0
5000008753,20250916,2,10,1,,2,15000.0,1500.0,28500.0
5000008903,20250916,2,252,1,,1,15000.0,750.0,14250.0
5000009263,20250916,2,819,2,4.0,3,16500.0,4950.0,44550.0
5000010052,20250916,2,658,2,3.0,2,13500.0,0.0,27000.0
5000010392,20250916,2,189,2,2.0,2,15000.0,0.0,30000.0
5000012519,20250916,1,1246,1,,3,12000.0,720.0,35280.0
5000012520,20250916,2,1246,1,,2,15000.0,3000.0,27000.0
5000013276,20250916,1,1075,2,4.0,1,10800.0,540.0,10260.0
5000013749,20250916,1,496,1,,3,12600.0,0.0,37800.0
5000000179,20250917,1,1016,1,,3,12000.0,720.0,35280.0
5000000180,20250917,2,1016,1,,2,15000.0,3000.0,27000.0
5000000450,20250917,1,210,1,,3,12000.0,0.0,36000.0
5000000451,20250917,2,210,1,,1,15000.0,300.0,14700.0
5000002727,20250917,1,120,1,,2,12000.0,480.0,23520.0
5000003574,20250917,1,717,1,,3,12000.0,720.0,35280.0
5000003575,20250917,1,717,1,,1,12000.0,240.0,11760.0
5000004192,20250917,1,66,1,,1,13200.0,660.0,12540.0
5000004193,20250917,2,66,1,,1,13500.0,675.0,12825.0
5000004194,20250917,1,66,1,,1,12600.0,252.0,12348.0
5000005613,20250917,2,487,1,,3,15000.0,4500.0,40500.0
5000008799,20250917,1,1477,1,,2,12000.0,480.0,23520.0
5000009852,20250917,1,474,1,,3,12000.0,3600.0,32400.0
5000009962,20250917,2,874,1,,2,15000.0,0.0,30000.0
5000010759,20250917,2,340,1,,1,15750.0,1575.0,14175.0
5000011918,20250917,2,1427,1,,1,15000.0,750.0,14250.0
5000013164,20250917,2,572,2,2.0,2,15000.0,3000.0,27000.0
5000013165,20250917,1,572,2,2.0,1,12000.0,240.0,11760.0
5000015457,20250917,2,501,1,,1,15000.0,300.0,14700.0
5000015563,20250917,1,760,1,,3,12000.0,720.0,35280.0
5000015564,20250917,1,760,1,,3,12000.0,0.0,36000.0
5000015565,20250917,2,760,1,,2,15000.0,1500.0,28500.0
5000000729,20250918,2,401,1,,2,15750.0,1575.0,29925.0
5000001063,20250918,2,807,1,,3,15750.0,0.0,47250.0
5000001393,20250918,1,1047,1,,3,12000.0,0.0,36000.0
5000001394,20250918,1,1047,1,,3,12000.0,720.0,35280.0
5000002152,20250918,2,1428,1,,3,15000.0,2250.0,42750.0
5000003383,20250918,1,1133,1,,3,12000.0,720.0,35280.0
5000003477,20250918,1,1274,2,3.0,1,10800.0,540.0,10260.0
5000003546,20250918,1,87,2,1.0,2,10800.0,432.0,21168.0
5000003795,20250918,2,768,1,,1,15750.0,1575.0,14175.0
5000007283,20250918,1,1452,1,,2,12000.0,2400.0,21600.0
5000007743,20250918,1,680,1,,2,12000.0,2400.0,21600.0
5000008124,20250918,1,1072,2,4.0,2,12000.0,2400.0,21600.0
5000010011,20250918,1,1,1,,2,12000.0,480.0,23520.0
5000010012,20250918,1,1,1,,2,10800.0,0.0,21600.0
5000010453,20250918,1,737,2,1.0,1,12000.0,240.0,11760.0
5000011273,20250918,2,672,2,3.0,3,15000.0,900.0,44100.0
5000014032,20250918,1,992,1,,3,12000.0,3600.0,32400.0
5000014699,20250918,2,147,1,,2,15000.0,3000.0,27000.0
5000015775,20250918,1,655,2,3.0,3,12600.0,0.0,37800.0
5000015776,20250918,1,655,2,3.0,1,12000.0,1200.0,10800.0
5000015777,20250918,2,655,2,3.0,3,15750.0,4725.0,42525.0
5000016115,20250918,1,951,1,,3,12600.0,0.0,37800.0
5000001101,20250919,2,1092,2,3.0,3,13500.0,810.0,39690.0
5000004132,20250919,1,1177,1,,3,12000.0,0.0,36000.0
5000004419,20250919,2,63,2,2.0,1,15000.0,750.0,14250.0
5000004420,20250919,1,63,2,2.0,1,12000.0,600.0,11400.0
5000004471,20250919,2,1008,1,,3,15000.0,4500.0,40500.0
5000004702,20250919,2,1141,2,1.0,3,13500.0,2025.0,38475.0
5000004879,20250919,2,205,1,,1,15000.0,0.0,15000.0
5000004880,20250919,1,205,1,,3,12600.0,3780.0,34020.0
5000006135,20250919,1,371,1,,2,12000.0,2400.0,21600.0
5000006136,20250919,1,371,1,,2,12000.0,480.0,23520.0
5000006196,20250919,2,665,2,1.0,3,13500.0,2025.0,38475.0
5000006497,20250919,2,477,2,2.0,2,15000.0,3000.0,27000.0
5000007535,20250919,2,58,1,,3,16500.0,0.0,49500.0
5000007665,20250919,2,1090,1,,2,13500.0,0.0,27000.0
5000007836,20250919,2,1135,1,,1,16500.0,1650.0,14850.0
5000007837,20250919,1,1135,1,,3,12000.0,0.0,36000.0
5000007838,20250919,1,1135,1,,2,10800.0,432.0,21168.0
5000008110,20250919,2,1161,1,,1,15000.0,0.0,15000.0
5000008111,20250919,1,1161,1,,2,12600.0,0.0,25200.0
5000008402,20250919,1,510,1,,2,12000.0,480.0,23520.0
5000010027,20250919,1,1123,2,2.0,3,12600.0,0.0,37800.0
5000010162,20250919,1,149,2,4.0,3,10800.0,0.0,32400.0
5000010163,20250919,1,149,2,4.0,2,12000.0,2400.0,21600.0
5000012530,20250919,2,566,1,,2,15000.0,3000.0,27000.0
5000012574,20250919,1,423,2,2.0,2,12000.0,0.0,24000.0
5000013099,20250919,1,430,1,,3,12000.0,1800.0,34200.0
5000013100,20250919,1,430,1,,2,10800.0,432.0,21168.0
5000013101,20250919,2,430,1,,1,15000.0,1500.0,13500.0
5000014015,20250919,1,361,1,,1,12000.0,0.0,12000.0
5000014095,20250919,1,672,1,,1,12600.0,0.0,12600.0
5000014726,20250919,2,662,1,,2,15000.0,0.0,30000.0
5000014994,20250919,2,1459,2,4.0,2,16500.0,3300.0,29700.0
5000014995,20250919,2,1459,2,4.0,3,15000.0,4500.0,40500.0
5000001278,20250920,2,655,1,,2,15000.0,600.0,29400.0
5000003811,20250920,2,810,1,,3,15000.0,0.0,45000.0
5000005386,20250920,1,343,2,3.0,3,10800.0,0.0,32400.0
5000005387,20250920,1,343,2,3.0,1,12000.0,0.0,12000.0
5000005388,20250920,2,343,2,3.0,2,15000.0,600.0,29400.0
5000005951,20250920,2,714,1,,1,15000.0,750.0,14250.0
5000006260,20250920,1,1082,1,,3,12600.0,0.0,37800.0
5000006293,20250920,1,1229,1,,3,12600.0,1890.0,35910.0
5000006784,20250920,2,1250,2,3.0,2,13500.0,0.0,27000.0
5000007322,20250920,2,399,1,,2,15000.0,1500.0,28500.0
5000007391,20250920,2,939,1,,3,13500.0,2025.0,38475.0
5000007995,20250920,1,112,2,3.0,1,12000.0,0.0,12000.0
5000009137,20250920,1,767,1,,2,12000.0,480.0,23520.0
5000009712,20250920,2,1161,1,,2,13500.0,540.0,26460.0
5000009713,20250920,1,1161,1,,3,10800.0,1620.0,30780.0
5000011062,20250920,2,1027,1,,1,13500.0,675.0,12825.0
5000011063,20250920,1,1027,1,,3,10800.0,648.0,31752.0
5000011868,20250920,2,919,1,,3,16500.0,4950.0,44550.0
5000012087,20250920,1,917,1,,2,12000.0,2400.0,21600.0
5000013844,20250920,2,855,2,1.0,2,16500.0,0.0,33000.0
5000013845,20250920,1,855,2,1.0,3,12000.0,1800.0,34200.0
5000000116,20250921,1,670,1,,3,12000.0,1800.0,34200.0
5000000298,20250921,1,582,1,,1,12000.0,600.0,11400.0
5000001439,20250921,1,1234,1,,1,10800.0,540.0,10260.0
5000002098,20250921,1,1375,2,4.0,3,12000.0,3600.0,32400.0
5000002529,20250921,1,1160,1,,2,12000.0,1200.0,22800.0
5000003418,20250921,2,518,1,,2,13500.0,2700.0,24300.0
5000003579,20250921,1,437,1,,3,12600.0,1890.0,35910.0
5000003580,20250921,2,437,1,,2,15750.0,0.0,31500.0
5000005777,20250921,1,539,1,,1,12000.0,1200.0,10800.0
5000006022,20250921,2,107,1,,3,15000.0,900.0,44100.0
5000007158,20250921,1,504,1,,2,12000.0,0.0,24000.0
5000007159,20250921,1,504,1,,2,10800.0,1080.0,20520.0
5000008285,20250921,1,475,1,,3,13200.0,0.0,39600.0
5000008486,20250921,2,1152,1,,2,13500.0,1350.0,25650.0
5000008487,20250921,2,1152,1,,3,15750.0,945.0,46305.0
5000008488,20250921,1,1152,1,,3,12600.0,3780.0,34020.0
5000008757,20250921,1,517,2,4.0,2,12000.0,1200.0,22800.0
5000008758,20250921,1,517,2,4.0,3,10800.0,648.0,31752.0
5000010865,20250921,1,992,1,,1,13200.0,264.0,12936.0
5000010866,20250921,2,992,1,,2,15000.0,600.0,29400.0
5000012129,20250921,2,1129,2,1.0,2,15750.0,1575.0,29925.0
5000012653,20250921,2,931,1,,1,15000.0,750.0,14250.0
5000012984,20250921,1,1458,2,2.0,2,10800.0,432.0,21168.0
5000013487,20250921,1,912,2,2.0,2,12000.0,480.0,23520.0
5000015145,20250921,1,498,2,3.0,2,12000.0,0.0,24000.0
5000015146,20250921,1,498,2,3.0,3,12000.0,720.0,35280.0
5000015240,20250921,2,296,1,,3,15000.0,2250.0,42750.0
5000015241,20250921,2,296,1,,3,15750.0,2362.5,44887.5
5000015652,20250921,1,928,2,1.0,2,12000.0,480.0,23520.0
5000001313,20250922,2,866,1,,3,15000.0,900.0,44100.0
5000003966,20250922,2,173,1,,3,15750.0,0.0,47250.0
5000004842,20250922,2,1322,1,,2,15750.0,3150.0,28350.0
5000006357,20250922,1,339,1,,3,13200.0,1980.0,37620.0
5000006675,20250922,1,833,1,,3,12000.0,0.0,36000.0
5000006676,20250922,1,833,1,,3,12000.0,3600.0,32400.0
5000006842,20250922,1,1033,1,,3,12000.0,720.0,35280.0
5000009218,20250922,1,259,1,,1,12000.0,600.0,11400.0
5000009219,20250922,1,259,1,,1,12000.0,0.0,12000.0
5000009220,20250922,1,259,1,,1,12000.0,1200.0,10800.0
5000009379,20250922,2,979,1,,2,13500.0,2700.0,24300.0
5000009991,20250922,1,787,1,,1,12000.0,1200.0,10800.0
5000010351,20250922,2,1199,2,4.0,1,15000.0,750.0,14250.0
5000010631,20250922,2,88,1,,2,13500.0,2700.0,24300.0
5000012871,20250922,1,513,2,1.0,2,12600.0,1260.0,23940.0
5000013080,20250922,1,1146,2,2.0,3,12000.0,720.0,35280.0
5000013081,20250922,1,1146,2,2.0,2,12600.0,2520.0,22680.0
5000013932,20250922,1,1405,1,,2,12600.0,2520.0,22680.0
5000014186,20250922,2,1316,2,2.0,3,15000.0,900.0,44100.0
5000015657,20250922,1,318,2,2.0,3,12600.0,1890.0,35910.0
5000015658,20250922,2,318,2,2.0,2,15750.0,1575.0,29925.0
5000015688,20250922,1,848,1,,3,12000.0,720.0,35280.0
5000000035,20250923,1,1110,1,,2,12000.0,480.0,23520.0
5000003583,20250923,2,1289,1,,3,15000.0,0.0,45000.0
5000003584,20250923,2,1289,1,,2,13500.0,1350.0,25650.0
5000005313,20250923,1,1041,2,3.0,1,12000.0,240.0,11760.0
5000006253,20250923,1,703,1,,2,10800.0,1080.0,20520.0
5000007038,20250923,2,209,1,,3,15000.0,4500.0,40500.0
5000007959,20250923,2,1160,1,,2,15000.0,1500.0,28500.0
5000009177,20250923,2,1209,1,,1,16500.0,330.0,16170.0
5000009750,20250923,2,1139,1,,3,13500.0,0.0,40500.0
5000010954,20250923,1,631,2,1.0,3,12000.0,1800.0,34200.0
5000011022,20250923,2,735,1,,3,15000.0,0.0,45000.0
5000011992,20250923,2,1110,1,,3,15000.0,2250.0,42750.0
5000011993,20250923,1,1110,1,,1,12000.0,1200.0,10800.0
5000012917,20250923,2,503,2,3.0,1,15750.0,315.0,15435.0
5000013876,20250923,1,582,2,2.0,2,12000.0,2400.0,21600.0
5000013942,20250923,1,895,1,,2,12000.0,1200.0,22800.0
5000013943,20250923,1,895,1,,3,10800.0,1620.0,30780.0
5000014196,20250923,2,460,2,1.0,3,15000.0,2250.0,42750.0
5000014554,20250923,1,673,1,,2,12600.0,504.0,24696.0
5000015315,20250923,2,1237,2,2.0,3,15000.0,900.0,44100.0
5000001660,20250924,1,165,1,,3,12000.0,0.0,36000.0
5000002109,20250924,1,1419,1,,2,12000.0,0.0,24000.0
5000002110,20250924,1,1419,1,,2,10800.0,0.0,21600.0
5000002111,20250924,1,1419,1,,2,12000.0,0.0,24000.0
5000003292,20250924,1,586,2,1.0,1,13200.0,264.0,12936.0
5000003938,20250924,1,1050,1,,1,12000.0,600.0,11400.0
5000003939,20250924,1,1050,1,,3,12000.0,0.0,36000.0
5000003940,20250924,1,1050,1,,2,12000.0,1200.0,22800.0
5000004630,20250924,1,85,2,4.0,3,12600.0,1890.0,35910.0
5000004631,20250924,1,85,2,4.0,2,13200.0,2640.0,23760.0
5000004632,20250924,2,85,2,4.0,2,15000.0,600.0,29400.0
5000004707,20250924,1,603,2,3.0,1,12000.0,0.0,12000.0
5000005247,20250924,2,686,2,1.0,3,15750.0,2362.5,44887.5
5000005995,20250924,2,338,1,,3,15000.0,0.0,45000.0
5000006265,20250924,1,864,2,3.0,2,12000.0,0.0,24000.0
5000007378,20250924,2,243,2,3.0,1,15000.0,750.0,14250.0
5000008084,20250924,1,982,2,3.0,3,12000.0,1800.0,34200.0
5000008085,20250924,1,982,2,3.0,3,10800.0,0.0,32400.0
5000008182,20250924,2,555,2,1.0,1,15750.0,0.0,15750.0
5000008291,20250924,1,309,1,,3,10800.0,648.0,31752.0
5000008292,20250924,1,309,1,,2,12000.0,480.0,23520.0
5000008333,20250924,2,911,2,3.0,2,15000.0,1500.0,28500.0
5000008334,20250924,2,911,2,3.0,1,15750.0,1575.0,14175.0
5000009574,20250924,1,1426,1,,3,12000.0,3600.0,32400.0
5000010905,20250924,2,1427,1,,1,15000.0,1500.0,13500.0
5000012034,20250924,1,1275,1,,3,13200.0,3960.0,35640.0
5000012280,20250924,1,1274,1,,2,12000.0,0.0,24000.0
5000012281,20250924,1,1274,1,,3,13200.0,0.0,39600.0
5000012869,20250924,2,241,1,,1,16500.0,330.0,16170.0
5000012870,20250924,1,241,1,,1,12000.0,600.0,11400.0
5000014006,20250924,1,1265,2,1.0,3,12000.0,720.0,35280.0
5000015825,20250924,2,1092,1,,3,13500.0,4050.0,36450.0
5000000136,20250925,2,247,1,,3,16500.0,990.0,48510.0
5000001320,20250925,2,596,1,,2,15000.0,600.0,29400.0
5000001321,20250925,2,596,1,,3,16500.0,2475.0,47025.0
5000002338,20250925,2,106,2,2.0,3,13500.0,810.0,39690.0
5000002339,20250925,2,106,2,2.0,2,15750.0,630.0,30870.0
5000002358,20250925,1,638,1,,3,12000.0,3600.0,32400.0
5000002359,20250925,2,638,1,,2,15000.0,3000.0,27000.0
5000004589,20250925,1,221,2,4.0,3,13200.0,0.0,39600.0
5000004590,20250925,1,221,2,4.0,3,12000.0,3600.0,32400.0
5000004591,20250925,2,221,2,4.0,2,13500.0,540.0,26460.0
5000004602,20250925,2,71,1,,3,15000.0,0.0,45000.0
5000005077,20250925,2,1086,1,,1,15000.0,300.0,14700.0
5000007100,20250925,2,326,1,,2,13500.0,2700.0,24300.0
5000008026,20250925,2,49,1,,2,15000.0,1500.0,28500.0
5000010298,20250925,1,536,2,3.0,1,12000.0,600.0,11400.0
5000011284,20250925,1,1223,1,,3,12000.0,1800.0,34200.0
5000012002,20250925,2,223,2,1.0,3,13500.0,810.0,39690.0
5000014594,20250925,1,1355,1,,1,12000.0,0.0,12000.0
5000000568,20250926,1,526,2,2.0,1,10800.0,216.0,10584.0
5000003782,20250926,2,1384,1,,2,15000.0,3000.0,27000.0
5000003783,20250926,2,1384,1,,3,15000.0,900.0,44100.0
5000003784,20250926,1,1384,1,,3,13200.0,3960.0,35640.0
5000008649,20250926,1,212,2,2.0,1,12000.0,1200.0,10800.0
5000010266,20250926,2,1337,2,1.0,1,15000.0,0.0,15000.0
5000010272,20250926,2,3,1,,2,15000.0,3000.0,27000.0
5000012677,20250926,1,47,1,,2,12000.0,480.0,23520.0
5000012678,20250926,1,47,1,,3,12000.0,720.0,35280.0
5000012987,20250926,1,525,1,,3,12000.0,1800.0,34200.0
5000012988,20250926,1,525,1,,1,12000.0,1200.0,10800.0
5000014293,20250926,2,1178,1,,3,15750.0,945.0,46305.0
5000014394,20250926,2,292,2,3.0,1,15000.0,0.0,15000.0
5000014395,20250926,1,292,2,3.0,2,12000.0,0.0,24000.0
5000014896,20250926,2,27,2,1.0,2,15750.0,0.0,31500.0
5000000330,20250927,1,548,1,,3,12000.0,0.0,36000.0
5000000331,20250927,2,548,1,,2,13500.0,1350.0,25650.0
5000000611,20250927,2,1229,1,,1,13500.0,675.0,12825.0
5000000656,20250927,2,913,2,3.0,1,15000.0,0.0,15000.0
5000000657,20250927,2,913,2,3.0,1,15750.0,315.0,15435.0
5000001746,20250927,1,1266,2,2.0,1,12000.0,1200.0,10800.0
5000003275,20250927,1,281,1,,3,12000.0,1800.0,34200.0
5000003541,20250927,2,49,1,,2,15000.0,0.0,30000.0
5000003542,20250927,2,49,1,,3,15750.0,0.0,47250.0
5000003945,20250927,2,489,1,,2,16500.0,3300.0,29700.0
5000004500,20250927,2,184,2,1.0,2,15000.0,600.0,29400.0
5000005367,20250927,2,1067,1,,2,16500.0,1650.0,31350.0
5000005368,20250927,2,1067,1,,3,15000.0,4500.0,40500.0
5000006219,20250927,1,688,1,,1,12000.0,600.0,11400.0
5000006979,20250927,2,1007,1,,1,15000.0,1500.0,13500.0
5000006980,20250927,2,1007,1,,2,13500.0,2700.0,24300.0
5000007261,20250927,2,838,2,3.0,3,15000.0,2250.0,42750.0
5000007262,20250927,1,838,2,3.0,1,12000.0,1200.0,10800.0
5000007309,20250927,1,67,1,,1,12000.0,0.0,12000.0
5000007456,20250927,1,204,2,4.0,3,12600.0,3780.0,34020.0
5000009611,20250927,1,1041,2,4.0,3,12600.0,0.0,37800.0
5000009612,20250927,2,1041,2,4.0,3,15000.0,4500.0,40500.0
5000010015,20250927,1,166,1,,2,12000.0,2400.0,21600.0
5000010348,20250927,1,761,1,,1,12600.0,630.0,11970.0
5000010349,20250927,1,761,1,,1,12000.0,1200.0,10800.0
5000010443,20250927,1,658,2,3.0,2,12000.0,480.0,23520.0
5000010558,20250927,1,1238,1,,3,12000.0,0.0,36000.0
5000010699,20250927,2,406,2,2.0,1,16500.0,0.0,16500.0
5000011170,20250927,2,446,1,,1,13500.0,1350.0,12150.0
5000011542,20250927,1,580,2,4.0,1,12000.0,600.0,11400.0
5000011759,20250927,1,825,1,,1,12000.0,600.0,11400.0
5000011760,20250927,2,825,1,,1,15750.0,0.0,15750.0
5000013800,20250927,1,545,2,1.0,3,13200.0,792.0,38808.0
5000014978,20250927,1,1412,1,,3,12000.0,0.0,36000.0
5000015642,20250927,2,160,1,,3,15000.0,2250.0,42750.0
5000001013,20250928,1,1393,1,,1,12000.0,240.0,11760.0
5000001493,20250928,2,545,1,,3,15750.0,0.0,47250.0
5000001596,20250928,1,167,2,3.0,1,12600.0,1260.0,11340.0
5000001694,20250928,2,916,1,,1,15000.0,0.0,15000.0
5000001695,20250928,2,916,1,,1,15000.0,0.0,15000.0
5000001885,20250928,1,319,2,3.0,2,12000.0,480.0,23520.0
5000001886,20250928,2,319,2,3.0,2,15000.0,3000.0,27000.0
5000002353,20250928,1,634,1,,2,13200.0,0.0,26400.0
5000002921,20250928,1,234,2,4.0,1,12600.0,1260.0,11340.0
5000004677,20250928,2,1264,1,,3,13500.0,0.0,40500.0
5000005082,20250928,1,1467,1,,1,13200.0,264.0,12936.0
5000005295,20250928,2,742,1,,2,13500.0,1350.0,25650.0
5000005391,20250928,1,1449,2,2.0,2,12000.0,0.0,24000.0
5000007506,20250928,2,483,1,,1,15000.0,750.0,14250.0
5000008160,20250928,1,1132,2,4.0,2,12600.0,2520.0,22680.0
5000008422,20250928,2,675,2,2.0,3,13500.0,0.0,40500.0
5000008423,20250928,2,675,2,2.0,1,15000.0,300.0,14700.0
5000008424,20250928,1,675,2,2.0,1,12000.0,240.0,11760.0
5000009293,20250928,2,516,2,4.0,2,13500.0,1350.0,25650.0
5000009294,20250928,1,516,2,4.0,2,13200.0,2640.0,23760.0
5000009908,20250928,1,1188,2,1.0,1,12000.0,600.0,11400.0
5000011285,20250928,1,811,1,,3,10800.0,1620.0,30780.0
5000011286,20250928,2,811,1,,2,15000.0,1500.0,28500.0
5000011287,20250928,1,811,1,,1,12000.0,1200.0,10800.0
5000012865,20250928,1,1322,1,,3,12000.0,0.0,36000.0
5000013374,20250928,1,1003,1,,3,12000.0,0.0,36000.0
5000013704,20250928,2,1460,1,,3,15000.0,0.0,45000.0
5000013993,20250928,1,716,2,4.0,3,12000.0,720.0,35280.0
5000013994,20250928,1,716,2,4.0,1,12000.0,600.0,11400.0
5000014496,20250928,1,183,1,,1,12000.0,0.0,12000.0
5000015343,20250928,1,383,2,4.0,3,12000.0,720.0,35280.0
5000000732,20250929,1,295,1,,2,12000.0,0.0,24000.0
5000000733,20250929,1,295,1,,1,12000.0,1200.0,10800.0
5000001182,20250929,1,573,2,3.0,3,10800.0,648.0,31752.0
5000001257,20250929,1,640,2,4.0,1,12000.0,600.0,11400.0
5000001258,20250929,2,640,2,4.0,2,15000.0,0.0,30000.0
5000002930,20250929,2,230,2,1.0,3,15000.0,900.0,44100.0
5000002931,20250929,2,230,2,1.0,3,15000.0,0.0,45000.0
5000004378,20250929,1,604,2,4.0,2,12600.0,2520.0,22680.0
5000004379,20250929,1,604,2,4.0,1,12000.0,0.0,12000.0
5000005493,20250929,1,872,1,,2,12600.0,0.0,25200.0
5000007055,20250929,1,131,2,2.0,1,13200.0,264.0,12936.0
5000007209,20250929,1,1456,1,,3,13200.0,792.0,38808.0
5000007321,20250929,2,436,1,,3,13500.0,810.0,39690.0
5000009543,20250929,1,1412,1,,1,13200.0,660.0,12540.0
5000010596,20250929,2,828,1,,1,16500.0,1650.0,14850.0
5000011071,20250929,1,811,1,,1,12000.0,600.0,11400.0
5000011568,20250929,1,653,1,,1,12000.0,600.0,11400.0
5000011603,20250929,2,1400,2,4.0,2,15000.0,3000.0,27000.0
5000011604,20250929,1,1400,2,4.0,3,13200.0,792.0,38808.0
5000012083,20250929,2,1149,1,,2,15000.0,1500.0,28500.0
5000012084,20250929,1,1149,1,,2,12000.0,2400.0,21600.0
5000012339,20250929,1,1174,2,1.0,1,12000.0,0.0,12000.0
5000014236,20250929,2,612,1,,2,15750.0,630.0,30870.0
5000001995,20250930,2,1386,1,,2,16500.0,3300.0,29700.0
5000002638,20250930,2,1401,2,4.0,3,13500.0,810.0,39690.0
5000002993,20250930,2,462,1,,2,15000.0,0.0,30000.0
5000002994,20250930,2,462,1,,2,15000.0,1500.0,28500.0
5000004442,20250930,1,1324,2,1.0,3,12000.0,0.0,36000.0
5000004443,20250930,2,1324,2,1.0,2,15000.0,1500.0,28500.0
5000005838,20250930,2,292,1,,2,15000.0,0.0,30000.0
5000006460,20250930,1,1302,1,,3,13200.0,0.0,39600.0
5000007144,20250930,2,951,2,2.0,3,15000.0,0.0,45000.0
5000007383,20250930,2,536,1,,1,15000.0,300.0,14700.0
5000008264,20250930,2,1335,1,,3,15000.0,0.0,45000.0
5000008265,20250930,1,1335,1,,1,12000.0,240.0,11760.0
5000008266,20250930,2,1335,1,,3,16500.0,4950.0,44550.0
5000008965,20250930,1,318,1,,3,12600.0,756.0,37044.0
5000009408,20250930,1,961,1,,1,13200.0,264.0,12936.0
5000009409,20250930,2,961,1,,3,15750.0,2362.5,44887.5
5000010844,20250930,1,1148,2,2.0,1,10800.0,1080.0,9720.0
5000010845,20250930,2,1148,2,2.0,1,15000.0,750.0,14250.0
5000011480,20250930,1,1408,2,4.0,1,12000.0,240.0,11760.0
5000012541,20250930,1,118,1,,3,12000.0,720.0,35280.0
5000014128,20250930,2,885,1,,2,13500.0,540.0,26460.0
5000014129,20250930,2,885,1,,3,15000.0,0.0,45000.0
5000014638,20250930,2,341,1,,2,15000.0,0.0,30000.0
5000015906,20250930,2,176,2,1.0,1,13500.0,1350.0,12150.0
